{
"type": "FeatureCollection",
"name": "boundary",
"crs": { "type": "name", "properties": { "name": "urn:ogc:def:crs:EPSG::32735" } },
"features": [
{ "type": "Feature", "properties": { "fid": 1, "NATIONAL": "Zimbabwe", "PROVINCE": "Matabeleland North", "DISTRICT": "Hwange", "WARDNUMBER": 11, "LOCAL_AUTH": "Victoria Falls City Council", "ASSEMBLY": "Hwange West", "INTEGRITY": null, "REG_VOTERS": 2057, "PA_NAME": null, "PA_CODE": null, "MODIFIEDBY": "Desmond", "DATE": null, "WardNumb": "11", "LocalAuth": "Victoria Falls City Council" }, "geometry": { "type": "MultiPolygon", "coordinates": [ [ [ [ 378012.666869149776176, 8017179.737410619854927 ], [ 377978.325245531159453, 8017115.808094607666135 ], [ 378071.391121912107337, 8017071.258797816000879 ], [ 378202.035640416084789, 8017029.448311165906489 ], [ 378408.420528906048276, 8017028.215791647322476 ], [ 378695.123804443166591, 8017004.793136207386851 ], [ 378792.122756500029936, 8017008.25746776163578 ], [ 378856.456556975084823, 8017014.262083039619029 ], [ 379076.191126460616942, 8017009.98967276699841 ], [ 379166.261489663098473, 8017011.721804208122194 ], [ 379206.100441266258713, 8016980.543566635809839 ], [ 379140.377374378789682, 8016891.493477085605264 ], [ 378854.87525942659704, 8016751.02218244690448 ], [ 378452.916816261364147, 8016622.7810247708112 ], [ 378313.033333963365294, 8016606.875795720145106 ], [ 378119.611560773686506, 8016517.518757902085781 ], [ 378010.166159757820424, 8016430.351248737424612 ], [ 377868.034804327122401, 8016353.514211354777217 ], [ 377862.838571247644722, 8016199.355143954046071 ], [ 377795.320476739841979, 8015668.991425791755319 ], [ 377980.190511538414285, 8015576.401122832670808 ], [ 378017.192176941491198, 8015573.385656183585525 ], [ 378058.907221258268692, 8015553.588302263058722 ], [ 378138.992806018446572, 8015537.370957504957914 ], [ 378286.32519246742595, 8015511.541252978146076 ], [ 378363.314388285798486, 8015478.590832487680018 ], [ 378437.186593918362632, 8015432.250431207939982 ], [ 378482.368249482125975, 8015369.019644764252007 ], [ 378585.136017535231076, 8015306.143979645334184 ], [ 378694.157467151409946, 8015266.704681145958602 ], [ 378799.999722843058407, 8015223.902586529962718 ], [ 378890.009912716690451, 8015154.261626821011305 ], [ 379034.303213713981677, 8015101.667061630636454 ], [ 379121.051204668357968, 8015042.03288537915796 ], [ 379246.024827362620272, 8015009.373882396146655 ], [ 379374.299651333014481, 8014960.021206073462963 ], [ 379454.627050689887255, 8014903.688922291621566 ], [ 379452.021491270454135, 8014806.737469241954386 ], [ 379404.914817218203098, 8014662.716871296986938 ], [ 379316.200005250109825, 8014521.783553008921444 ], [ 379227.26077978417743, 8014417.617078527808189 ], [ 379145.02866315364372, 8014263.352083129808307 ], [ 379107.296961104613729, 8014156.156832665205002 ], [ 379066.859793584793806, 8013968.722003869712353 ], [ 379022.85450874757953, 8013841.432181861251593 ], [ 378985.288916662626434, 8013707.496572496369481 ], [ 378972.986565817845985, 8013627.198190677911043 ], [ 378960.807722389989067, 8013526.844739612191916 ], [ 378977.542842469410971, 8013406.613629932515323 ], [ 379016.546820967865642, 8013306.575097797438502 ], [ 379029.897634782013483, 8013216.406640885397792 ], [ 379075.833135553286411, 8013029.502644455060363 ], [ 379213.733546562609263, 8012973.525782229378819 ], [ 379351.571553836110979, 8012927.575404567644 ], [ 379505.607848952175118, 8012848.297184007242322 ], [ 379525.538163895893376, 8012728.085375709459186 ], [ 379510.261031340342015, 8012611.000349421054125 ], [ 379398.836234343936667, 8012523.4091417780146 ], [ 379284.090534906717949, 8012455.85260215215385 ], [ 379105.452538224111777, 8012374.532059516757727 ], [ 379000.346026705752593, 8012300.34773363173008 ], [ 379052.081281775492243, 8012210.415491132996976 ], [ 379177.263416924222838, 8012140.990444876253605 ], [ 379356.535551643464714, 8012118.693246627226472 ], [ 379468.347171854577027, 8012142.777551744133234 ], [ 379612.12584195274394, 8012170.399663407355547 ], [ 379781.576377866906114, 8012184.80720491334796 ], [ 380072.619430439779535, 8012193.270400979556143 ], [ 380261.344041955890134, 8012194.420969786122441 ], [ 380421.280097487382591, 8012195.394628012552857 ], [ 380654.624230838671792, 8012223.55357180442661 ], [ 380820.917274193663616, 8012231.247721889987588 ], [ 380971.31784807506483, 8012222.131291773170233 ], [ 381137.651293877104763, 8012223.137851966544986 ], [ 381297.688055515231099, 8012207.392035436816514 ], [ 381464.202612203138415, 8012178.313541674986482 ], [ 381525.239935029996559, 8012135.227830332703888 ], [ 381506.329781278967857, 8012088.317595301195979 ], [ 381401.21666923322482, 8012014.146570216864347 ], [ 381315.195421840879135, 8011956.803226364776492 ], [ 381238.831263439496979, 8011889.49000137951225 ], [ 381251.848057190596592, 8011852.800062514841557 ], [ 381283.915413113427348, 8011839.623394619673491 ], [ 381309.444070347351953, 8011849.805388445034623 ], [ 381354.003288555890322, 8011886.843048095703125 ], [ 381414.73749320069328, 8011893.894759751856327 ], [ 381517.134939096809831, 8011887.827206929214299 ], [ 381613.336306844197679, 8011848.295903146266937 ], [ 381664.675838231458329, 8011821.864362672902644 ], [ 381674.6340452695149, 8011761.757658613845706 ], [ 381675.217680252098944, 8011664.826007639057934 ], [ 381704.488265152263921, 8011584.7801413545385 ], [ 381749.308999047498219, 8011578.364667740650475 ], [ 381838.869962015422061, 8011578.903499935753644 ], [ 381947.58239321433939, 8011586.242128717713058 ], [ 382136.260102081520017, 8011594.059986137785017 ], [ 382222.542265154537745, 8011607.947696523740888 ], [ 382353.565157334320247, 8011628.788112634792924 ], [ 382532.627279737556819, 8011639.887061258777976 ], [ 382612.612458617193624, 8011637.02249495498836 ], [ 382670.067663373018149, 8011657.421084672212601 ], [ 382820.282826264039613, 8011678.373007452115417 ], [ 382941.770436785940547, 8011689.12483533192426 ], [ 383037.64928526210133, 8011703.06604893039912 ], [ 383133.64744089753367, 8011696.95199332665652 ], [ 383204.354653521964792, 8011640.548605678603053 ], [ 383255.989102621446364, 8011563.976242042146623 ], [ 383329.894110303663183, 8011507.591455520130694 ], [ 383483.941306307155173, 8011421.598743593320251 ], [ 383638.026704608928412, 8011328.919841893948615 ], [ 383772.761222722707316, 8011262.865992223843932 ], [ 383916.97191899974132, 8011216.922715042717755 ], [ 384048.052414739795495, 8011227.724545870907605 ], [ 384208.077275874326006, 8011211.955527926795185 ], [ 384313.510507257014979, 8011232.632134215906262 ], [ 384473.318955442402512, 8011253.627859581261873 ], [ 384569.255107426142786, 8011257.534388130530715 ], [ 384620.902757332078181, 8011177.616329483687878 ], [ 384640.68266322708223, 8011077.455590486526489 ], [ 384631.95092964154901, 8010930.331613445654511 ], [ 384648.787355688866228, 8010786.700340299867094 ], [ 384669.077292089990806, 8010599.635935257188976 ], [ 384708.302083776448853, 8010456.136070099659264 ], [ 384779.667135777242947, 8010286.084257406182587 ], [ 384860.410360084089916, 8010152.855391461402178 ], [ 384902.282713900087401, 8010102.96248329244554 ], [ 385008.199874266749248, 8010040.074518095701933 ], [ 385088.412366828299128, 8009997.09081301279366 ], [ 385155.674769639968872, 8009980.771662222221494 ], [ 385235.76945515954867, 8009957.842126183211803 ], [ 385312.724149077956099, 8009924.866204479709268 ], [ 385389.776248817448504, 8009875.177808530628681 ], [ 385441.241487796243746, 8009825.339903669431806 ], [ 385521.27666976605542, 8009812.436552103608847 ], [ 385597.996549649047665, 8009819.568968470208347 ], [ 385700.166582131292671, 8009850.247057622298598 ], [ 385914.315945221344009, 8009874.890695864334702 ], [ 386035.676348320906982, 8009905.678491570986807 ], [ 386092.993544928438496, 8009949.464344497770071 ], [ 386176.130016214738134, 8009953.289068106561899 ], [ 386284.717340155737475, 8009980.658764461055398 ], [ 386431.704106411954854, 8010004.907379180192947 ], [ 386591.213936910498887, 8010076.022926116362214 ], [ 386680.689694977365434, 8010089.909736349247396 ], [ 386837.233944310399238, 8010120.895543903112411 ], [ 386920.351914514554664, 8010128.059462177567184 ], [ 387105.624016322311945, 8010169.236164047382772 ], [ 387182.383898653555661, 8010169.677390363067389 ], [ 387281.301732893276494, 8010210.355962535366416 ], [ 387434.591883826593403, 8010251.345753280445933 ], [ 387549.597999346675351, 8010275.40255659725517 ], [ 387642.158645762945525, 8010309.35773678869009 ], [ 387773.19533910707105, 8010326.81975578609854 ], [ 387853.383130295376759, 8010287.167544821277261 ], [ 387940.348834485863335, 8010180.703039002604783 ], [ 388040.011413307045586, 8010091.023311789147556 ], [ 388219.763677455193829, 8009978.401647787541151 ], [ 388347.904293811589014, 8009942.363047869876027 ], [ 388521.009952835447621, 8009873.153714587911963 ], [ 388770.815690676157828, 8009814.405291710048914 ], [ 388882.830323531932663, 8009801.669650117866695 ], [ 388956.371309590234887, 8009805.428269783034921 ], [ 389033.072688486310653, 8009815.889580206014216 ], [ 389112.840254581067711, 8009849.765555622987449 ], [ 389167.19177008070983, 8009853.414968779310584 ], [ 389282.29139127896633, 8009860.749497214332223 ], [ 389384.541428722674027, 8009878.038505858741701 ], [ 389445.251932176528499, 8009888.408010818064213 ], [ 389553.823655335581861, 8009919.101800956763327 ], [ 389656.092993941158056, 8009933.04701467230916 ], [ 389736.068472492683213, 8009930.153846615925431 ], [ 389873.575160548731219, 8009934.268187498673797 ], [ 389972.852516406972427, 8009911.427256700582802 ], [ 390072.148373372794595, 8009885.243431030772626 ], [ 390187.603415872203186, 8009829.066957021132112 ], [ 390236.063071373908315, 8009742.432806964032352 ], [ 390246.106283477274701, 8009662.268733823671937 ], [ 390259.377493177133147, 8009574.673073250800371 ], [ 390272.738406785938423, 8009475.237130973488092 ], [ 390369.281495290109888, 8009368.81642790324986 ], [ 390558.607243604783434, 8009256.227865980006754 ], [ 390872.041966619202867, 8009245.990088446065784 ], [ 391005.633576719556004, 8009202.266201203688979 ], [ 391407.400966176996008, 8009481.3172074444592 ], [ 391556.363621530472301, 8009529.816783107817173 ], [ 391658.558960876893252, 8009541.941698944196105 ], [ 391847.36045938252937, 8009578.316306601278484 ], [ 391973.805454607412685, 8009611.226698510348797 ], [ 392074.268598409951665, 8009618.1552216373384 ], [ 392192.053111609769985, 8009637.208631885237992 ], [ 392287.319863387674559, 8009644.13715319801122 ], [ 392401.640085413644556, 8009652.79787821136415 ], [ 392638.701204182463698, 8009707.137673946097493 ], [ 392825.642401330522262, 8009756.817659962922335 ], [ 392938.55250749271363, 8009819.571501075290143 ], [ 392983.561920710082632, 8009873.077833759598434 ], [ 393059.570177549903747, 8009953.38343555200845 ], [ 393067.644839476037305, 8010030.359819838777184 ], [ 393084.020176829886623, 8010142.888552243821323 ], [ 393069.186958021018654, 8010267.083156349137425 ], [ 393014.666896975948475, 8010399.938333965837955 ], [ 392928.936879681190476, 8010544.459083283320069 ], [ 392877.16580936947139, 8010692.123639155179262 ], [ 392856.716802001814358, 8010807.410655265673995 ], [ 392906.761968996375799, 8010976.342912604101002 ], [ 392987.776477817445993, 8011177.992130162194371 ], [ 393072.107311348197982, 8011290.89078507758677 ], [ 393164.997935815365054, 8011391.999960947781801 ], [ 393255.347382004139945, 8011439.833917680196464 ], [ 393396.454937880102079, 8011526.409031873568892 ], [ 393537.531691914075054, 8011618.900836952030659 ], [ 393658.933384919306263, 8011684.654676453210413 ], [ 393811.498431400046684, 8011747.617130530998111 ], [ 393955.457984204927925, 8011831.244450041092932 ], [ 394085.101749129535165, 8011944.382719576358795 ], [ 394305.451881673594471, 8012040.254545474424958 ], [ 394503.59627556608757, 8012053.154791002161801 ], [ 394616.731095222232398, 8012077.433191043324769 ], [ 394803.660513081820682, 8012069.557764508761466 ], [ 394953.669080437102821, 8012082.195794355124235 ], [ 395055.667828788107727, 8012070.90504505764693 ], [ 395197.339518576278351, 8012053.90751744247973 ], [ 395333.269112265377771, 8012051.672965278849006 ], [ 395539.87689141696319, 8012070.525703818537295 ], [ 395616.281272017513402, 8012079.808314500376582 ], [ 395794.731003794411663, 8012068.919689237140119 ], [ 395913.62412058969494, 8012075.467517843469977 ], [ 395995.660390697885305, 8012090.696321157738566 ], [ 396120.248000755498651, 8012091.355160555802286 ], [ 396270.459980391082354, 8012065.518448758870363 ], [ 396423.425051017780788, 8012054.489515113644302 ], [ 396531.256800986302551, 8012010.674017023295164 ], [ 396712.754141466866713, 8011958.368455649353564 ], [ 396865.655808322306257, 8011959.171503653749824 ], [ 397016.175606456818059, 8011874.152682235464454 ], [ 397191.92975080065662, 8011836.60729615110904 ], [ 397336.583145397191402, 8011790.021213860251009 ], [ 397487.114844271331094, 8011702.040196794085205 ], [ 397651.43259930080967, 8011685.143375179730356 ], [ 397826.798920446599368, 8011721.562675332650542 ], [ 397900.294200783129781, 8011745.615861901082098 ], [ 398041.39195633167401, 8011838.074065210297704 ], [ 398131.309376792341936, 8011971.690489213913679 ], [ 398226.982994203688577, 8012087.582842210307717 ], [ 398353.666855968651362, 8012230.264964070171118 ], [ 398469.057036925922148, 8012366.970091513358057 ], [ 398590.325622176576871, 8012462.280484143644571 ], [ 398686.126347214158159, 8012554.499773434363306 ], [ 398788.139596587279812, 8012540.230927491560578 ], [ 398893.166852599766571, 8012490.470336734317243 ], [ 399049.663161051692441, 8012343.330511095933616 ], [ 399169.483833632897586, 8012169.371614942327142 ], [ 399303.68739814509172, 8011951.102491167373955 ], [ 399423.215753196447622, 8011833.35940894857049 ], [ 399517.289948835212272, 8011709.567728007212281 ], [ 399659.240555588621646, 8011636.321184645406902 ], [ 399868.918245078995824, 8011607.801993881352246 ], [ 400083.957207873347215, 8011638.485413970425725 ], [ 400270.667212992208079, 8011671.981620808131993 ], [ 400618.845276572043076, 8011691.498899037018418 ], [ 400857.134640782373026, 8011603.936606904491782 ], [ 400927.771323901368305, 8011633.881482881493866 ], [ 401111.799742380040698, 8011637.767433742061257 ], [ 401270.434505073004402, 8011623.77080406434834 ], [ 401442.929228382359724, 8011669.019787844270468 ], [ 401700.205212503031362, 8011747.238947074860334 ], [ 401900.861283503705636, 8011823.69259150326252 ], [ 401991.379140113363974, 8011841.897291325032711 ], [ 402160.270100192632526, 8011785.719628902152181 ], [ 402246.137985976296477, 8011731.700037786737084 ], [ 402384.165495782857761, 8011666.271980008110404 ], [ 402589.334612656908575, 8011570.063489718362689 ], [ 402686.364981296239421, 8011516.097301825881004 ], [ 402835.361662386509124, 8011489.611287573352456 ], [ 403003.176827736373525, 8011420.437344325706363 ], [ 403148.393310998741072, 8011405.597510947845876 ], [ 403256.241041827364825, 8011421.685118860565126 ], [ 403326.835227123927325, 8011445.366903879679739 ], [ 403405.006609100673813, 8011441.862332807853818 ], [ 403479.284386449842714, 8011473.339906967245042 ], [ 403564.784350224013906, 8011493.205002271570265 ], [ 403631.695743522897828, 8011509.089598060585558 ], [ 403713.455411851522513, 8011532.824786278419197 ], [ 403828.613923430850264, 8011576.168354476802051 ], [ 403873.101345095899887, 8011611.387513894587755 ], [ 403899.076200829469599, 8011627.070797673426569 ], [ 403898.847987151471898, 8011673.738326163962483 ], [ 403902.341267799783964, 8011720.424055752344429 ], [ 403853.389907307573594, 8011836.856262884102762 ], [ 403849.363894727139268, 8011899.061466496437788 ], [ 403822.969913871434983, 8011968.93525167927146 ], [ 403800.107215922791511, 8012077.716878419741988 ], [ 403837.000239854038227, 8012144.011288102716208 ], [ 403836.77182616252685, 8012190.678816672414541 ], [ 403847.594488627801184, 8012260.734712799079716 ], [ 403880.500102281745058, 8012381.456238126382232 ], [ 403946.882663858996239, 8012506.230367336422205 ], [ 404035.368877853266895, 8012677.780731754377484 ], [ 404086.942366731120273, 8012786.925780490040779 ], [ 404145.865238641214091, 8012915.551701717078686 ], [ 404204.694104905996937, 8013063.622093280777335 ], [ 404256.307496171968523, 8013164.98865401186049 ], [ 404229.250775476451963, 8013370.976331660524011 ], [ 404180.354618227516767, 8013475.742357252165675 ], [ 404194.617158072185703, 8013604.150265723466873 ], [ 404208.539077443769202, 8013802.559367462992668 ], [ 404252.653876691008918, 8013915.556308472529054 ], [ 404315.303643199091312, 8014044.199531232006848 ], [ 404441.531031995255034, 8014110.926667306572199 ], [ 404545.445955830684397, 8014173.655702784657478 ], [ 404627.198923762131017, 8014201.275385092012584 ], [ 404708.726078119594604, 8014275.562096271663904 ], [ 404849.581228698021732, 8014396.803853620775044 ], [ 404893.926741805975325, 8014463.131765858270228 ], [ 404986.227955660491716, 8014619.138955914415419 ], [ 405038.037458679580595, 8014681.613476257771254 ], [ 405101.051147067861166, 8014736.363911680877209 ], [ 405171.359615189954638, 8014822.261401897296309 ], [ 405212.041137431864627, 8014876.90383086912334 ], [ 405245.222367577429395, 8014943.177039943635464 ], [ 405289.476875204942189, 8015028.948622673749924 ], [ 405315.232917766727041, 8015091.29693553969264 ], [ 405344.300029945676215, 8015239.219819379970431 ], [ 405343.748496738262475, 8015353.943444947712123 ], [ 405276.3175721433945, 8015443.066689636558294 ], [ 405123.460688204853795, 8015492.888068679720163 ], [ 404993.255789675051346, 8015476.704154608771205 ], [ 404844.533624959702138, 8015440.984664644114673 ], [ 404669.831304216466378, 8015389.582190693356097 ], [ 404506.277765507868025, 8015342.121214004233479 ], [ 404387.184346786409151, 8015337.654085216112435 ], [ 404257.037551790010184, 8015309.798388605937362 ], [ 404126.853154542739503, 8015289.719680120237172 ], [ 404015.147621169686317, 8015296.95343563426286 ], [ 403940.531723493244499, 8015331.590960613451898 ], [ 403880.595790711580776, 8015409.079224902205169 ], [ 403772.04141733655706, 8015532.998304057866335 ], [ 403715.636367398547009, 8015649.393810349516571 ], [ 403681.108256166451611, 8015859.233181439340115 ], [ 403654.423957708990201, 8015987.440978865139186 ], [ 403594.370717851270456, 8016088.262207819148898 ], [ 403511.163262306828983, 8016356.198576411232352 ], [ 403465.521771137136966, 8016554.316062343306839 ], [ 403457.314536404213868, 8016709.837524226866663 ], [ 403457.028719165828079, 8016768.171735775656998 ], [ 403594.705608005751856, 8016780.51295864302665 ], [ 403724.785498920362443, 8016823.928332096897066 ], [ 403869.813070854346734, 8016855.748727564699948 ], [ 404029.788123798789456, 8016875.973745015449822 ], [ 404107.980707082781009, 8016872.465373798273504 ], [ 404144.922433842613827, 8016930.980596279725432 ], [ 404166.898478495771997, 8017004.979090838693082 ], [ 404244.543528747919481, 8017114.249448716640472 ], [ 404337.098857758217491, 8017219.702716859988868 ], [ 404403.766436323639937, 8017290.028730410151184 ], [ 404526.236428546602838, 8017368.402948465198278 ], [ 404600.444601652096026, 8017419.319593622349203 ], [ 404674.427461158018559, 8017516.903168130666018 ], [ 404789.32305680483114, 8017622.462142799049616 ], [ 404893.126773862750269, 8017712.410737752914429 ], [ 404971.116144901898224, 8017751.677001615986228 ], [ 405109.006246691104025, 8017721.229088628664613 ], [ 405239.805681110534351, 8017616.854785222560167 ], [ 405303.427606164885219, 8017547.158209457062185 ], [ 405433.55319990683347, 8017582.783994142897427 ], [ 405582.348469040356576, 8017606.831401805393398 ], [ 405716.08585050329566, 8017665.806752160191536 ], [ 405868.34479840612039, 8017744.314678416587412 ], [ 406042.866908312076703, 8017838.483487508259714 ], [ 406273.120827646576799, 8017956.249677256681025 ], [ 406455.166031057247892, 8018034.894411850720644 ], [ 406674.385075267637148, 8018125.380339357070625 ], [ 406849.097996731987223, 8018180.65250692050904 ], [ 407046.1301835886552, 8018239.917274875566363 ], [ 407138.796919392945711, 8018325.911772049032152 ], [ 407257.670524942572229, 8018380.917223593220115 ], [ 407376.289015081594698, 8018490.366492894478142 ], [ 407420.835240265412722, 8018517.79866443388164 ], [ 407532.538573650526814, 8018514.433701880276203 ], [ 407689.043147651827894, 8018484.054992995224893 ], [ 407823.26485846930882, 8018441.903895358555019 ], [ 407957.830890095327049, 8018325.862709260545671 ], [ 408133.200751343043521, 8018241.122687637805939 ], [ 408263.660865421639755, 8018206.729177051223814 ], [ 408435.07071794528747, 8018172.525077869184315 ], [ 408565.187111272476614, 8018212.018655544146895 ], [ 408628.185798768943641, 8018274.534479232504964 ], [ 408631.404062690853607, 8018383.440915834158659 ], [ 408664.206869917514268, 8018535.263096203096211 ], [ 408730.713838850264437, 8018644.462450549937785 ], [ 408815.889883150579408, 8018742.080927712842822 ], [ 408908.85383696493227, 8018765.844418434426188 ], [ 409050.412530100904405, 8018747.052687121555209 ], [ 409162.259672247280832, 8018712.567370952107012 ], [ 409292.702785356203094, 8018682.055854040198028 ], [ 409426.975399334332906, 8018628.227273317053914 ], [ 409561.086803568527102, 8018609.397839725017548 ], [ 409602.216252877027728, 8018570.696709727868438 ], [ 409695.607432547723874, 8018501.123041070997715 ], [ 409844.733321888372302, 8018455.137652567587793 ], [ 409971.397437219333369, 8018436.271516759879887 ], [ 410138.657569632632658, 8018495.368874750100076 ], [ 410279.894243366143201, 8018546.568437261506915 ], [ 410368.994494302896783, 8018601.419079585000873 ], [ 410532.304918609734159, 8018711.051560121588409 ], [ 410654.66560445795767, 8018820.497129444032907 ], [ 410758.448320435069036, 8018922.080005413852632 ], [ 410832.448981130495667, 8019023.527573271654546 ], [ 410928.735305203183088, 8019136.742329649627209 ], [ 411065.817258424591273, 8019285.141144441440701 ], [ 411158.540797764784656, 8019363.337952562607825 ], [ 411299.663764654891565, 8019441.751973806880414 ], [ 411373.861337262380403, 8019500.419606143608689 ], [ 411500.146429734013509, 8019567.098640870302916 ], [ 411633.948015324771404, 8019618.254600998014212 ], [ 411835.581746702373493, 8019668.275749742984772 ], [ 412141.216933617251925, 8019685.533982014283538 ], [ 412247.827266449749004, 8019714.328138684853911 ], [ 412305.510404954373371, 8019720.316335107199848 ], [ 412373.928578239865601, 8019727.418240894563496 ], [ 412445.467564464313909, 8019752.058723478578031 ], [ 412499.144680523197167, 8019765.393718155100942 ], [ 412551.080402278807014, 8019767.494929236359894 ], [ 412629.817479812307283, 8019784.682624964974821 ], [ 412697.757970432576258, 8019813.048200914636254 ], [ 412767.564262889965903, 8019824.582802667282522 ], [ 412824.799372116511222, 8019843.54568980447948 ], [ 412873.037292249209713, 8019871.823560471646488 ], [ 412928.431901171687059, 8019902.003930227831006 ], [ 412990.94189638691023, 8019943.441484999842942 ], [ 413053.452191623277031, 8019984.878739769570529 ], [ 413085.462929425528273, 8020037.40756955370307 ], [ 413131.762243315111846, 8020099.354089085012674 ], [ 413163.781681638618466, 8020150.011721698567271 ], [ 413213.803798672393896, 8020180.167590009048581 ], [ 413254.861828605586197, 8020212.154953129589558 ], [ 413281.573878976050764, 8020247.821106821298599 ], [ 413327.956497909442987, 8020291.05755449552089 ], [ 413374.372218842967413, 8020326.810113411396742 ], [ 413429.777028388751205, 8020355.117985950782895 ], [ 413472.717161153792404, 8020366.532180462963879 ], [ 413511.951991830777843, 8020405.994931850582361 ], [ 413535.074047102418263, 8020443.515981786884367 ], [ 413572.468777493340895, 8020494.196415843442082 ], [ 413602.821526040730532, 8020516.781190163455904 ], [ 413642.097859229426831, 8020546.888855610974133 ], [ 413693.872071217163466, 8020586.406010317616165 ], [ 413729.525207299331669, 8020625.852560764178634 ], [ 413759.886556366109289, 8020646.566037892363966 ], [ 413808.029770763765555, 8020697.292974793352187 ], [ 413831.226230543805286, 8020717.975050032138824 ], [ 413886.616439211647958, 8020750.02351691108197 ], [ 413915.235793940257281, 8020759.503210416063666 ], [ 413943.789944720512722, 8020783.950481447391212 ], [ 413968.810503816697747, 8020797.156468389555812 ], [ 413990.232267275219783, 8020814.088648770935833 ], [ 414013.453528556390665, 8020829.157632428221405 ], [ 414045.647477455087937, 8020840.523724060505629 ], [ 414081.350616568117402, 8020868.743891355581582 ], [ 414120.660851819848176, 8020891.366768016479909 ], [ 414163.618785670492798, 8020899.037468081340194 ], [ 414193.981034792610444, 8020919.750245190225542 ], [ 414217.137492150184698, 8020949.786706376820803 ], [ 414261.821919400186744, 8020972.432584437541664 ], [ 414297.549960024480242, 8020995.039460146799684 ], [ 414356.499861965887249, 8021032.714919496327639 ], [ 414415.498666869185399, 8021059.164395689032972 ], [ 414488.690142052364536, 8021117.482027905061841 ], [ 414535.158466183231212, 8021142.005903604440391 ], [ 414576.277199810021557, 8021160.893686315044761 ], [ 414610.287547562154941, 8021166.653686795383692 ], [ 414658.498766097938642, 8021202.410746111534536 ], [ 414704.918987312936224, 8021238.160004962235689 ], [ 414754.970406135835219, 8021262.69878157787025 ], [ 414792.498944644932635, 8021283.441560529172421 ], [ 414890.794784018595237, 8021336.25290766172111 ], [ 414924.749028376478236, 8021355.108988475054502 ], [ 414996.240411764010787, 8021392.836351027712226 ], [ 415049.955630172975361, 8021398.680456594564021 ], [ 415198.305188519298099, 8021476.028080238029361 ], [ 415305.559714673261624, 8021528.875629611313343 ], [ 415394.941569990653079, 8021572.291188333183527 ], [ 415423.46661901299376, 8021604.220048098824918 ], [ 415500.469802762847394, 8021610.162459624931216 ], [ 415554.065713944612071, 8021644.069323066622019 ], [ 415580.887670995143708, 8021655.40981319360435 ], [ 415604.151034839916974, 8021661.122110802680254 ], [ 415675.644718381226994, 8021698.846973253414035 ], [ 415747.066797581152059, 8021753.41001046821475 ], [ 415793.506119971338194, 8021785.414674839004874 ], [ 415836.362847705953754, 8021817.403838288970292 ], [ 415943.573071187187452, 8021881.473470710217953 ], [ 415982.879406218475197, 8021905.963344431482255 ], [ 416034.590214376454242, 8021962.312473753467202 ], [ 416079.27884190477198, 8021984.954051654785872 ], [ 416173.990786568494514, 8022039.614394821226597 ], [ 416270.470827157259919, 8022099.894630029797554 ], [ 416324.077338983246591, 8022131.92829620372504 ], [ 416359.841481810202822, 8022147.047482984140515 ], [ 416452.811032121651806, 8022190.47314244043082 ], [ 416517.269034226890653, 8022198.229447739198804 ], [ 416586.990721627720632, 8022232.201415208168328 ], [ 416635.279044861905277, 8022251.114899568259716 ], [ 416760.415842481481377, 8022313.384539199993014 ], [ 416857.024890915956348, 8022343.726719071157277 ], [ 416932.121770389727317, 8022377.719987855292857 ], [ 417017.95153294224292, 8022415.500053763389587 ], [ 417150.499234816408716, 8022419.798081835731864 ], [ 417214.958236991195008, 8022427.552087005227804 ], [ 417333.268665898009203, 8022409.337644947692752 ], [ 417408.63246158848051, 8022379.717208764515817 ], [ 417455.474308443488553, 8022316.300015687942505 ], [ 417527.535826503182761, 8022219.310479331761599 ], [ 417567.070975444163196, 8022189.539934072643518 ], [ 417649.86407649924513, 8022096.336694840341806 ], [ 417671.563156807329506, 8022047.78197305649519 ], [ 417757.969054350804072, 8021947.109445943497121 ], [ 417847.785536120878533, 8021887.612158115953207 ], [ 417894.516076211584732, 8021850.387025846168399 ], [ 417948.458408453734592, 8021801.966012189164758 ], [ 417966.511590262292884, 8021768.363567113876343 ], [ 417984.61137489695102, 8021723.535438852384686 ], [ 418006.293654188746586, 8021678.722211498767138 ], [ 418031.434420602105092, 8021663.858840210363269 ], [ 418035.187825626810081, 8021622.713102759793401 ], [ 418038.863625941856299, 8021600.276737289503217 ], [ 418021.276472412457224, 8021521.623050512745976 ], [ 417935.806531646347139, 8021397.784313946962357 ], [ 417932.565957731101662, 8021315.448236424475908 ], [ 417922.144793556886725, 8021236.824151515960693 ], [ 417900.867038810509257, 8021184.348624655976892 ], [ 417861.847921163134743, 8021090.637955017387867 ], [ 417854.978549776657019, 8021019.512459836900234 ], [ 417873.373652303009294, 8020903.588838336057961 ], [ 417930.911579978943337, 8020851.440931330434978 ], [ 417995.660799771547318, 8020788.096942964009941 ], [ 418121.48253898503026, 8020683.844831630587578 ], [ 418240.044983183499426, 8020602.013584786094725 ], [ 418444.878716741863173, 8020449.441366124898195 ], [ 418599.44771848822711, 8020322.853495568968356 ], [ 418700.248098531912547, 8020203.527000385336578 ], [ 418800.708757996442728, 8020166.52108152769506 ], [ 418876.215362356218975, 8020099.476801397278905 ], [ 418901.384130470920354, 8020077.12864135298878 ], [ 418976.874733861652203, 8020013.825755593366921 ], [ 419059.422120008035563, 8019976.74513223208487 ], [ 419106.283868043567054, 8019905.840550613589585 ], [ 419113.647969402489252, 8019857.225625505670905 ], [ 419117.62898818438407, 8019759.951672662049532 ], [ 419124.962287682050373, 8019718.820436323992908 ], [ 419132.249484391068108, 8019688.914783108979464 ], [ 419186.259620724478737, 8019621.781297686509788 ], [ 419236.656460536760278, 8019562.116700122132897 ], [ 419319.293252098199446, 8019502.583810512907803 ], [ 419384.125376903277356, 8019416.784355892799795 ], [ 419434.414110177778639, 8019383.312418919056654 ], [ 419506.363921438518446, 8019308.767449171282351 ], [ 419599.760697723191697, 8019245.535367812030017 ], [ 419678.751890817016829, 8019200.953954754397273 ], [ 419743.535812709305901, 8019126.378983236849308 ], [ 419758.062403221614659, 8019077.7930599860847 ], [ 419855.206584140891209, 8018973.41394145321101 ], [ 419988.277417764533311, 8018842.986571134999394 ], [ 420096.135180605982896, 8018746.133643953129649 ], [ 420289.720199922798201, 8018709.497647497802973 ], [ 420508.197970690322109, 8018717.863289362750947 ], [ 420633.616585569572635, 8018707.142536699771881 ], [ 420705.138170949066989, 8018737.365608965978026 ], [ 420816.213306393881794, 8018730.328047121874988 ], [ 420959.407186284137424, 8018753.35394793190062 ], [ 421109.870461794256698, 8018750.214389868080616 ], [ 421263.930632847419474, 8018743.346138229593635 ], [ 421410.766811024339404, 8018751.415562255308032 ], [ 421597.006130185734946, 8018759.640595654025674 ], [ 421679.334903175476938, 8018774.935392834246159 ], [ 421883.633204496989492, 8018745.810186716727912 ], [ 422005.365218476799782, 8018761.259593214839697 ], [ 422187.978240369062405, 8018780.690408518537879 ], [ 422324.20104272273602, 8018755.033980299718678 ], [ 422575.064974242995959, 8018726.085084796883166 ], [ 422772.108980905613862, 8018719.373742612078786 ], [ 422915.392266283626668, 8018719.934276388026774 ], [ 423116.134674634551629, 8018683.298779925331473 ], [ 423284.506723323254846, 8018680.212525061331689 ], [ 423402.787750647461507, 8018661.962680923752487 ], [ 423556.889224301965442, 8018643.85104511026293 ], [ 423775.409497860528063, 8018640.954901702702045 ], [ 423976.062600865261629, 8018626.76177089381963 ], [ 424133.701966508408077, 8018619.885018729604781 ], [ 424266.209266239544377, 8018627.878138145431876 ], [ 424413.245656650979072, 8018583.53943972568959 ], [ 424560.181140973290894, 8018565.392601783387363 ], [ 424700.123646375373937, 8018502.315229778178036 ], [ 424965.791885377082508, 8018346.168327434919775 ], [ 425199.388282754342072, 8018144.993785275146365 ], [ 425307.371653323294595, 8018006.953118557110429 ], [ 425407.878215740900487, 8017951.205326058901846 ], [ 425526.223146992386319, 8017914.233809395693243 ], [ 425630.479814200894907, 8017813.596385393291712 ], [ 425749.133564099320211, 8017694.303292870521545 ], [ 425882.000585615867749, 8017604.997958403080702 ], [ 425989.863848936511204, 8017496.888546482659876 ], [ 426076.136738524539396, 8017414.890790166333318 ], [ 426263.315514637622982, 8017168.627505081705749 ], [ 426457.485569594660774, 8016967.291353820823133 ], [ 426702.018262359080836, 8016706.270604288205504 ], [ 426792.019355393946171, 8016583.123011011630297 ], [ 426920.945560647698585, 8016587.343634120188653 ], [ 427003.171427570399828, 8016628.809190227650106 ], [ 427067.475320603523869, 8016673.94983668345958 ], [ 427181.950839939003345, 8016711.79210558719933 ], [ 427264.177706927410327, 8016753.25656164996326 ], [ 427353.609765664441511, 8016783.521536255255342 ], [ 427435.782129372702911, 8016839.952469663694501 ], [ 427543.054557088471483, 8016888.991719917394221 ], [ 427650.382488155330066, 8016923.062992759980261 ], [ 427714.702482169494033, 8016964.459644789807498 ], [ 427857.875861122389324, 8016991.177536779083312 ], [ 428097.893003052799031, 8016980.829106468707323 ], [ 428345.141338320041541, 8016951.794805813580751 ], [ 428581.657190515601542, 8016918.976608285680413 ], [ 428771.542308557487559, 8016904.696472199633718 ], [ 428950.560535409545992, 8016924.052182801067829 ], [ 429143.946243198937736, 8016932.232213355600834 ], [ 429312.152682193962391, 8016970.255093174055219 ], [ 429433.823992790246848, 8017000.626074191182852 ], [ 429573.444478934514336, 8017019.834875971078873 ], [ 429734.43541960028233, 8017072.795596579089761 ], [ 429856.108036255522165, 8017103.164012316614389 ], [ 429872.159308033064008, 8017121.930387512780726 ], [ 429967.029062694578897, 8017135.364288028329611 ], [ 430070.840003118501045, 8017152.571284782141447 ], [ 430106.531441732542589, 8017188.245538745075464 ], [ 430156.543358443304896, 8017225.841492941603065 ], [ 430179.738718292501289, 8017250.245761183090508 ], [ 430247.587003747874405, 8017308.484788120724261 ], [ 430310.168903673999012, 8017336.77005910128355 ], [ 430379.901292063994333, 8017368.822325938381255 ], [ 430413.868837410176639, 8017385.78060775436461 ], [ 430478.301438264548779, 8017397.23350449744612 ], [ 430574.90438677102793, 8017427.508879821747541 ], [ 430710.960079358308576, 8017442.95508604682982 ], [ 430893.625304865243379, 8017445.467321796342731 ], [ 431029.772903010481969, 8017434.718667411245406 ], [ 431228.640909461071715, 8017412.962443057447672 ], [ 431484.85593225073535, 8017380.17814751714468 ], [ 431594.347083213622682, 8017309.463377626612782 ], [ 431666.222490185115021, 8017240.488597053103149 ], [ 431738.013192046026234, 8017195.835279756225646 ], [ 431834.823953125858679, 8017166.235545072704554 ], [ 431983.705144400126301, 8017097.5258804615587 ], [ 432143.31751870008884, 8017032.593812362290919 ], [ 432243.714974709786475, 8017001.133681133389473 ], [ 432381.662170740077272, 8016986.640132208354771 ], [ 432451.595171272289008, 8016960.687086160294712 ], [ 432600.312552687828429, 8016938.745250657200813 ], [ 432732.918358677939977, 8016914.876514606177807 ], [ 432809.975746107986197, 8016900.172053003683686 ], [ 433039.369111810636241, 8016852.309073369950056 ], [ 433159.456837717792951, 8016822.782043064944446 ], [ 433370.939930227817968, 8016774.854459555819631 ], [ 433499.961841489537619, 8016750.968422472476959 ], [ 433594.913601187698077, 8016740.063158662989736 ], [ 433781.247626716853119, 8016714.497535898350179 ], [ 433867.23859947087476, 8016705.431767377071083 ], [ 434006.991793780587614, 8016685.320326612330973 ], [ 434127.076819556299597, 8016655.78749596234411 ], [ 434204.150708005239721, 8016635.465042516589165 ], [ 434274.023804954136722, 8016626.343670653179288 ], [ 434338.561712224385701, 8016605.978814664296806 ], [ 434413.819401838816702, 8016593.133049505762756 ], [ 434489.101992949377745, 8016572.803495637141168 ], [ 434580.451856839179527, 8016567.494322348386049 ], [ 434721.975347246858291, 8016552.996473153121769 ], [ 434895.745389953721315, 8016534.86233595199883 ], [ 435031.883587670279667, 8016524.08627990167588 ], [ 435205.634529240545817, 8016511.56213406380266 ], [ 435359.655798553780187, 8016508.326370102353394 ], [ 435463.485440258984454, 8016519.892173589207232 ], [ 435576.15296151174698, 8016567.033825096674263 ], [ 435644.13025484746322, 8016589.706904536113143 ], [ 435760.429073713487014, 8016621.891979299485683 ], [ 435880.242783188470639, 8016674.667723640799522 ], [ 436032.358748316415586, 8016706.967705324292183 ], [ 436182.666215075820219, 8016744.873278113082051 ], [ 436343.8399730224628, 8016745.394709435291588 ], [ 436458.446400537912268, 8016747.635528834536672 ], [ 436510.416424723167438, 8016736.577655846253037 ], [ 436600.005493160220794, 8016721.898895774967968 ], [ 436723.619910481851548, 8016707.32904224190861 ], [ 436806.045389658596832, 8016692.626280735246837 ], [ 436875.977090184285771, 8016664.786936573684216 ], [ 437076.73910046229139, 8016605.560165544040501 ], [ 437239.833463579998352, 8016564.920458944514394 ], [ 437377.832162892853376, 8016531.683336176909506 ], [ 437514.015763434581459, 8016505.923101711086929 ], [ 437671.659029890026432, 8016489.584357125684619 ], [ 437798.994350261287764, 8016430.117871725931764 ], [ 437911.996691762178671, 8016372.476380737498403 ], [ 438001.659464660682715, 8016333.469757050275803 ], [ 438134.529486755141988, 8016221.633351739495993 ], [ 438229.792265295633115, 8016109.678139335475862 ], [ 438272.905208800744731, 8016066.782512494362891 ], [ 438364.520588761020917, 8015975.395168295130134 ], [ 438445.449088351335377, 8015865.264950387179852 ], [ 438538.935070430627093, 8015747.690046171657741 ], [ 438614.448675532301422, 8015650.638707462698221 ], [ 438725.86883228860097, 8015523.764320772141218 ], [ 438810.340024150325917, 8015424.869186596013606 ], [ 438912.676586549787316, 8015339.125435926020145 ], [ 439040.238120552094188, 8015202.944966406561434 ], [ 439153.316466639284045, 8015117.233317708596587 ], [ 439226.924267504888121, 8015055.720924845896661 ], [ 439345.257598463038448, 8015007.442420404404402 ], [ 439424.132684940937907, 8014979.621777478605509 ], [ 439551.412502005347051, 8014933.24057178478688 ], [ 439680.539719781721942, 8014868.155194737948477 ], [ 439815.020728382864036, 8014808.69801012519747 ], [ 439971.022706601128448, 8014738.08024641405791 ], [ 440105.450712020159699, 8014695.459136173129082 ], [ 440239.741809205734171, 8014697.738257790915668 ], [ 440506.66331410931889, 8014659.258065787144005 ], [ 440660.549375489179511, 8014695.269739741459489 ], [ 440832.319608559831977, 8014738.817505516111851 ], [ 440987.952564622391947, 8014789.799056958407164 ], [ 441120.414362210023683, 8014805.162958046421409 ], [ 441252.926562836393714, 8014803.687984606251121 ], [ 441364.045901548466645, 8014770.343255485408008 ], [ 441511.027389265655074, 8014720.266458237543702 ], [ 441674.323264651058707, 8014602.884665908291936 ], [ 441774.824427108571399, 8014526.475500019267201 ], [ 441848.543234682001639, 8014423.794269089587033 ], [ 441918.829256572993472, 8014270.588414188474417 ], [ 442010.49063934199512, 8014154.863306342624128 ], [ 442100.448530039400794, 8014009.198443634435534 ], [ 442185.006027117080521, 8013872.871765817515552 ], [ 442237.156962239183486, 8013796.318291439674795 ], [ 442395.113147650205065, 8013663.947920861653984 ], [ 442492.014714405639097, 8013591.266548643819988 ], [ 442594.068659890152048, 8013593.435563637875021 ], [ 442674.598335542483255, 8013608.637654955498874 ], [ 442815.89141238364391, 8013663.30479715578258 ], [ 442932.199332022573799, 8013689.835077587515116 ], [ 443070.00471987889614, 8013712.685167386196554 ], [ 443129.054228366352618, 8013725.95225771702826 ], [ 443229.280574334785342, 8013741.208952311426401 ], [ 443308.042154061433394, 8013748.919654540717602 ], [ 443438.745356346014887, 8013751.166774209588766 ], [ 443555.258588329772465, 8013706.600062409415841 ], [ 443648.580260584654752, 8013632.031992061063647 ], [ 443756.401821761275642, 8013495.765517954714596 ], [ 443860.635587938886601, 8013361.359140423126519 ], [ 443948.705675508244894, 8013243.744234557263553 ], [ 444051.077140078821685, 8013133.65321977250278 ], [ 444155.195399322605226, 8013038.533682525157928 ], [ 444221.681313467270229, 8012954.532321827486157 ], [ 444311.622603175113909, 8012806.986861860379577 ], [ 444387.122807494364679, 8012700.559836870059371 ], [ 444437.603852559695952, 8012577.223733299411833 ], [ 444469.910608529578894, 8012549.251681458204985 ], [ 444539.831908527819905, 8012515.773044508881867 ], [ 444645.571654930070508, 8012478.653319264762104 ], [ 444742.45892085460946, 8012405.961146621033549 ], [ 444844.779582376009785, 8012310.833109058439732 ], [ 444911.312599338532891, 8012208.120776901952922 ], [ 444967.123533791396767, 8012097.894554365426302 ], [ 445017.531474462593906, 8011998.878513857722282 ], [ 445055.296527513943147, 8011939.115611389279366 ], [ 445152.268298508191947, 8011834.616687227040529 ], [ 445238.424081355507951, 8011756.279521339572966 ], [ 445328.112955923483241, 8011694.789930368773639 ], [ 445408.771739362739027, 8011661.338195092976093 ], [ 445494.795914331683889, 8011629.771857835352421 ], [ 445550.332432339026127, 8011616.829586986452341 ], [ 445600.52906034886837, 8011592.647132368758321 ], [ 445656.044677106488962, 8011587.18805009778589 ], [ 445729.504869185620919, 8011566.811393594369292 ], [ 445802.975261872750707, 8011542.692642776295543 ], [ 445878.256353071192279, 8011511.095003662630916 ], [ 445951.649141114554368, 8011515.038810005411506 ], [ 446059.119581253791694, 8011496.625256159342825 ], [ 446109.315209208289161, 8011472.441501472145319 ], [ 446232.892924582178239, 8011455.942147344350815 ], [ 446329.626081292692106, 8011435.62679451238364 ], [ 446395.872681110515259, 8011433.936808153986931 ], [ 446539.051661092613358, 8011451.164905737154186 ], [ 446623.257237105630338, 8011428.943253640085459 ], [ 446686.090752380958293, 8011365.503760839812458 ], [ 446786.378102093178313, 8011354.550294181331992 ], [ 446857.995293745596427, 8011352.873308597132564 ], [ 446924.241493550129235, 8011351.181522130966187 ], [ 446990.790596851031296, 8011325.579672173596919 ], [ 447067.541180777072441, 8011323.504887994378805 ], [ 447200.284795419604052, 8011226.576057729311287 ], [ 447322.275325689988676, 8011133.359220006503165 ], [ 447422.701283707690891, 8011070.018233133479953 ], [ 447594.837138944130857, 8010969.450414771214128 ], [ 447763.271392367780209, 8010913.772627200931311 ], [ 447974.670680489158258, 8010858.207146336324513 ], [ 448164.575800581777003, 8010806.324556251987815 ], [ 448372.303688714862801, 8010784.421123137697577 ], [ 448630.157900694990531, 8010762.646697709336877 ], [ 448930.831238656828646, 8010797.106793007813394 ], [ 449181.368852230487391, 8010835.174274588003755 ], [ 449385.351135970267933, 8010876.860443131066859 ], [ 449693.082856961467769, 8010952.486275997012854 ], [ 449950.727556474332232, 8011013.012623833492398 ], [ 450222.676933215174358, 8011081.055362228304148 ], [ 450469.432140207616612, 8011201.415216706693172 ], [ 450795.159939680132084, 8011243.393202709034085 ], [ 450963.493187176645733, 8011225.105356333777308 ], [ 451149.738208050548565, 8011203.118818238377571 ], [ 451307.282669035717845, 8011203.510041551664472 ], [ 451497.042880578548647, 8011207.721263818442822 ], [ 451769.165167748753447, 8011208.391303750686347 ], [ 451930.299323864164762, 8011205.044532998465002 ], [ 452152.284486543387175, 8011209.328259585425258 ], [ 452349.2057872567093, 8011213.54868240468204 ], [ 452478.123892803443596, 8011206.377412430942059 ], [ 452624.926470106292982, 8011206.732033559121192 ], [ 452743.147694635554217, 8011180.824590478092432 ], [ 452911.43333934264956, 8011181.228714562952518 ], [ 453086.915775330387987, 8011166.681662413291633 ], [ 453305.355545589467511, 8011155.976910547353327 ], [ 453441.424839710642118, 8011152.558235499076545 ], [ 453577.556037535425276, 8011122.946500356309116 ], [ 453735.214005379355513, 8011074.67579673230648 ], [ 453806.894800940062851, 8011044.91065245307982 ], [ 453961.111382546485402, 8010936.762339608743787 ], [ 454036.511981003975961, 8010847.13718719035387 ], [ 454180.106586061010603, 8010686.577952797524631 ], [ 454341.592163266090211, 8010529.80111519061029 ], [ 454413.539374755986501, 8010384.040448060259223 ], [ 454474.640396281378344, 8010283.155310868285596 ], [ 454528.701335903082509, 8010129.869352797046304 ], [ 454571.91658559901407, 8010021.458924643695354 ], [ 454586.454276753473096, 8009927.949069679714739 ], [ 454611.862559316330589, 8009778.338302094489336 ], [ 454622.914761578780599, 8009643.661209701560438 ], [ 454648.253239965182729, 8009523.984096420928836 ], [ 454662.989142945210915, 8009344.414673388004303 ], [ 454670.469351133098826, 8009205.987486415542662 ], [ 454706.711622899281792, 8009015.242383706383407 ], [ 454746.369379379437305, 8008895.598172618076205 ], [ 454906.351972313714214, 8008634.724794957786798 ], [ 454890.890739668393508, 8008323.444370232522488 ], [ 454948.374016101006418, 8007866.931879032403231 ], [ 455038.889588337915484, 8007792.45660605840385 ], [ 455264.646357089048252, 8007695.687686126679182 ], [ 455433.122813229099847, 8007598.786058352328837 ], [ 455533.520769680966623, 8007527.920881113037467 ], [ 455630.3211305521545, 8007464.530591879040003 ], [ 455719.969702834961936, 8007397.381907411850989 ], [ 455798.937195011531003, 8007304.01656178291887 ], [ 455845.508625871094409, 8007289.154591016471386 ], [ 455941.074384644743986, 8007253.824358411133289 ], [ 456139.405798023741227, 8007132.661271776072681 ], [ 456343.695700360578485, 8007024.606865704990923 ], [ 456762.22648726508487, 8006824.372930168174207 ], [ 457941.675205131876282, 8005890.747224135324359 ], [ 458048.453009422810283, 8005370.284640848636627 ], [ 457636.776095965295099, 8004953.896629989147186 ], [ 457530.628205731685739, 8004599.964062951505184 ], [ 457502.138779344270006, 8004374.258708175271749 ], [ 457674.211530989618041, 8004251.154021172784269 ], [ 457824.766213155293372, 8004146.710202438756824 ], [ 457928.660759190213867, 8004102.032885113731027 ], [ 458129.209857451671269, 8004050.078591560013592 ], [ 458401.373947380576283, 8003983.307730045169592 ], [ 458741.603936282452196, 8003886.74282312951982 ], [ 459196.434152838599402, 8003756.73568213917315 ], [ 459619.045918660063762, 8003626.651636644266546 ], [ 459812.388625139545184, 8003593.374112277291715 ], [ 460252.76635575783439, 8003523.180775438435376 ], [ 460685.944895003049169, 8003471.671808192506433 ], [ 460850.628744076588191, 8003449.551662441343069 ], [ 461455.106289246352389, 8003649.063926059752703 ], [ 461877.240326902479865, 8003754.659512616693974 ], [ 462163.384575009346008, 8003852.499894776381552 ], [ 462807.77769198815804, 8003778.900883454829454 ], [ 463632.235599173582159, 8003106.940418045967817 ], [ 464097.743095955171157, 8002980.581865904852748 ], [ 465201.008851929218508, 8002458.735195843502879 ], [ 466017.441819018160459, 8002205.734375271946192 ], [ 466461.90077417291468, 8001809.879736457020044 ], [ 466712.670602206839249, 8001660.639694245532155 ], [ 467378.843904533365276, 8001347.458748905919492 ], [ 467779.645684027986135, 8001355.607176312245429 ], [ 467958.39649648044724, 8001468.152619013562799 ], [ 468022.421573753352277, 8001707.727252925746143 ], [ 467749.731852418801282, 8002133.834663974121213 ], [ 467770.822396658186335, 8002365.855705878697336 ], [ 467856.211134284967557, 8002672.816738090477884 ], [ 468091.969343290082179, 8002950.089431449770927 ], [ 468928.346987102471758, 8003647.393532585352659 ], [ 469514.645343695941847, 8004082.353415314108133 ], [ 469750.536560595268384, 8004299.738201312720776 ], [ 470072.324045164510608, 8004524.734783481806517 ], [ 470494.249370938749053, 8004809.744381960481405 ], [ 470894.755233044561464, 8005064.779124488122761 ], [ 471644.58057036640821, 8006338.05392846185714 ], [ 472781.884368408296723, 8007065.553407111205161 ], [ 472960.695384471560828, 8007193.018126219511032 ], [ 473153.971187338174786, 8007215.733807410113513 ], [ 473461.627505012089387, 8007365.820002218708396 ], [ 473733.680888952862006, 8007373.669712358154356 ], [ 474012.82465784647502, 8007433.908642373979092 ], [ 474392.243576149747241, 8007464.341325882822275 ], [ 474621.29252291074954, 8007509.539274517446756 ], [ 474864.671348451520316, 8007547.269635576754808 ], [ 475193.938241231720895, 8007607.555768417194486 ], [ 475458.751431354379747, 8007682.722473216243088 ], [ 475666.326211199397221, 8007727.881219570524991 ], [ 475845.309137543023098, 8007735.585921147838235 ], [ 476038.657344763807487, 8007705.88978108856827 ], [ 476275.01718962949235, 8007631.34381291270256 ], [ 476532.916805333923548, 8007504.437426527962089 ], [ 476763.32345704420004, 8007457.421615328639746 ], [ 476869.568200594687369, 8007377.620745478197932 ], [ 477062.928608564252499, 8007332.947927837260067 ], [ 477370.866443090082612, 8007265.955752385780215 ], [ 477585.728819650888909, 8007198.852670401334763 ], [ 477836.412342950759921, 8007109.337625171989202 ], [ 478094.244554679549765, 8007027.310768744908273 ], [ 478466.608490260376129, 8006960.373396558687091 ], [ 478817.402653243218083, 8006975.722396058961749 ], [ 478989.011577836994547, 8007177.957096450962126 ], [ 479110.491378210484982, 8007395.103570753708482 ], [ 479120.447940113896038, 8007748.02632962167263 ], [ 479245.79412724589929, 8008083.713322713971138 ], [ 479324.315193112881389, 8008308.295983414165676 ], [ 479496.003822430444416, 8008450.659276133403182 ], [ 479789.51487248938065, 8008495.8638252960518 ], [ 480083.08802624780219, 8008481.197565923444927 ], [ 480376.735584433423355, 8008391.693720964714885 ], [ 480770.574687106302008, 8008347.183912754058838 ], [ 481135.765232893056236, 8008310.121990980580449 ], [ 481565.31567581393756, 8008355.430346209555864 ], [ 481837.24615265004104, 8008512.833520342595875 ], [ 481915.79171998531092, 8008744.888769292272627 ], [ 481921.600305199681316, 8008850.722007568925619 ], [ 481829.503928952617571, 8009141.424357503652573 ], [ 481628.75971849198686, 8009418.119722964242101 ], [ 481456.806873430090491, 8009530.207641801796854 ], [ 481463.776351193955634, 8009732.263433350250125 ], [ 481506.520172916003503, 8009964.286181294359267 ], [ 481663.764216641546227, 8010271.249021487310529 ], [ 481914.109219896257855, 8010570.813078396953642 ], [ 482186.066498324740678, 8010735.694241951219738 ], [ 482436.639515169197693, 8010795.786263974383473 ], [ 482809.039453058678191, 8010751.216051876544952 ], [ 483152.858738100330811, 8010631.781352050602436 ], [ 483360.570326233224478, 8010572.09205381013453 ], [ 483976.359690508747008, 8010610.020626902580261 ], [ 484599.364747227868065, 8010580.586001904681325 ], [ 485208.063426573993638, 8010528.671009343117476 ], [ 485673.545522957574576, 8010476.633109549060464 ], [ 486024.369687927828636, 8010544.235521651804447 ], [ 486231.829961157112848, 8010828.746796588413417 ], [ 486381.988520286278799, 8011143.149223711341619 ], [ 486474.94617132114945, 8011337.778631105087698 ], [ 486682.497549969877582, 8011510.035777350887656 ], [ 486961.738024924707133, 8011570.089297214522958 ], [ 487147.944944336020853, 8011540.278849985450506 ], [ 487405.814358472882304, 8011428.196730685420334 ], [ 487642.254408319306094, 8011226.298547213897109 ], [ 487892.988234806864057, 8011061.822607195004821 ], [ 488193.807482949690893, 8010957.239877584390342 ], [ 488508.892506081727333, 8010942.460211331956089 ], [ 488974.32049933867529, 8010987.626658505760133 ], [ 489289.348219083214644, 8011077.600231848657131 ], [ 489568.566392756067216, 8011182.516281004063785 ], [ 489933.657532866345719, 8011407.204850196838379 ], [ 490384.667742162710056, 8011676.828353280201554 ], [ 490692.491470229579136, 8011893.991231730207801 ], [ 491093.44535960018402, 8012051.325503543019295 ], [ 491408.470279222878162, 8012208.614272768609226 ], [ 491802.302881811803672, 8012298.581546049565077 ], [ 491839.793023766484112, 8012354.183462474495173 ], [ 491979.615957393369172, 8012384.932627940550447 ], [ 491939.403173418890219, 8012349.04857272375375 ], [ 491947.876860830467194, 8012340.422486040741205 ], [ 491947.880361041752622, 8012331.792899155989289 ], [ 491956.565748132707085, 8012323.166812475770712 ], [ 491965.247635017090943, 8012323.170412681996822 ], [ 491965.039435548707843, 8012314.430025961250067 ], [ 491982.198410050885286, 8012297.177852599881589 ], [ 491999.565584026044235, 8012288.555366125889122 ], [ 492008.039171437441837, 8012279.929179441183805 ], [ 492025.406345410156064, 8012271.195993134751916 ], [ 492051.144707157567609, 8012245.317633090540767 ], [ 492085.667255420179572, 8012227.851160465739667 ], [ 492154.302353382925503, 8012158.620567346923053 ], [ 492162.77934099273989, 8012141.254093951545656 ], [ 492180.043815317214467, 8012124.001820589415729 ], [ 492188.735902799991891, 8012098.227059980854392 ], [ 492205.689578005636577, 8012063.715412858873606 ], [ 492222.851552689797245, 8012037.722752789035439 ], [ 492231.331840490049217, 8012011.726692520081997 ], [ 492248.497115367033985, 8011977.215045408345759 ], [ 492265.658990041178185, 8011951.222385344095528 ], [ 492274.139077836705837, 8011925.447524743154645 ], [ 492282.622665831819177, 8011890.821777608245611 ], [ 492291.314453303755727, 8011864.936417186632752 ], [ 492291.228854662971571, 8011813.269395787268877 ], [ 492299.705542254261672, 8011795.902822405099869 ], [ 492299.312544694112148, 8011718.236240569502115 ], [ 492273.30168609158136, 8011632.151270972564816 ], [ 492264.422000351420138, 8011597.518723472952843 ], [ 492261.132205491769128, 8011590.760733678936958 ], [ 492260.302706786897033, 8011589.060436248779297 ], [ 492235.140646095213015, 8011537.406514286063612 ], [ 492203.692294718581252, 8011494.381879044696689 ], [ 492168.986948491598014, 8011442.590457073412836 ], [ 492160.315762235026341, 8011416.919495953246951 ], [ 492142.96328913216712, 8011390.913035141304135 ], [ 492125.61421622877242, 8011356.498287132941186 ], [ 492099.580356266116723, 8011330.709625786170363 ], [ 492064.978009703336284, 8011287.658290524035692 ], [ 492038.951250165700912, 8011244.61035546194762 ], [ 492004.243203775316942, 8011201.780119867995381 ], [ 491978.216744251956698, 8011158.732084815390408 ], [ 491960.871671587054152, 8011115.687549971044064 ], [ 491943.519698513438925, 8011089.680889173410833 ], [ 491943.32569987711031, 8011046.64345474448055 ], [ 491934.658613868057728, 8011012.010807308368385 ], [ 491917.102041537989862, 8010968.96617247723043 ], [ 491908.434955526841804, 8010934.554724713787436 ], [ 491907.973260319558904, 8010770.591874648816884 ], [ 491933.413423693389632, 8010692.935893680900335 ], [ 491933.237226108205505, 8010606.63962528295815 ], [ 491915.691654424532317, 8010537.816729824990034 ], [ 491898.347281800757628, 8010494.772195065394044 ], [ 491837.605075436469633, 8010434.450285602360964 ], [ 491794.426041791797616, 8010400.245736720040441 ], [ 491733.896135139628313, 8010340.034327090717852 ], [ 491681.733716038404964, 8010271.085931005887687 ], [ 491655.913555873848964, 8010245.29676971398294 ], [ 491621.200809209316503, 8010219.503708207048476 ], [ 491552.191714813699946, 8010185.287558675743639 ], [ 491526.364354226505384, 8010176.868070867843926 ], [ 491474.490632944798563, 8010176.845569563098252 ], [ 491448.54997207847191, 8010185.685255400836468 ], [ 491422.719011276320089, 8010185.673954747617245 ], [ 491405.561336853599641, 8010202.925627967342734 ], [ 491396.880450027761981, 8010202.921827746555209 ], [ 491397.088349479774479, 8010211.662214409559965 ], [ 491388.40736265090527, 8010211.658414190635085 ], [ 491000.113952986430377, 8010170.659366401843727 ], [ 490974.282992186781485, 8010170.647465717047453 ], [ 490956.925018761889078, 8010162.231178087182343 ], [ 490931.094057962822262, 8010162.219277395866811 ], [ 490879.232337389898021, 8010136.527615185827017 ], [ 490818.78372912760824, 8010136.610013379715383 ], [ 490784.275881738343742, 8010128.185525277629495 ], [ 490758.444820934149902, 8010128.394624232314527 ], [ 490741.29894720466109, 8010119.756936939433217 ], [ 490706.786999575211667, 8010119.961935653351247 ], [ 490698.110212992527522, 8010111.32814859226346 ], [ 490680.752639589714818, 8010102.57966145593673 ], [ 490672.075753001088742, 8010094.167174055241048 ], [ 490646.248992448614445, 8010085.525286517105997 ], [ 490620.214632460672874, 8010068.364211978390813 ], [ 490585.605285489698872, 8010051.30973703134805 ], [ 490499.249418338062242, 8009991.081926519982517 ], [ 490464.542872042278759, 8009956.657278089784086 ], [ 490430.039624930126593, 8009939.602503133937716 ], [ 490395.540778073424008, 8009913.807441527955234 ], [ 490326.323084193223622, 8009879.58679176773876 ], [ 490231.199231488979422, 8009785.056333367712796 ], [ 490187.825799194280989, 8009724.627324401400983 ], [ 490161.796639515203424, 8009698.836063036695123 ], [ 490144.448166652640793, 8009673.159701751545072 ], [ 490127.095493542146869, 8009655.781127789057791 ], [ 490118.423407237685751, 8009638.738753574900329 ], [ 490083.929960694746114, 8009604.313505147583783 ], [ 488564.993385712674353, 8009117.461400194093585 ], [ 488530.48333819891559, 8009117.441299021244049 ], [ 488522.019551370176487, 8009109.028011597692966 ], [ 488452.70225802611094, 8009074.579361866228282 ], [ 488418.197210811369587, 8009066.150673545897007 ], [ 488349.197616998106241, 8009031.92312346957624 ], [ 488306.017583302338608, 8009014.748848211951554 ], [ 488254.157162813004106, 8008997.67987247556448 ], [ 488219.551816083665472, 8008980.510597508400679 ], [ 488193.727455680491403, 8008972.086509468965232 ], [ 488159.016309121623635, 8008954.806334659457207 ], [ 488133.192148723988794, 8008946.271746787242591 ], [ 488098.69270184065681, 8008929.212771644815803 ], [ 488072.656741766259074, 8008920.788583588786423 ], [ 487969.037500377511606, 8008895.168319011107087 ], [ 487943.213539992575534, 8008886.522831294685602 ], [ 487925.858066721761134, 8008877.993143712170422 ], [ 487908.709092817385681, 8008877.982543096877635 ], [ 487891.35361954162363, 8008869.563455340452492 ], [ 487831.01461135171121, 8008869.747452820651233 ], [ 487744.751343269541394, 8008852.545075930655003 ], [ 487641.244002083491068, 8008818.514724131673574 ], [ 487563.365622586221434, 8008767.019500019028783 ], [ 487528.76667624048423, 8008741.219238203018904 ], [ 487502.736716520739719, 8008724.164663322269917 ], [ 487468.037670675548725, 8008689.734614717774093 ], [ 487459.368484545033425, 8008672.359140992164612 ], [ 487459.111488616792485, 8008577.654186023399234 ], [ 487467.602177033259068, 8008543.03043938614428 ], [ 487467.428979635937139, 8008482.733431745320559 ], [ 487475.914067723846529, 8008456.739271895028651 ], [ 487475.935969024547376, 8008422.331424614414573 ], [ 487484.415456778428052, 8008405.077551372349262 ], [ 487484.220358082093298, 8008379.077791204676032 ], [ 487492.911445511912461, 8008361.824117971584201 ], [ 487492.727247457718477, 8008318.786383918486536 ], [ 487509.886721989605576, 8008301.427411175332963 ], [ 487527.051696840091608, 8008275.549351491034031 ], [ 487707.367931336921174, 8008033.369429577142 ], [ 487741.686080337676685, 8007998.761683933436871 ], [ 487758.83965451765107, 8007990.14269779343158 ], [ 487827.792952013900504, 8007920.816606684587896 ], [ 487844.750727451406419, 8007886.419160072691739 ], [ 487887.764264138881117, 8007825.81695462577045 ], [ 487896.248352170281578, 8007799.933294646441936 ], [ 487913.417727282154374, 8007765.314648391678929 ], [ 487921.907215629529674, 8007730.690701827406883 ], [ 487938.981191514933016, 8007679.033981718122959 ], [ 487956.150366615504026, 8007644.415235471911728 ], [ 487973.128843282989692, 8007575.388542033731937 ], [ 487972.938444860454183, 8007540.759195178747177 ], [ 487981.427533184294589, 8007506.467048128135502 ], [ 487980.877139158372302, 8007368.392260085791349 ], [ 487972.21335334458854, 8007342.497999529354274 ], [ 487972.017554613470566, 8007316.498339447192848 ], [ 487971.463056313397828, 8007293.545674672350287 ], [ 487951.992016030882951, 8006488.592311142012477 ], [ 487960.290305906208232, 8006419.670817473903298 ], [ 487968.784394525573589, 8006376.417084329761565 ], [ 487968.408797989191953, 8006298.750003824010491 ], [ 487977.013886746426579, 8006247.087883643805981 ], [ 488002.649248811649159, 8006212.474337854422629 ], [ 488011.344236471748445, 8006186.480078180320561 ], [ 488028.501410858123563, 8006169.231305357068777 ], [ 488062.614560579007957, 8006117.252886612899601 ], [ 488088.450821678154171, 8006100.009414096362889 ], [ 488105.713595893641468, 8006082.760441276244819 ], [ 488131.549756991560571, 8006065.406168930232525 ], [ 488165.863705745141488, 8006030.687023625709116 ], [ 488183.22717948857462, 8006021.957237692549825 ], [ 488191.699766835779883, 8006013.332651279866695 ], [ 488226.214714634872507, 8005996.094079063273966 ], [ 488252.050575720553752, 8005978.739706709049642 ], [ 488286.459723680396564, 8005961.279734827578068 ], [ 488312.290284451970365, 8005952.665449013933539 ], [ 488329.447058814053889, 8005935.305776357650757 ], [ 488346.598532868956681, 8005926.686290238983929 ], [ 488355.287820187746547, 8005909.432117119431496 ], [ 488372.43929424014641, 8005900.812731003388762 ], [ 488398.28005561127793, 8005874.828371934592724 ], [ 488424.009916841343511, 8005857.362999743781984 ], [ 488449.855678507650737, 8005822.749053969979286 ], [ 488467.012052851379849, 8005805.499781143851578 ], [ 488467.022153447498567, 8005788.351107558235526 ], [ 488475.499641080270521, 8005771.096834437921643 ], [ 488475.51494198164437, 8005745.097174491733313 ], [ 488466.841055573779158, 8005736.46238748729229 ], [ 488466.644556792161893, 8005710.68392719514668 ], [ 488423.487124427803792, 8005667.620792025700212 ], [ 488371.635404460830614, 8005650.552016492933035 ], [ 488354.282631346490234, 8005642.022629020735621 ], [ 488328.356971370696556, 8005633.377541419118643 ], [ 488285.189538428676315, 8005607.573379644192755 ], [ 488267.831665010307916, 8005607.784278698265553 ], [ 488250.690791580011137, 8005599.144291400909424 ], [ 488224.659231765253935, 8005590.720303446054459 ], [ 488190.160484924854245, 8005582.180515367537737 ], [ 488155.667138398683164, 8005564.900340754538774 ], [ 488129.847278262895998, 8005556.476252805441618 ], [ 488112.494805166614242, 8005547.836065494455397 ], [ 488060.53788539301604, 8005530.877089744433761 ], [ 488008.697466094396077, 8005496.437340934760869 ], [ 487956.852046492393129, 8005470.627178817987442 ], [ 487905.022527833818458, 8005419.149056266061962 ], [ 487835.835735796368681, 8005367.660133083350956 ], [ 487801.247890102094971, 8005333.230584883131087 ], [ 487766.549044260405935, 8005307.430523372255266 ], [ 487740.528885124018416, 8005281.635862175375223 ], [ 487723.187512681994122, 8005255.957301123067737 ], [ 487714.530527266906574, 8005221.322554212063551 ], [ 487714.098733817518223, 8005066.209493452683091 ], [ 487722.571121152315754, 8005057.585107074119151 ], [ 487722.576521474809851, 8005048.844820558093488 ], [ 487739.732995816564653, 8005031.596247810870409 ], [ 487756.884069845371414, 8005022.756062090396881 ], [ 487765.568156854656991, 8005014.131775720044971 ], [ 487774.04594450670993, 8004996.767102828249335 ], [ 487782.729931513371412, 8004988.142916462384164 ], [ 487791.408518200973049, 8004988.148316774517298 ], [ 487808.559492221218534, 8004979.529330712743104 ], [ 487825.715766554814763, 8004962.280657961964607 ], [ 487842.866740574652795, 8004953.55107206851244 ], [ 487868.802001116273459, 8004944.937486319802701 ], [ 487903.315548826765735, 8004927.478214537724853 ], [ 487963.457158176053781, 8004884.256283450871706 ], [ 487997.769306819944177, 8004849.648038117215037 ], [ 488014.920180832443293, 8004840.807652388699353 ], [ 488109.505340163363144, 8004719.718042744323611 ], [ 488143.551592332776636, 8004599.03393030911684 ], [ 488141.913310957024805, 8004159.030209993943572 ], [ 488133.255925517063588, 8004124.616862870752811 ], [ 488132.800130646675825, 8004003.690449789166451 ], [ 488044.280589558475185, 8003383.959105306304991 ], [ 488052.969176828337368, 8003366.594632506370544 ], [ 488052.879077920748387, 8003340.705372580327094 ], [ 488061.355865508143324, 8003323.561799428425729 ], [ 488061.376966749550775, 8003288.932453042827547 ], [ 488069.864254962245468, 8003254.308206962421536 ], [ 488086.828130749578122, 8003202.651087567210197 ], [ 488103.99850590643473, 8003159.402455165050924 ], [ 488181.214191130478866, 8003047.042131980881095 ], [ 488198.373765653406736, 8003021.052872859872878 ], [ 488284.155037302291021, 8002917.326936632394791 ], [ 488301.425211943977047, 8002882.929190543480217 ], [ 488335.743660950916819, 8002830.950272312387824 ], [ 488361.198225145693868, 8002736.039120309986174 ], [ 488360.64023064536741, 8002606.703920790925622 ], [ 488369.227418344060425, 8002580.709361395798624 ], [ 488368.684924746630713, 8002425.485202088952065 ], [ 488360.022739027102944, 8002399.7016417728737 ], [ 488359.84724147390807, 8002339.072435813955963 ], [ 488350.979756450920831, 8002302.778191803023219 ], [ 488350.064366462349426, 8002063.359063287265599 ], [ 488358.661654748371802, 8002020.105030730366707 ], [ 488358.284558118262794, 8001942.437551287934184 ], [ 488340.96618701366242, 8001882.019444476813078 ], [ 488332.092701636836864, 8001856.235684200190008 ], [ 488314.779430845170282, 8001787.29839063808322 ], [ 488297.440558543661609, 8001761.509530071169138 ], [ 488279.895186872337945, 8001727.090882899239659 ], [ 488262.556414584396407, 8001701.080822682008147 ], [ 488150.138592238596175, 8001589.490692000836134 ], [ 488132.800019959453493, 8001563.701731439679861 ], [ 488080.758501599892043, 8001529.261883072555065 ], [ 488063.626428691728506, 8001512.10260911192745 ], [ 488028.928682918078266, 8001495.043234357610345 ], [ 487890.857397465966642, 8001460.992582214996219 ], [ 487865.043337667768355, 8001452.346794702112675 ], [ 487830.340491595619824, 8001443.806206688284874 ], [ 487761.368799439107534, 8001409.576157326810062 ], [ 487648.933776089979801, 8001332.280673258006573 ], [ 487588.433871224406175, 8001289.204437943175435 ], [ 487553.747726136993151, 8001254.995489813387394 ], [ 487510.591093827562872, 8001229.189428296871483 ], [ 487475.905348761705682, 8001194.869680338539183 ], [ 487432.748916465090588, 8001169.063518814742565 ], [ 487398.269470762577839, 8001143.262857613153756 ], [ 487363.572925062733702, 8001126.202282811515033 ], [ 487216.456156887114048, 8001014.473550884984434 ], [ 487164.835137716727331, 8000988.882488677278161 ], [ 487078.312373558641411, 8000937.379165406338871 ], [ 487043.728028071811423, 8000911.577704182825983 ], [ 486974.548036435502581, 8000877.34475470520556 ], [ 486957.406062948575709, 8000877.333354040980339 ], [ 486948.529277378111146, 8000859.957380724139512 ], [ 486931.387203883903567, 8000860.167179716750979 ], [ 486931.393004221201409, 8000851.537493142299354 ], [ 486335.238839319557883, 8000542.893849251791835 ], [ 486309.233081022568513, 8000508.4674017643556 ], [ 486265.8801499439287, 8000465.509666846133769 ], [ 486222.370722422958352, 8000344.77365305647254 ], [ 486187.700878297560848, 8000293.302831766195595 ], [ 486023.069440270832274, 8000129.88487939722836 ], [ 485997.064782037399709, 8000095.45803193654865 ], [ 485962.595336925529409, 8000061.025084122084081 ], [ 485945.061865955300163, 8000017.974450469017029 ], [ 485919.057507738878485, 7999983.547503010369837 ], [ 485893.065650262287818, 7999931.861082462593913 ], [ 485875.744078977324534, 7999888.810648833401501 ], [ 485858.416307333798613, 7999854.389801745302975 ], [ 485840.696738187572919, 7999776.709522103890777 ], [ 485839.739252092665993, 7999492.259965745732188 ], [ 485848.228940435685217, 7999457.636620135977864 ], [ 485848.254041906504426, 7999423.007074170745909 ], [ 485856.743530238978565, 7999388.605028223246336 ], [ 485856.550631666206755, 7999362.715668616816401 ], [ 485873.722606909519527, 7999319.46893685311079 ], [ 485890.502484632190317, 7999233.073172431439161 ], [ 485907.779859689471778, 7999190.047740342095494 ], [ 485924.758636339975055, 7999120.911549013108015 ], [ 485941.923811188607942, 7999086.515603454783559 ], [ 485950.207800202013459, 7999043.26237135194242 ], [ 485967.385375778947491, 7998991.385753106325865 ], [ 485975.880764456000179, 7998948.243220852687955 ], [ 485975.450971085519996, 7998810.277936357073486 ], [ 485957.931000905984547, 7998749.967929841019213 ], [ 485940.604129308427218, 7998715.547182885929942 ], [ 485931.741544569900725, 7998681.132436286658049 ], [ 485914.414872990339063, 7998646.490389684215188 ], [ 485905.558588618645445, 7998603.446056583896279 ], [ 485879.556130518321879, 7998569.018909272737801 ], [ 485862.229558939463459, 7998534.598162334412336 ], [ 485836.233601215411909, 7998491.541228524409235 ], [ 485810.231443131226115, 7998457.114081224426627 ], [ 485784.223084682715125, 7998431.316620437428355 ], [ 485766.784612913674209, 7998405.635959836654365 ], [ 485740.981753785687033, 7998388.24698590580374 ], [ 485706.323110307625029, 7998328.145378385670483 ], [ 485688.791739458858501, 7998285.09454495087266 ], [ 485662.796581780305132, 7998241.926811335608363 ], [ 485610.793465688591823, 7998173.182516594417393 ], [ 485576.129521894967183, 7998121.37869611941278 ], [ 485558.61135182401631, 7998061.068089712411165 ], [ 485549.781669006217271, 7997983.615210526622832 ], [ 485566.494349150161725, 7997845.441227527335286 ], [ 485674.77742818556726, 7996767.799421025440097 ], [ 485630.30071394413244, 7996397.019500968977809 ], [ 485525.792290469282307, 7996095.564769787713885 ], [ 485429.398158774652984, 7995698.966888783499599 ], [ 484917.635098500642926, 7994838.035520346835256 ], [ 484900.300226436927915, 7994820.873146577738225 ], [ 484882.972154766437598, 7994794.970386574044824 ], [ 484865.650683489569928, 7994760.548539997078478 ], [ 484822.221454297017772, 7994700.32763284817338 ], [ 484796.219496220059227, 7994674.528772287070751 ], [ 484761.563752915069927, 7994622.833652123808861 ], [ 484700.892950760491658, 7994562.709644033573568 ], [ 484614.241291770478711, 7994451.007616017013788 ], [ 484553.585190482495818, 7994373.512935316190124 ], [ 484527.795532119402196, 7994347.713774768635631 ], [ 484510.263561232655775, 7994313.291328208521008 ], [ 484484.269603622029535, 7994278.640981610864401 ], [ 484466.949332409421913, 7994244.218735063448548 ], [ 484440.9621752029052, 7994201.15970172546804 ], [ 484397.471248739864677, 7994089.269776117056608 ], [ 484388.613464279682375, 7994054.854229975491762 ], [ 484379.960479089291766, 7994028.958070409484208 ], [ 484362.47061065363232, 7993942.867505386471748 ], [ 484362.286912608717103, 7993908.237660015001893 ], [ 484353.42932815552922, 7993873.822113892994821 ], [ 484353.273331720440183, 7993804.783822825178504 ], [ 484361.777120876999106, 7993752.901405105367303 ], [ 484361.593222818046343, 7993718.492759405635297 ], [ 484370.08311116223922, 7993683.869814456440508 ], [ 484378.664798525511287, 7993666.617242097854614 ], [ 484387.154486854968127, 7993632.215596804395318 ], [ 484421.481136305024847, 7993562.983607731759548 ], [ 484429.96382423187606, 7993537.101048997603357 ], [ 484438.439711759157944, 7993519.737676815129817 ], [ 484438.446612161176745, 7993511.10789043828845 ], [ 484447.126998949621338, 7993502.485104465857148 ], [ 484446.922199671680573, 7993494.076417734846473 ], [ 484464.27627285500057, 7993485.239232508465648 ], [ 484490.099133148789406, 7993467.889661123044789 ], [ 484524.489579985267483, 7993450.657489957287908 ], [ 484567.454713780898601, 7993424.470433329232037 ], [ 484619.297733208746649, 7993407.251962952315807 ], [ 484670.936053375829943, 7993381.071506708860397 ], [ 484714.006386968598235, 7993355.216049553826451 ], [ 484774.311193106288556, 7993337.671880058944225 ], [ 484998.446441228268668, 7993336.850291654467583 ], [ 485162.309985144238453, 7993310.533540651202202 ], [ 485282.911696961149573, 7993284.293287519365549 ], [ 485334.648016507329885, 7993266.851517379283905 ], [ 485369.143163119559176, 7993249.507346315309405 ], [ 485446.39664412959246, 7993197.454731971025467 ], [ 485480.997190558700822, 7993180.221060728654265 ], [ 485523.960524245514534, 7993154.031903998926282 ], [ 485558.455170828092378, 7993136.797932745888829 ], [ 485584.27653103612829, 7993119.557561117224395 ], [ 485601.424504867056385, 7993102.200089296326041 ], [ 485618.566178329696413, 7993093.361704010516405 ], [ 485635.714052155031823, 7993076.114832014776766 ], [ 485652.98042655660538, 7993041.497887478210032 ], [ 485661.448613632179331, 7993032.874301472678781 ], [ 485866.780211668577977, 7992557.723161641508341 ], [ 485909.753945960663259, 7992514.494931866414845 ], [ 485944.060594246955588, 7992462.630415386520326 ], [ 485961.226269104401581, 7992419.604584195651114 ], [ 485978.174243935733102, 7992384.9870396964252 ], [ 485995.458119348506443, 7992324.480436186306179 ], [ 485995.265120759489946, 7992298.701576978899539 ], [ 486012.436895971070044, 7992246.824659813195467 ], [ 486012.237697020755149, 7992229.675586953759193 ], [ 486020.923084095004015, 7992212.422314630821347 ], [ 486020.723885148414411, 7992195.162541946396232 ], [ 486029.40317186457105, 7992186.428356140851974 ], [ 486029.203972916526254, 7992169.168683458119631 ], [ 486037.883159628836438, 7992160.545197474770248 ], [ 486063.516021508374251, 7992108.674280684441328 ], [ 486080.668895619863179, 7992082.686522553674877 ], [ 486080.674895971780643, 7992074.278035868890584 ], [ 486089.254383208637591, 7992056.913963725790381 ], [ 486097.734270965622272, 7992031.030705071985722 ], [ 486114.893145428213757, 7991996.413260611705482 ], [ 486114.917746855702717, 7991962.004715107381344 ], [ 486123.635033955972176, 7991942.650946126319468 ], [ 486131.868221834476572, 7991922.961577656678855 ], [ 486550.748368356202263, 7991931.927954133599997 ], [ 496932.000916751509067, 7992154.144785394892097 ], [ 497028.229276386729907, 7990900.852672596462071 ], [ 495504.648304353351705, 7989077.906454293988645 ], [ 495893.542578777938616, 7987983.109584125690162 ], [ 496280.745600019639824, 7986893.073850389569998 ], [ 498313.426372565561906, 7986049.960615152493119 ], [ 498733.654005664400756, 7985410.391141911968589 ], [ 498834.128336577559821, 7985404.578099904581904 ], [ 502102.788132768764626, 7985215.466547448188066 ], [ 503428.993112414784264, 7985486.572183069773018 ], [ 504286.960555200581439, 7985661.95970799587667 ], [ 504404.529764397710096, 7985414.824902622029185 ], [ 504310.845412277092692, 7985306.280578076839447 ], [ 504363.542725361534394, 7985097.843011792749166 ], [ 504463.135961543535814, 7984748.554271128028631 ], [ 505297.30253248201916, 7984904.166008011437953 ], [ 505528.096189476782456, 7984471.702823074534535 ], [ 505951.196965997223742, 7983678.892865701578557 ], [ 506583.061460253142286, 7983923.556159327737987 ], [ 507289.247030558297411, 7983900.09178140386939 ], [ 507373.803276386344805, 7983892.694002374075353 ], [ 507398.085156302433461, 7983890.569594171829522 ], [ 507444.802066591044422, 7983875.592497828416526 ], [ 507619.1551011063857, 7983819.696202900260687 ], [ 508106.697121379431337, 7983819.324691291898489 ], [ 508840.081551379931625, 7983924.288502682931721 ], [ 509624.573493750649504, 7983816.434953250922263 ], [ 511634.004169971740339, 7983539.794731067493558 ], [ 511682.902617054001894, 7983547.54554296284914 ], [ 512504.731481983093545, 7983677.812275832518935 ], [ 512582.696956567466259, 7983660.281200975179672 ], [ 512621.285881319141481, 7983315.999353757128119 ], [ 512704.393733895791229, 7982951.966436968185008 ], [ 512772.222519436385483, 7982805.970169592648745 ], [ 512902.010604321374558, 7982628.126251120120287 ], [ 512940.433037921262439, 7982508.486842533573508 ], [ 513229.463662532740273, 7982217.610500006936491 ], [ 513218.582071786047891, 7982017.718823148868978 ], [ 513199.31529863429023, 7981918.321884451434016 ], [ 513182.768524255254306, 7981895.324722275137901 ], [ 513175.622932076454163, 7981806.098766686394811 ], [ 513143.235079447971657, 7981692.654351288452744 ], [ 513097.160548607644159, 7981573.800745232030749 ], [ 513060.175002819742076, 7981445.563154004514217 ], [ 513055.201496940397192, 7981427.262601251713932 ], [ 513033.868141169892624, 7981348.764211564324796 ], [ 513026.103550671075936, 7981275.118130952119827 ], [ 513011.185168523225002, 7981123.478176785632968 ], [ 513002.31867838249309, 7981014.582653291523457 ], [ 512989.221885803563055, 7980993.884741583839059 ], [ 512978.551715088193305, 7980977.021815028972924 ], [ 512977.93001215159893, 7980879.297073170542717 ], [ 512968.93962581892265, 7980859.602805405855179 ], [ 512915.202605799073353, 7980698.475968365557492 ], [ 512894.255037776543759, 7980655.383138971403241 ], [ 512875.562556368473452, 7980622.048262350261211 ], [ 512870.770873892586678, 7980613.503107720986009 ], [ 512839.431322541437112, 7980568.676781561225653 ], [ 512797.785687756142579, 7980523.100357031449676 ], [ 512791.259839009784628, 7980512.93508946057409 ], [ 512773.690925046335906, 7980485.568118769675493 ], [ 512772.306823956081644, 7980401.784154514782131 ], [ 512778.065709360933397, 7980267.494571809656918 ], [ 512789.991087624512147, 7980203.687574707902968 ], [ 512805.252359475940466, 7980113.822619711980224 ], [ 512803.802857854636386, 7980014.188281243667006 ], [ 512811.621943707170431, 7979975.185244146734476 ], [ 512835.349301843554713, 7979883.918891144916415 ], [ 512875.025733097631019, 7979763.509084779769182 ], [ 512900.77748795930529, 7979672.72633096575737 ], [ 512930.954736183164641, 7979594.769756190478802 ], [ 512957.238691612845287, 7979540.277243522927165 ], [ 512969.92447033058852, 7979519.722976353019476 ], [ 512990.890935161733069, 7979486.014230187982321 ], [ 513032.44306602072902, 7979433.275814063847065 ], [ 513057.81732307880884, 7979383.487693819217384 ], [ 513078.282487612043042, 7979322.897491309791803 ], [ 513088.577366894693114, 7979221.574955346062779 ], [ 513077.637280701077543, 7979126.734909763559699 ], [ 513058.386508975934703, 7979057.727522596716881 ], [ 513003.643498290912248, 7978951.188449191860855 ], [ 512977.169433702772949, 7978899.665482608601451 ], [ 512977.12045403040247, 7978898.368409904651344 ], [ 512972.904936048202217, 7978786.733666233718395 ], [ 512936.045892455033027, 7978709.026293980889022 ], [ 512910.79731012013508, 7978679.988892600871623 ], [ 512890.134564497508109, 7978656.225481637753546 ], [ 512867.293998809356708, 7978591.496087750419974 ], [ 512823.530664933030494, 7978476.40417658444494 ], [ 512772.767843418987468, 7978387.03022391628474 ], [ 512757.362471991509665, 7978367.923469487577677 ], [ 512737.93689800350694, 7978343.830595545470715 ], [ 512654.917488631792367, 7978256.57231504842639 ], [ 512643.352146978897508, 7978244.416460970416665 ], [ 512543.210705166915432, 7978149.452519374899566 ], [ 512520.390555604652036, 7978140.209170454181731 ], [ 512511.018356709042564, 7978136.412941847927868 ], [ 512400.09973230730975, 7978039.088504501618445 ], [ 512406.526716607972048, 7977901.106828766874969 ], [ 512450.431841643643565, 7977798.825793517753482 ], [ 512473.396901501051616, 7977721.500218492932618 ], [ 512463.964812890975736, 7977621.242882085964084 ], [ 512434.27695804904215, 7977546.211505420506001 ], [ 512380.187240715371445, 7977418.809715013019741 ], [ 512313.378952152270358, 7977312.580426683649421 ], [ 512268.142515348619781, 7977240.651709580793977 ], [ 512247.788947365479544, 7977215.675251057371497 ], [ 512234.926114815694746, 7977168.79552511125803 ], [ 512201.23141635855427, 7977045.992229375988245 ], [ 512192.431025107507594, 7976900.093467557802796 ], [ 512184.851731556991581, 7976745.499019941315055 ], [ 512186.147626309946645, 7976662.141255849972367 ], [ 512200.605201122933067, 7976615.950830647721887 ], [ 512246.231224008253776, 7976533.339263674803078 ], [ 512302.913328573806211, 7976441.171811887063086 ], [ 512337.007771137286909, 7976385.335301690734923 ], [ 512359.787495827127714, 7976356.790811977349222 ], [ 512407.860052791133057, 7976296.552743854932487 ], [ 512426.358954419847578, 7976278.629895411431789 ], [ 512446.838888093130663, 7976258.787703983485699 ], [ 512498.185102944029495, 7976211.351879416964948 ], [ 512548.252720165473875, 7976171.956041774712503 ], [ 512592.985045719367918, 7976124.438217600807548 ], [ 512641.249765333486721, 7976071.986701341345906 ], [ 512706.856456407520454, 7976010.089899824000895 ], [ 512757.898973475501407, 7976008.267000768333673 ], [ 512807.46199317148421, 7976012.189092379063368 ], [ 512859.356609692738857, 7976031.433058867231011 ], [ 512924.060706149786711, 7976068.715695375576615 ], [ 512986.658506284293253, 7976112.128721946850419 ], [ 513087.857743920700159, 7976158.771241663023829 ], [ 513191.351976774749346, 7976178.786104733124375 ], [ 513220.741592652862892, 7976183.209595332853496 ], [ 513305.164592777378857, 7976195.916272047907114 ], [ 513416.40391237399308, 7976198.736862796358764 ], [ 513508.36726288049249, 7976192.673068828880787 ], [ 513545.821401684836019, 7976182.789583379402757 ], [ 513579.801144139142707, 7976125.641775250434875 ], [ 513590.751124327885918, 7976077.115554025396705 ], [ 513606.462696848378982, 7976030.154730048961937 ], [ 513630.277449228451587, 7975996.701222760602832 ], [ 513637.057445371290669, 7975987.177098939195275 ], [ 513700.663642518164124, 7975996.807680493220687 ], [ 513768.465933290426619, 7976016.641945190727711 ], [ 513770.956687189813238, 7976090.419085695408285 ], [ 513749.696369728830177, 7976157.024816753342748 ], [ 513741.516485449974425, 7976214.558023172430694 ], [ 513857.992995883745607, 7976201.725039102137089 ], [ 513941.064060991106089, 7976199.742538732476532 ], [ 514032.871312973846216, 7976222.101298218593001 ], [ 514114.506071999843698, 7976233.851368017494678 ], [ 514118.515574533550534, 7976234.428474327549338 ], [ 514146.119682652060874, 7976242.023125692270696 ], [ 514413.672299195430242, 7976315.634228618815541 ], [ 514500.410451358591672, 7976325.962532290257514 ], [ 514688.733954401512165, 7976348.387062671594322 ], [ 514741.392652173060924, 7976360.514403495937586 ], [ 514788.523693553928751, 7976371.368720568716526 ], [ 514982.415282314352226, 7976442.935194766148925 ], [ 515097.088397561339661, 7976469.900145381689072 ], [ 515257.886437948152889, 7976495.472296044230461 ], [ 515346.432094341667835, 7976495.653591520152986 ], [ 515435.027149957604706, 7976481.295810698531568 ], [ 515543.963971409364603, 7976442.695568429306149 ], [ 515603.538174108834937, 7976428.894788056612015 ], [ 515623.240020732628182, 7976420.828212607651949 ], [ 515650.737096610944718, 7976409.570017297752202 ], [ 515667.7595684210537, 7976397.730269121937454 ], [ 515701.804512044589501, 7976374.050772770307958 ], [ 515735.505455171572976, 7976328.819344948045909 ], [ 515776.910783823404927, 7976243.273782561533153 ], [ 515778.099381084379274, 7976226.653009638190269 ], [ 515830.134492122801021, 7976134.23145797662437 ], [ 515859.360642556217499, 7976090.712927595712245 ], [ 515871.883920358959585, 7976052.619789188727736 ], [ 515877.71200676029548, 7975968.204726772382855 ], [ 515880.496848172741011, 7975889.575207600370049 ], [ 515881.138896450866014, 7975871.447084662504494 ], [ 515881.53730805311352, 7975835.810753123834729 ], [ 515883.534382052137516, 7975657.180434664711356 ], [ 515899.410650710109621, 7975544.138118649832904 ], [ 515926.851099636463914, 7975412.246132924221456 ], [ 515953.160948629840277, 7975244.776705493219197 ], [ 515969.397418353357352, 7975166.057833450846374 ], [ 515987.116588354867417, 7975142.044771851971745 ], [ 515993.903772199875675, 7975038.386441114358604 ], [ 516027.539314473164268, 7974977.304739388637245 ], [ 516057.552462445863057, 7974912.575943822972476 ], [ 516084.344715692510363, 7974848.789646885357797 ], [ 516131.995731444214471, 7974713.808065473102033 ], [ 516162.779178180906456, 7974650.333167855627835 ], [ 516195.144223612151109, 7974612.486028206534684 ], [ 516218.870983069820795, 7974574.073389912955463 ], [ 516266.496701784664765, 7974499.215010115876794 ], [ 516303.672638704243582, 7974448.39429147541523 ], [ 516339.996277267113328, 7974402.933464102447033 ], [ 516363.329537868907209, 7974375.12590847350657 ], [ 516366.723894277703948, 7974369.837502604350448 ], [ 516383.097804120508954, 7974344.326957924291492 ], [ 516393.170585898624267, 7974308.430116228759289 ], [ 516399.330770643951837, 7974205.156985151581466 ], [ 516414.707738664350472, 7974068.235208788886666 ], [ 516420.126596968155354, 7974044.668269105255604 ], [ 516425.759718220215291, 7974020.169487023726106 ], [ 516442.175812957226299, 7973981.776610624976456 ], [ 516459.215159731218591, 7973941.926113595254719 ], [ 516490.769005139474757, 7973879.705214006826282 ], [ 516523.126049696002156, 7973826.663399333134294 ], [ 516568.112473695306107, 7973774.498682573437691 ], [ 516614.819695884245448, 7973742.003533462062478 ], [ 516682.901382569747511, 7973697.067603649571538 ], [ 516758.629457385046408, 7973664.015453938394785 ], [ 516770.611107447475661, 7973662.389853788539767 ], [ 516813.474767563515343, 7973656.574363283813 ], [ 516872.974970953480806, 7973664.58224703092128 ], [ 516935.900869228935335, 7973681.539715902879834 ], [ 517024.454028412816115, 7973749.769399308599532 ], [ 517086.207466396095697, 7973786.199679173529148 ], [ 517112.228688034287188, 7973801.550409720279276 ], [ 517132.686616513237823, 7973808.203419726341963 ], [ 517189.070664087077603, 7973826.539764639921486 ], [ 517289.598201079061255, 7973842.850132506340742 ], [ 517384.454247490444686, 7973862.299495498649776 ], [ 517471.639306172612123, 7973877.134566450491548 ], [ 517567.569149886316154, 7973878.65185874234885 ], [ 517601.515693888475653, 7973866.43247692566365 ], [ 517661.590093879494816, 7973828.14313643053174 ], [ 517718.984598200593609, 7973789.427596773952246 ], [ 517758.512432446412276, 7973765.488633861765265 ], [ 517799.114063954853918, 7973723.617600301280618 ], [ 517822.390621536644176, 7973642.300732417963445 ], [ 517853.101263347547501, 7973494.927072537131608 ], [ 517867.223036935785785, 7973433.570672450587153 ], [ 517882.057510841754265, 7973399.239327976480126 ], [ 517900.375079592631664, 7973374.513267545960844 ], [ 517930.301729325845372, 7973348.441208678297698 ], [ 517950.794956808094867, 7973332.902204851619899 ], [ 517959.111681110516656, 7973326.596042935736477 ], [ 517968.75934325781418, 7973322.715331962332129 ], [ 517982.725442049326375, 7973317.097557210363448 ], [ 518029.838164780579973, 7973310.002766224555671 ], [ 518138.865085194760468, 7973279.98330938629806 ], [ 518292.812431424739771, 7973234.802474861033261 ], [ 518335.43817204615334, 7973219.84182558208704 ], [ 518378.063790597429033, 7973204.881219142116606 ], [ 518447.466711302520707, 7973179.608392714522779 ], [ 518466.421244558412582, 7973172.706166924908757 ], [ 518574.21086566260783, 7973120.992845652624965 ], [ 518647.537743359047454, 7973075.598015974275768 ], [ 518722.94631769991247, 7973031.342484290711582 ], [ 518833.784733570995741, 7972976.71976756118238 ], [ 518978.700891803251579, 7972888.724803625606 ], [ 519057.789260300050955, 7972848.771964608691633 ], [ 519144.261916792136617, 7972810.155122941359878 ], [ 519226.26768156507751, 7972788.445853738114238 ], [ 519318.452429878816474, 7972769.809978857636452 ], [ 519484.438957038219087, 7972741.413915537297726 ], [ 519719.473671602027025, 7972716.887041571550071 ], [ 519735.182286043127533, 7972713.618625370785594 ], [ 519768.78699041652726, 7972706.626655419357121 ], [ 519787.403560747392476, 7972697.286105550825596 ], [ 519808.658924058370758, 7972686.621585854329169 ], [ 519908.654756225761957, 7972613.787999419495463 ], [ 520034.302945883013308, 7972532.103525938466191 ], [ 520036.62214222503826, 7972530.01308436319232 ], [ 520139.019668902154081, 7972437.715574621222913 ], [ 520183.629192010615952, 7972373.691777125000954 ], [ 520232.418807011796162, 7972289.48211257904768 ], [ 520266.797357258503325, 7972233.078841473907232 ], [ 520271.12753976311069, 7972225.974514620378613 ], [ 520277.546532417123672, 7972206.570809949189425 ], [ 520285.757213080651127, 7972181.751086454838514 ], [ 520315.344160820008256, 7972119.702186685986817 ], [ 520338.948218780802563, 7972064.783575567416847 ], [ 520371.1336593759479, 7971956.921151055954397 ], [ 520387.685627589526121, 7971881.808273650705814 ], [ 520401.326699924597051, 7971796.64651298802346 ], [ 520410.87067816889612, 7971698.891473347321153 ], [ 520411.695706776692532, 7971693.880406598560512 ], [ 520415.870168081717566, 7971668.525523034855723 ], [ 520435.059219893475529, 7971600.8780417162925 ], [ 520442.999517661402933, 7971572.885978835634887 ], [ 520461.641282529337332, 7971499.565598431043327 ], [ 520491.831228522176389, 7971426.974816106259823 ], [ 520515.486986767326016, 7971379.142293415032327 ], [ 520542.084640925633721, 7971343.058551182039082 ], [ 520558.640812067955267, 7971315.509495527483523 ], [ 520588.167661524144933, 7971281.083550382405519 ], [ 520618.939908828237094, 7971244.98260791413486 ], [ 520649.416556271316949, 7971203.513474316336215 ], [ 520679.334204212937038, 7971155.655051291920245 ], [ 520728.229620678001083, 7971101.960236673243344 ], [ 520786.078522893891204, 7971055.138210151344538 ], [ 520852.423510763212107, 7971002.004793487489223 ], [ 520894.091940358630382, 7970969.126645009033382 ], [ 520933.835072711401153, 7970930.152806708589196 ], [ 520960.661625942564569, 7970886.740976562723517 ], [ 520967.607133313314989, 7970867.480127880349755 ], [ 520978.025394373922609, 7970838.588854853063822 ], [ 521005.568347715423442, 7970815.29869148042053 ], [ 521049.097474053676706, 7970779.82174717169255 ], [ 521087.225909875880461, 7970754.213486928492785 ], [ 521195.670727814896964, 7970689.044587351381779 ], [ 521259.857019550749101, 7970643.060159009881318 ], [ 521335.578492647327948, 7970601.634622379206121 ], [ 521434.007428804005031, 7970565.182676022872329 ], [ 521508.778904803621117, 7970544.720704830251634 ], [ 521544.603427332069259, 7970537.646649650298059 ], [ 521559.409321090264712, 7970534.723017957061529 ], [ 521600.127753505425062, 7970522.808434907346964 ], [ 521694.602097324968781, 7970504.798758305609226 ], [ 521855.852929415530525, 7970454.498430476523936 ], [ 521893.989766201761086, 7970444.897743742913008 ], [ 521996.761297400516924, 7970442.170441277325153 ], [ 522061.516891713370569, 7970450.425423242151737 ], [ 522100.326928990194574, 7970464.43029747530818 ], [ 522155.835338867735118, 7970478.366370680741966 ], [ 522196.216574798338115, 7970510.330215156078339 ], [ 522239.239906291186344, 7970540.670862127095461 ], [ 522298.08951168920612, 7970568.930911438539624 ], [ 522343.660038286587223, 7970588.608475822024047 ], [ 522345.926670196233317, 7970590.176085351966321 ], [ 522374.03448990843026, 7970609.615539061836898 ], [ 522398.065381862514187, 7970627.986860249191523 ], [ 522408.346035437716637, 7970635.846293400973082 ], [ 522441.820082778285723, 7970668.414437342435122 ], [ 522468.015740715316497, 7970681.434914045035839 ], [ 522497.442741688981187, 7970688.07912309654057 ], [ 522536.889628838922363, 7970696.985683599486947 ], [ 522550.698617201647721, 7970695.777557311579585 ], [ 522590.766440155159216, 7970692.272087617777288 ], [ 522639.385059788357466, 7970683.146399276331067 ], [ 522696.111165926966351, 7970671.223314974457026 ], [ 522747.855280700314324, 7970666.000319961458445 ], [ 522803.544990486348979, 7970682.008489629253745 ], [ 522861.669396565586794, 7970701.979852579534054 ], [ 522886.047118090617005, 7970726.915494995191693 ], [ 522893.0107474217657, 7970734.038497473113239 ], [ 522915.318466499797069, 7970751.205717700533569 ], [ 522920.622303638607264, 7970755.287360465154052 ], [ 522930.631058718718123, 7970767.576902890577912 ], [ 522950.254157612856943, 7970791.671698341146111 ], [ 522993.665988325315993, 7970818.498251008801162 ], [ 523049.985997063689865, 7970833.755321837961674 ], [ 523110.778498150699306, 7970844.444999867118895 ], [ 523156.740650523861405, 7970846.483496089465916 ], [ 523158.29182039987063, 7970846.552292998880148 ], [ 523200.270950617908966, 7970833.135412121191621 ], [ 523247.95707158849109, 7970821.307228211313486 ], [ 523288.762003334530164, 7970802.42495642695576 ], [ 523326.018440269865096, 7970774.804899306036532 ], [ 523373.367960931442212, 7970751.17393487598747 ], [ 523411.444397752988152, 7970740.882549103349447 ], [ 523506.100141379109118, 7970724.945068540051579 ], [ 523589.652104388980661, 7970725.291361890733242 ], [ 523665.847879708686378, 7970729.065350103192031 ], [ 523737.571162698208354, 7970737.406631094403565 ], [ 523836.509001702244859, 7970754.503195621073246 ], [ 523957.385148087516427, 7970781.718268557451665 ], [ 523967.858988487685565, 7970784.076437136158347 ], [ 524003.144285473274067, 7970799.297697586007416 ], [ 524115.414851244888268, 7970847.728621182963252 ], [ 524207.384901718818583, 7970864.738786265254021 ], [ 524251.073437830375042, 7970860.916534908115864 ], [ 524283.364976655109785, 7970858.091391542926431 ], [ 524357.480154238524847, 7970846.039005855098367 ], [ 524417.02970096108038, 7970826.610504185780883 ], [ 524433.270428118412383, 7970821.311840936541557 ], [ 524462.879815684515052, 7970815.00924625992775 ], [ 524522.098081046831794, 7970802.404165415093303 ], [ 524596.575758328428492, 7970794.496172811836004 ], [ 524669.654539701878093, 7970810.37504106014967 ], [ 524767.858082364546135, 7970858.856553596444428 ], [ 524856.071743037668057, 7970928.396532139740884 ], [ 524925.635834445711225, 7970999.568009419366717 ], [ 525013.184795699780807, 7971061.510000531561673 ], [ 525093.207623622030951, 7971114.522703092545271 ], [ 525141.469093157909811, 7971143.55245578289032 ], [ 525200.744156216620468, 7971162.769766826182604 ], [ 525285.09695787448436, 7971162.307313233613968 ], [ 525301.860131093300879, 7971162.230959860607982 ], [ 525352.23554783326108, 7971162.001508489251137 ], [ 525424.468329951865599, 7971168.210292597301304 ], [ 525450.797787634306587, 7971178.782973097637296 ], [ 525453.627877904335037, 7971179.309870154596865 ], [ 525497.849211220396683, 7971187.542854955419898 ], [ 525543.493037726497278, 7971204.081924095749855 ], [ 525583.952272137394175, 7971213.070406086742878 ], [ 525625.620503467856906, 7971208.032911097630858 ], [ 525658.132150328485295, 7971209.712605757638812 ], [ 525684.379707140033133, 7971207.416207463480532 ], [ 525714.331557143479586, 7971195.747624321840703 ], [ 525740.587913002702408, 7971181.618245527148247 ], [ 525750.012196642463095, 7971170.00546392519027 ], [ 525763.636972790816799, 7971150.717094643041492 ], [ 525765.262663410743698, 7971144.796150860376656 ], [ 525769.706961093354039, 7971128.609530607238412 ], [ 525771.826955761644058, 7971105.107569186016917 ], [ 525772.293452898971736, 7971078.618212826550007 ], [ 525777.86284125468228, 7971046.810364832170308 ], [ 525792.921013822895475, 7971012.084220895543694 ], [ 525801.287698231055401, 7970988.383759317919612 ], [ 525820.377965318504721, 7970967.921191541478038 ], [ 525836.558337687863968, 7970953.977313248440623 ], [ 525859.499199423706159, 7970945.706125061959028 ], [ 525895.477440247428603, 7970943.254426232539117 ], [ 525925.178791352198459, 7970940.655928143300116 ], [ 525975.403010386042297, 7970957.83829578384757 ], [ 526015.160155559075065, 7970970.044776313006878 ], [ 526054.79318219050765, 7970982.213149212300777 ], [ 526070.657785376999527, 7970987.969811263494194 ], [ 526116.612982649472542, 7971004.645207242108881 ], [ 526180.150881242472678, 7971038.75924585852772 ], [ 526190.292299706954509, 7971042.887486984021962 ], [ 526236.444890817045234, 7971061.674703522585332 ], [ 526264.262209157575853, 7971080.042866795323789 ], [ 526282.98221702221781, 7971092.40394908003509 ], [ 526341.926723434356973, 7971129.703882794827223 ], [ 526380.296263212105259, 7971162.539725539274514 ], [ 526413.554510508314706, 7971184.686486317776144 ], [ 526456.232145302812569, 7971242.897986875846982 ], [ 526538.031114210723899, 7971278.894420855678618 ], [ 526602.251210468937643, 7971296.940385844558477 ], [ 526656.620551217696629, 7971303.474561379291117 ], [ 526659.227517686435021, 7971303.787869876250625 ], [ 526691.190666572423652, 7971319.087842029519379 ], [ 526792.743906687712297, 7971397.900903761386871 ], [ 526808.792405717074871, 7971407.93327181506902 ], [ 526840.602330761728808, 7971427.818550501018763 ], [ 526866.362004288006574, 7971436.025311591103673 ], [ 526897.164039604715072, 7971445.838516118004918 ], [ 526989.738489961135201, 7971469.755969010293484 ], [ 527095.644017938990146, 7971486.93893186468631 ], [ 527145.108636975637637, 7971487.483426828868687 ], [ 527154.199804409407079, 7971493.886081860400736 ], [ 527168.843599496874958, 7971504.199297298677266 ], [ 527191.473164768889546, 7971532.148149350658059 ], [ 527222.253118499997072, 7971581.656265202909708 ], [ 527245.202481570537202, 7971589.392750531435013 ], [ 527288.165313704754226, 7971619.042598074302077 ], [ 527360.168700456502847, 7971674.340500920079648 ], [ 527381.529266612837091, 7971687.783976971171796 ], [ 527403.11013162357267, 7971691.811968513764441 ], [ 527411.171859600464813, 7971691.549677248112857 ], [ 527428.442590077174827, 7971690.987767728045583 ], [ 527449.445120555814356, 7971680.450025113299489 ], [ 527452.841448994236998, 7971677.443987970240414 ], [ 527474.31581223057583, 7971658.437717456370592 ], [ 527495.65081755653955, 7971643.598434237763286 ], [ 527501.21556661115028, 7971639.727945992723107 ], [ 527581.452333405148238, 7971618.09187481738627 ], [ 527623.793963289353997, 7971608.819286486133933 ], [ 527652.804515573312528, 7971606.281188194639981 ], [ 527695.577646521152928, 7971617.85136548243463 ], [ 527722.855795163894072, 7971626.977767787873745 ], [ 527728.559793455759063, 7971628.886144483461976 ], [ 527746.193230756442063, 7971634.559022462926805 ], [ 527782.988905829377472, 7971646.396610978990793 ], [ 527803.710671746754088, 7971644.583712191320956 ], [ 527869.951661365106702, 7971622.084043562412262 ], [ 527693.492318826494738, 7971251.930168650113046 ], [ 527581.221718836110085, 7969077.658669610507786 ], [ 527761.105811022571288, 7968938.030285410583019 ], [ 527293.191604970605113, 7968028.907531425356865 ], [ 528297.983956396230496, 7967717.50422690808773 ], [ 528741.987677319091745, 7967579.89945144020021 ], [ 528975.526550399023108, 7967341.627045490778983 ], [ 529311.317185899824835, 7966999.030365291051567 ], [ 529655.179012636654079, 7966939.713732656091452 ], [ 529885.390128564555198, 7966897.996380917727947 ], [ 530105.274762344663031, 7966865.534714597277343 ], [ 530207.465137164341286, 7966842.905921386554837 ], [ 530411.846049562329426, 7966797.648298925720155 ], [ 530671.1713166765403, 7966750.599752800539136 ], [ 530896.037941406364553, 7966711.437996638007462 ], [ 530975.346508796559647, 7966695.103216257877648 ], [ 530980.000598230632022, 7966664.767366252839565 ], [ 531007.069544357946143, 7966568.437223860993981 ], [ 531026.359797909972258, 7966415.01827719528228 ], [ 531025.678789993165992, 7966319.723935792222619 ], [ 531017.382791699259542, 7966193.079047314822674 ], [ 531013.021526655647904, 7966034.57659472245723 ], [ 531012.912183684878983, 7966030.602718167006969 ], [ 531006.354828897165135, 7966002.327731713652611 ], [ 530978.265226859715767, 7965881.20677019096911 ], [ 530894.902895295876078, 7965733.43059700820595 ], [ 530855.266609255340882, 7965656.714855750091374 ], [ 530830.795701155206189, 7965598.898005090653896 ], [ 530820.610258919885382, 7965574.833095436915755 ], [ 530772.994824741384946, 7965436.315930744633079 ], [ 530750.486654294421896, 7965354.067369946278632 ], [ 530750.823849609238096, 7965310.188943046145141 ], [ 530767.497512225410901, 7965206.416014461778104 ], [ 530785.586973260738887, 7965110.871472056955099 ], [ 530830.22688513493631, 7964960.802918103523552 ], [ 530866.940015825908631, 7964871.28506394661963 ], [ 530868.110117198666558, 7964858.513643579557538 ], [ 530871.568403384997509, 7964820.767147790640593 ], [ 530865.086593642714433, 7964603.481610982678831 ], [ 530841.707119242171757, 7964463.540046790614724 ], [ 530820.209345263545401, 7964361.018719994463027 ], [ 530799.263972471584566, 7964280.721456062048674 ], [ 530792.013466675649397, 7964226.833750197663903 ], [ 530791.303980119642802, 7964221.560655619949102 ], [ 530829.104910107562318, 7964144.475880801677704 ], [ 530844.940279881120659, 7964102.721649052575231 ], [ 530755.942022296250798, 7964045.59445290081203 ], [ 530972.413988295476884, 7963257.635549824684858 ], [ 531166.634125968907028, 7961792.454686090350151 ], [ 528913.456288068555295, 7961849.520297734066844 ], [ 526557.648432478541508, 7960824.137919461354613 ], [ 525213.607801564619876, 7959839.728581703267992 ], [ 525197.802801361074671, 7959271.243062161840498 ], [ 525165.600649481057189, 7958112.973096581175923 ], [ 524758.757689009653404, 7956211.482543927617371 ], [ 524619.835905695450492, 7956042.581088870763779 ], [ 523371.812604868784547, 7954525.231207352131605 ], [ 523345.393367265118286, 7954508.334213886409998 ], [ 523051.096932225569617, 7954320.110578761436045 ], [ 522771.176201932365075, 7954272.576879182830453 ], [ 522538.789092462684494, 7954240.887749161571264 ], [ 522279.994429098907858, 7954230.324684861116111 ], [ 522237.821890803985298, 7954197.320076510310173 ], [ 522158.51942798809614, 7954135.257254766300321 ], [ 522104.08649388019694, 7954101.760091299191117 ], [ 522021.199754436442163, 7954050.752907760441303 ], [ 521916.179777832934633, 7954010.360623458400369 ], [ 521883.880183064437006, 7953997.937706815078855 ], [ 521699.026787228183821, 7953871.181134766899049 ], [ 521503.610412852547597, 7953797.239773488603532 ], [ 521244.815740992024075, 7953649.357042072340846 ], [ 521022.991807137266733, 7953506.755899153649807 ], [ 520980.556370072823483, 7953471.86455063521862 ], [ 520785.323196953453589, 7953311.339547088369727 ], [ 520679.770249592489563, 7953259.685957847163081 ], [ 520537.091609554016031, 7953189.864469675347209 ], [ 520392.74994090560358, 7953111.507616476155818 ], [ 520352.238216313591693, 7953089.515552181750536 ], [ 520135.695782674185466, 7953084.234074598178267 ], [ 519982.531542676326353, 7953094.797066007740796 ], [ 519882.182616110600065, 7953152.893873162567616 ], [ 519810.882040882890578, 7953220.233262793160975 ], [ 519787.115182472392917, 7953242.679726000875235 ], [ 519739.314654250571039, 7953254.629852917045355 ], [ 519639.232535027666017, 7953279.65037196315825 ], [ 519512.475949593994301, 7953279.650379559956491 ], [ 519369.874790048110299, 7953263.805815035477281 ], [ 519332.904149526089896, 7953210.990607178770006 ], [ 519293.485931095085107, 7953184.71179851796478 ], [ 519237.836706764006522, 7953147.612320749089122 ], [ 519174.458409146114718, 7953063.107968437485397 ], [ 519121.643191826937255, 7952946.914369514212012 ], [ 519026.575737266684882, 7952677.556734167039394 ], [ 518915.663713977846783, 7952482.140273824334145 ], [ 518746.654986930487212, 7952244.471788986586034 ], [ 518582.927750268485397, 7951990.958630971610546 ], [ 518382.229876022785902, 7951726.882393194362521 ], [ 518097.027550249244086, 7951547.310615830123425 ], [ 517743.165443961857818, 7951415.272460831329226 ], [ 517590.001298153190874, 7951304.360458645969629 ], [ 517484.370773093018215, 7951219.856108752079308 ], [ 517404.288886407390237, 7951133.614064581692219 ], [ 517347.051198590022977, 7951071.973468876443803 ], [ 517315.362045215268154, 7950934.653805357404053 ], [ 517283.672892424743623, 7950807.897223824635148 ], [ 517262.546819755400065, 7950644.170005036517978 ], [ 517230.857664800598286, 7950475.161295920610428 ], [ 517188.605431439471431, 7950374.812269907444715 ], [ 517182.709728215646464, 7950369.899184457957745 ], [ 517093.537989079020917, 7950295.589410518296063 ], [ 516966.781499058590271, 7950184.677407036535442 ], [ 516797.772679976245854, 7950052.63934189453721 ], [ 516681.579173500998877, 7949968.13499259762466 ], [ 516607.637796733295545, 7949915.319686844944954 ], [ 516417.503013649140485, 7949778.000131743960083 ], [ 516367.309595594764687, 7949706.672756494954228 ], [ 516317.153977497771848, 7949635.398981161415577 ], [ 516290.746418044611346, 7949545.61303638573736 ], [ 516232.649612610694021, 7949455.827193211764097 ], [ 515905.195158660586458, 7949207.595535026863217 ], [ 515789.001651188766118, 7949091.402039998210967 ], [ 515725.623347160406411, 7948837.888878089375794 ], [ 515730.904826546320692, 7948594.938794925808907 ], [ 515730.904913685808424, 7948325.58105755969882 ], [ 515704.497249967418611, 7948140.72767645213753 ], [ 515672.808099072775804, 7948035.09725951962173 ], [ 515535.48852869309485, 7947929.466747662983835 ], [ 515424.576511539809871, 7947786.865598103031516 ], [ 515186.907915324089117, 7947734.050400072708726 ], [ 514896.424110422260128, 7947702.361267962493002 ], [ 514737.978378911211621, 7947649.545965993776917 ], [ 514664.037102497939486, 7947586.167678344063461 ], [ 514568.969658267393243, 7947433.003546107560396 ], [ 514500.309768250503112, 7947263.994740011170506 ], [ 514489.746777031337842, 7947052.73380415700376 ], [ 514468.620703679393046, 7946836.191278000362217 ], [ 514415.805389247718267, 7946725.279271398670971 ], [ 514386.75703184271697, 7946561.552054782398045 ], [ 514349.786388958455063, 7946418.950902182608843 ], [ 514401.281195024494082, 7946288.233225255273283 ], [ 514561.047311619098764, 7946070.370393855497241 ], [ 514827.76433217927115, 7945576.547833944670856 ], [ 514743.259867967746686, 7945370.568493409082294 ], [ 514690.44465062674135, 7945190.996605935506523 ], [ 514547.843489179678727, 7945048.395458675920963 ], [ 514463.339127593266312, 7944895.231327109970152 ], [ 514463.339121806726325, 7944763.19325534068048 ], [ 514389.397840565245133, 7944573.058387346565723 ], [ 514215.107535588846076, 7944467.427877658978105 ], [ 513961.594371857470833, 7944477.990970326587558 ], [ 513898.21608436916722, 7944562.495326885953546 ], [ 513816.352427511010319, 7944620.592029900290072 ], [ 513663.188292937295046, 7944673.407345028594136 ], [ 513539.072505361633375, 7944652.281186729669571 ], [ 513441.364271234953776, 7944602.106777526438236 ], [ 513372.704488597984891, 7944586.262207746505737 ], [ 513219.540252060280181, 7944591.543704858981073 ], [ 513066.376116249302868, 7944615.310569936409593 ], [ 512907.930388461216353, 7944612.669780815020204 ], [ 512728.358597287908196, 7944617.951278744265437 ], [ 512638.572652001690585, 7944628.514363974332809 ], [ 512519.738359140057582, 7944705.096436156891286 ], [ 512422.030229825701099, 7944779.037812074646354 ], [ 512324.321999184263404, 7944818.649247316643596 ], [ 512187.002334712713491, 7944808.086170747876167 ], [ 512086.653404018143192, 7944723.58182056620717 ], [ 512015.352824800473172, 7944676.048105384223163 ], [ 511954.615327258652542, 7944623.232798937708139 ], [ 511899.159321038401686, 7944580.980674029327929 ], [ 511841.062520132516511, 7944559.8545126831159 ], [ 511716.946734214317985, 7944580.980680646374822 ], [ 511664.131525549571961, 7944596.825255142524838 ], [ 511550.578721729980316, 7944625.873608971945941 ], [ 511421.181444750865921, 7944644.358881584368646 ], [ 511294.424862767918967, 7944649.640476882457733 ], [ 511149.182912369375117, 7944649.640481896698475 ], [ 511075.241639436921105, 7944649.640484426170588 ], [ 510982.814899772987701, 7944694.533409950323403 ], [ 510409.769577371480409, 7944470.068616976961493 ], [ 510185.304862087185029, 7944433.097988049499691 ], [ 509910.665631045994814, 7944327.467479282990098 ], [ 508717.701370821218006, 7943895.702960841357708 ], [ 508068.073965404182673, 7942950.31011575832963 ], [ 504051.475107317324728, 7936483.084169475361705 ], [ 515013.277767910971306, 7929096.8730832291767 ], [ 516713.928467096004169, 7929117.999164065346122 ], [ 516270.280493221012875, 7925896.269623033702374 ], [ 519560.66985286277486, 7924169.211333641782403 ], [ 520183.889640089590102, 7924111.114600454457104 ], [ 522523.604748477111571, 7923715.000260102562606 ], [ 522634.516745202068705, 7923630.495904052630067 ], [ 525644.985351643990725, 7923239.663087047636509 ], [ 525787.58649374730885, 7923192.129461335018277 ], [ 528602.638714790460654, 7922494.968283699825406 ], [ 535505.590408068266697, 7920773.191520527936518 ], [ 538692.989995262469165, 7914628.138497338630259 ], [ 529783.892589880153537, 7904146.42563886102289 ], [ 548998.330128499539569, 7888028.355241197161376 ], [ 548959.518096863757819, 7887993.855612257495522 ], [ 548645.263729333993979, 7887563.420874752104282 ], [ 548109.703138609183952, 7886829.862445165403187 ], [ 547365.348406189586967, 7885810.318289936520159 ], [ 547129.601108697941527, 7885488.322036084719002 ], [ 547116.663730465807021, 7885468.197276225313544 ], [ 547106.601347767398693, 7885455.25990227330476 ], [ 547102.288851227029227, 7885420.760268642567098 ], [ 547102.288847496150993, 7885393.448120718821883 ], [ 547085.039074890548363, 7885354.635997092351317 ], [ 547063.476812031702138, 7885327.323852123692632 ], [ 547017.477296870551072, 7885310.074091316200793 ], [ 546948.646424416569062, 7885288.615441644564271 ], [ 546916.853484078194015, 7885284.199354405514896 ], [ 546895.29122260492295, 7885266.949590243399143 ], [ 546883.072544010938145, 7885254.01221658103168 ], [ 546875.885155583266169, 7885238.918646346777678 ], [ 546860.072881650878116, 7885210.169003337621689 ], [ 546853.604190986254252, 7885188.606745346449316 ], [ 546850.72919496987015, 7885177.825566301122308 ], [ 546844.260505966609344, 7885168.481985003687441 ], [ 546834.198123481241055, 7885156.982108309864998 ], [ 546823.41704294574447, 7885149.794623486697674 ], [ 546804.729676815681159, 7885138.294747967272997 ], [ 546788.917405332555063, 7885127.513670685701072 ], [ 546773.105034141684882, 7885118.888789288699627 ], [ 546761.605253024958074, 7885097.326531985774636 ], [ 546761.605251075350679, 7885082.951659406535327 ], [ 546786.76120259554591, 7885077.201766952872276 ], [ 546801.854773880681023, 7885076.482966272160411 ], [ 546827.729423940181732, 7885070.014275090768933 ], [ 546847.135485678212717, 7885059.233193012885749 ], [ 546893.134993081563152, 7885019.702362162992358 ], [ 546897.447384121245705, 7885013.952472544275224 ], [ 546897.447383534279652, 7885009.639980772510171 ], [ 546905.353563851444051, 7884975.140345520339906 ], [ 546908.947254496044479, 7884956.453080683946609 ], [ 546916.134636858245358, 7884926.98463593237102 ], [ 546916.853435006458312, 7884923.390942695550621 ], [ 546923.322121466742828, 7884914.047359639778733 ], [ 546940.571885720361024, 7884891.766299800947309 ], [ 546939.134387663798407, 7884886.016410971991718 ], [ 546933.384496025857516, 7884867.329147418960929 ], [ 546921.884616470197216, 7884857.266768189147115 ], [ 546911.8222346768016, 7884850.798081904649734 ], [ 546884.509985017590225, 7884840.01690620277077 ], [ 546858.635332632809877, 7884829.235830306075513 ], [ 546845.69795639347285, 7884823.485843037255108 ], [ 546837.791770512238145, 7884817.017156461253762 ], [ 546825.573190664872527, 7884794.736200649291277 ], [ 546829.166881118202582, 7884774.611438565887511 ], [ 546839.229259001789615, 7884752.330479722470045 ], [ 546847.854140884941444, 7884739.393103241920471 ], [ 546864.385206398903392, 7884716.393344889394939 ], [ 546881.6350710359402, 7884696.987279582768679 ], [ 546890.978651257581078, 7884681.893707119859755 ], [ 546896.728638004977256, 7884664.643939264118671 ], [ 546895.291139460867271, 7884655.300257295370102 ], [ 546893.134942675475031, 7884648.831569936126471 ], [ 546890.97864578710869, 7884641.64418395422399 ], [ 546883.791257864097133, 7884630.144306885078549 ], [ 546878.041267405962572, 7884620.081926880404353 ], [ 546851.447916499804705, 7884610.019549709744751 ], [ 546827.729360042139888, 7884599.238473521545529 ], [ 546804.729601052240469, 7884579.832413701340556 ], [ 546794.667218587710522, 7884568.332537022419274 ], [ 546780.292444499325939, 7884558.270158190280199 ], [ 546764.480071974685416, 7884539.582896017469466 ], [ 546763.761372947948985, 7884536.707901606336236 ], [ 546763.042573338490911, 7884529.52051542326808 ], [ 546764.480069637531415, 7884522.333028953522444 ], [ 546774.542449565138668, 7884515.145641309209168 ], [ 546794.667211082065478, 7884512.989442688412964 ], [ 546807.604587018140592, 7884516.58313406817615 ], [ 546819.10446568147745, 7884520.176825642585754 ], [ 546829.885645806207322, 7884524.489315941929817 ], [ 546850.729106640559621, 7884527.364207610487938 ], [ 546857.197794366045855, 7884527.364206731319427 ], [ 546878.04125481180381, 7884527.364203891716897 ], [ 546888.103735521202907, 7884525.926805264316499 ], [ 546906.790999468881637, 7884521.614310952834785 ], [ 546920.447072186041623, 7884511.551928299479187 ], [ 546926.196960296947509, 7884504.364541243761778 ], [ 546936.259339733398519, 7884493.583360454067588 ], [ 546943.446824235725217, 7884479.927285549230874 ], [ 546947.759213312179781, 7884459.802523387596011 ], [ 546956.384193323785439, 7884433.209072991274297 ], [ 546965.727773437742144, 7884417.396701915189624 ], [ 546972.196459693252109, 7884406.61562161706388 ], [ 546991.602520120330155, 7884386.490857399068773 ], [ 547002.898197284317575, 7884376.256175402551889 ], [ 547002.383594173355959, 7884346.241332797333598 ], [ 546971.477750199497677, 7884326.835274077020586 ], [ 546915.415857013664208, 7884329.710276234894991 ], [ 546901.759782937471755, 7884329.710278099402785 ], [ 546885.228714319178835, 7884329.71028034761548 ], [ 546870.135142872808501, 7884328.991483779624104 ], [ 546855.041571035864763, 7884325.39779270067811 ], [ 546839.947998029412702, 7884313.179218090139329 ], [ 546833.479308263282292, 7884298.08564779907465 ], [ 546834.198003873461857, 7884275.804590258747339 ], [ 546836.35419792693574, 7884262.148516047745943 ], [ 546837.072993832407519, 7884242.023754393681884 ], [ 546857.916448601288721, 7884200.336731184273958 ], [ 546870.85382159659639, 7884182.368163746781647 ], [ 546877.322507947217673, 7884172.305782089009881 ], [ 546883.791194006684236, 7884160.087204548530281 ], [ 546886.666186593472958, 7884145.712331619113684 ], [ 546879.478697801940143, 7884127.743766926229 ], [ 546852.166546736028977, 7884106.181611839681864 ], [ 546831.500784910866059, 7884098.291329727508128 ], [ 546828.448088949779049, 7884085.338054891675711 ], [ 546816.948209032882005, 7884072.400681175291538 ], [ 546811.198218686738983, 7884063.057099808007479 ], [ 546802.573333603562787, 7884052.275921585038304 ], [ 546795.385945205343887, 7884037.182351395487785 ], [ 546791.792249984689988, 7884022.088780725374818 ], [ 546767.354992500855587, 7883993.339138981886208 ], [ 546742.917732880217955, 7883948.777127454988658 ], [ 546728.542958917911164, 7883939.433447265997529 ], [ 546717.761777158011682, 7883922.902380318380892 ], [ 546701.230707002803683, 7883911.402604540809989 ], [ 546691.168324853642844, 7883902.05892376229167 ], [ 546676.793550603208132, 7883890.559047686867416 ], [ 546673.918554217671044, 7883876.902974177151918 ], [ 546676.793543605133891, 7883838.809646596200764 ], [ 546681.105932012666017, 7883813.653694090433419 ], [ 546691.168311827466823, 7883805.747507835738361 ], [ 546720.636751950951293, 7883776.997858788818121 ], [ 546732.855326403630897, 7883759.747990103438497 ], [ 546740.042809147038497, 7883733.15463996399194 ], [ 546762.323759610531852, 7883679.96773861348629 ], [ 546760.886256403522566, 7883636.124422629363835 ], [ 546760.886255138088018, 7883626.780840494669974 ], [ 546760.886253094649874, 7883611.687269351445138 ], [ 546765.91744002874475, 7883585.812518138438463 ], [ 546769.511129792197607, 7883560.656565751880407 ], [ 546773.104819261934608, 7883533.344417490065098 ], [ 546774.54231604328379, 7883529.750624163076282 ], [ 546774.542314290883951, 7883516.813348906114697 ], [ 546783.167296242318116, 7883504.594671100378036 ], [ 546793.948373801889829, 7883490.219897121191025 ], [ 546803.292054094723426, 7883475.845023340545595 ], [ 546809.760639657266438, 7883460.032752700150013 ], [ 546828.447999165975489, 7883423.37682026065886 ], [ 546832.760387068032287, 7883394.627174660563469 ], [ 546819.823109810706228, 7883380.971102537587285 ], [ 546816.94811469304841, 7883376.65861117746681 ], [ 546811.198124649235979, 7883369.471225708723068 ], [ 546800.417044561123475, 7883365.158835422247648 ], [ 546775.979789654025808, 7883355.096357989124954 ], [ 546760.88621747342404, 7883348.627772409468889 ], [ 546745.073947339435108, 7883347.190277306362987 ], [ 546727.105381110566668, 7883344.315285246819258 ], [ 546701.949428839143366, 7883343.596590032801032 ], [ 546689.012052461272106, 7883336.409105535596609 ], [ 546678.230871986947022, 7883329.221720745787024 ], [ 546678.949669164372608, 7883318.44054127112031 ], [ 546682.543359707924537, 7883299.034577900543809 ], [ 546685.418346760212444, 7883243.691483380272985 ], [ 546684.699547155294567, 7883236.503997229970992 ], [ 546681.824651261791587, 7883226.441616868600249 ], [ 546676.074658989091404, 7883202.723163023591042 ], [ 546670.324767203070223, 7883182.59840230550617 ], [ 546664.574774834676646, 7883158.161149837076664 ], [ 546650.199998677358963, 7883132.286501290276647 ], [ 546647.325003272038884, 7883125.817814059555531 ], [ 546639.418816657038406, 7883113.5991385076195 ], [ 546634.387623896938749, 7883096.349372196942568 ], [ 546628.63773298880551, 7883082.693299105390906 ], [ 546622.169043351896107, 7883068.31842748913914 ], [ 546607.075468663359061, 7883043.162477666512132 ], [ 546593.419390370720066, 7883011.537840036675334 ], [ 546579.044513351283967, 7882979.194503877311945 ], [ 546568.645030680345371, 7882961.006040090695024 ], [ 546555.361154164071195, 7882947.761367235332727 ], [ 546559.638443871634081, 7882931.757497290149331 ], [ 546560.357239694800228, 7882910.914037083275616 ], [ 546563.232130447635427, 7882882.88309034705162 ], [ 546566.825919540948234, 7882852.695947640575469 ], [ 546574.73199762031436, 7882801.665244256146252 ], [ 546570.419603500748053, 7882784.415477860718966 ], [ 546568.983403291669674, 7882762.604619808495045 ], [ 546560.357217706739902, 7882747.759649395011365 ], [ 546552.451030617114156, 7882731.947280738502741 ], [ 546540.232452417141758, 7882721.166203029453754 ], [ 546526.576278307009488, 7882720.447406250052154 ], [ 546510.764008493162692, 7882721.166207008063793 ], [ 546502.139125389046967, 7882724.759901292622089 ], [ 546492.076746759819798, 7882741.29097100161016 ], [ 546479.858073975890875, 7882770.759416236542165 ], [ 546469.795695057604462, 7882785.134190076962113 ], [ 546461.889612032682635, 7882799.509063626639545 ], [ 546456.139624810311943, 7882813.165138259530067 ], [ 546450.389736812678166, 7882821.071323899552226 ], [ 546442.483554077916779, 7882837.602393323555589 ], [ 546427.38998463016469, 7882851.2584692183882 ], [ 546401.515232408186421, 7882840.477293344214559 ], [ 546392.171648349729367, 7882826.821220740675926 ], [ 546382.827959373942576, 7882776.509318311698735 ], [ 546384.26545528578572, 7882766.446937382221222 ], [ 546393.609134033322334, 7882740.572185657918453 ], [ 546405.827707982738502, 7882719.72872391436249 ], [ 546425.952464957837947, 7882684.510388629510999 ], [ 546442.483530404395424, 7882661.510630436241627 ], [ 546453.983406104380265, 7882643.542063293978572 ], [ 546455.420902982121333, 7882640.667068604379892 ], [ 546469.076971772243269, 7882601.855041081085801 ], [ 546468.358170821797103, 7882584.605274207890034 ], [ 546468.358168113278225, 7882564.480512744747102 ], [ 546474.108153013861738, 7882533.574571155011654 ], [ 546486.32672472752165, 7882496.200041081756353 ], [ 546489.201714225462638, 7882458.825412277132273 ], [ 546487.764213094837032, 7882430.075767534784973 ], [ 546474.82683511544019, 7882410.669706450775266 ], [ 546469.076941905659623, 7882379.763866426423192 ], [ 546464.764446057612076, 7882349.576724835671484 ], [ 546464.764441805309616, 7882317.952085415832698 ], [ 546471.233124847523868, 7882283.452450636774302 ], [ 546471.233124655787833, 7882282.014953386969864 ], [ 546474.108118213247508, 7882274.827566770836711 ], [ 546481.295501530985348, 7882252.546508486382663 ], [ 546487.04548719630111, 7882227.39055590890348 ], [ 546480.576797295012511, 7882210.85948845744133 ], [ 546460.452033588895574, 7882195.765920088626444 ], [ 546454.702042222139426, 7882178.516153918579221 ], [ 546452.545845457352698, 7882172.04746660310775 ], [ 546453.264543896657415, 7882170.609969258308411 ], [ 546461.170727291144431, 7882159.110090225934982 ], [ 546478.420491637312807, 7882138.266627840697765 ], [ 546492.076663790154271, 7882124.610552167519927 ], [ 546505.013938472955488, 7882119.579260062426329 ], [ 546521.545006212661974, 7882113.829368848353624 ], [ 546537.357375611551106, 7882110.235673598945141 ], [ 546559.638332300470211, 7882103.766982985660434 ], [ 546588.388075895956717, 7882091.548402516171336 ], [ 546613.544025459210388, 7882072.86103492602706 ], [ 546635.824979237280786, 7882044.830185631290078 ], [ 546661.699726940598339, 7882022.549124833196402 ], [ 546689.73057296173647, 7882018.236729299649596 ], [ 546740.042580227833241, 7882041.236378399655223 ], [ 546760.167342282831669, 7882044.111370156519115 ], [ 546775.979612743714824, 7882048.423859750851989 ], [ 546811.916742926114239, 7882038.361474152654409 ], [ 546823.41661926836241, 7882025.424097383394837 ], [ 546837.791389741003513, 7882009.611725736409426 ], [ 546855.041254346841015, 7881990.924459207803011 ], [ 546866.541129322024062, 7881967.924701727926731 ], [ 546883.790891585405916, 7881931.987668264657259 ], [ 546909.665537995751947, 7881900.363025367259979 ], [ 546932.665290270466357, 7881871.613377345725894 ], [ 546965.727418681839481, 7881808.364094099029899 ], [ 546991.602158433524892, 7881727.864944917149842 ], [ 547008.851922040455975, 7881701.990292181260884 ], [ 547053.413932608440518, 7881668.928149498999119 ], [ 547119.538200111011975, 7881621.491131437942386 ], [ 547189.974860551068559, 7881582.679096234962344 ], [ 547277.661287305643782, 7881538.117069687694311 ], [ 547329.410784124396741, 7881505.054926002398133 ], [ 547355.285434794262983, 7881505.054922448471189 ], [ 547422.847198693430983, 7881451.868115182965994 ], [ 547442.971957166679204, 7881428.868356537073851 ], [ 547454.471832280047238, 7881407.306096320971847 ], [ 547488.971358007984236, 7881345.494310153648257 ], [ 547539.283345860079862, 7881227.620629394426942 ], [ 547569.470471677952446, 7881106.871956966817379 ], [ 547565.157975950161926, 7881078.122312745079398 ], [ 547563.720474344911054, 7881046.497673641890287 ], [ 547576.657843333436176, 7881000.498160155490041 ], [ 547586.720220377901569, 7880973.186011196114123 ], [ 547618.34485588176176, 7880942.998864783905447 ], [ 547634.157223727786914, 7880928.623990196734667 ], [ 547662.906865896773525, 7880907.061727620661259 ], [ 547713.218765328754671, 7880873.999584142118692 ], [ 547743.405905144638382, 7880855.312315842136741 ], [ 547750.593290037824772, 7880845.249934168532491 ], [ 547766.405655691516586, 7880815.06278994306922 ], [ 547795.155293673626147, 7880763.313385330140591 ], [ 547825.342416581115685, 7880622.439951699227095 ], [ 547861.279541213181801, 7880573.565540593117476 ], [ 547911.591425254708156, 7880429.817209763452411 ], [ 547918.778803366934881, 7880370.880322003737092 ], [ 547918.778801374719478, 7880356.505549626424909 ], [ 547915.90389651642181, 7880281.756393663585186 ], [ 547904.404011119273491, 7880228.569497479125857 ], [ 547902.966506503755227, 7880175.382599901407957 ], [ 547907.278988712700084, 7880106.38333192653954 ], [ 547890.029110732488334, 7880027.321786303073168 ], [ 547892.904100862564519, 7879995.697146704420447 ], [ 547902.966473476961255, 7879936.760358620434999 ], [ 547904.403965558623895, 7879899.385730287060142 ], [ 547901.528962500626221, 7879837.573949547484517 ], [ 547874.216805558651686, 7879771.449680496007204 ], [ 547869.904312011785805, 7879758.512405978515744 ], [ 547865.591916282428429, 7879729.762661869637668 ], [ 547865.591911114519462, 7879692.388133754953742 ], [ 547865.591905746492557, 7879653.576108412817121 ], [ 547871.341789388097823, 7879614.763982273638248 ], [ 547872.779278887901455, 7879558.702189920470119 ], [ 547861.279395313933492, 7879518.452568953856826 ], [ 547861.279394120210782, 7879509.827685547992587 ], [ 547861.279392930446193, 7879501.202802140265703 ], [ 547862.716885013272986, 7879463.828273851424456 ], [ 547902.966381392907351, 7879271.205438945442438 ], [ 547907.278871550690383, 7879259.705560480244458 ], [ 547917.341240964597091, 7879177.769016800448298 ], [ 547910.153748750220984, 7879134.644500809721649 ], [ 547892.903975790832192, 7879091.519986226223409 ], [ 547882.841588487382978, 7879044.083078945986927 ], [ 547879.966587035334669, 7878993.771076213568449 ], [ 547871.341694401577115, 7878927.646904736757278 ], [ 547879.966570144169964, 7878871.585011500865221 ], [ 547890.028945716097951, 7878834.210382081568241 ], [ 547898.653822250431404, 7878783.898477789014578 ], [ 547895.778921989956871, 7878742.21145848184824 ], [ 547884.279035064624622, 7878677.524684682488441 ], [ 547829.654624767834321, 7878569.71349995303899 ], [ 547786.530099816969596, 7878515.089111169800162 ], [ 547773.592721226625144, 7878490.651860045269132 ], [ 547772.155220609041862, 7878466.214607331901789 ], [ 547772.155211689998396, 7878401.527931991033256 ], [ 547829.654591827536933, 7878331.091159785166383 ], [ 547858.404233774635941, 7878309.528897365555167 ], [ 547911.591127907275222, 7878280.779245408251882 ], [ 547976.277894425205886, 7878211.780069434083998 ], [ 548029.46477558137849, 7878089.593897609040141 ], [ 548030.902272229781374, 7878085.281505726277828 ], [ 548063.964401093428023, 7878029.219609225168824 ], [ 548068.276791033218615, 7878016.282233571633697 ], [ 548121.463674726663157, 7877912.783425763249397 ], [ 548138.713538463460281, 7877889.783667718991637 ], [ 548191.900429910747334, 7877842.346751799806952 ], [ 548222.087566038244404, 7877799.222230773419142 ], [ 548299.71160419518128, 7877705.78580018132925 ], [ 548301.149087218102068, 7877603.724496892653406 ], [ 548276.711827679187991, 7877557.724989069625735 ], [ 548253.712165587116033, 7877513.162978272885084 ], [ 548229.122307499637827, 7877475.397054588422179 ], [ 548209.150140668847598, 7877438.413828749209642 ], [ 548191.900366964400746, 7877389.539425486698747 ], [ 548191.900362968677655, 7877360.789780976250768 ], [ 548176.087984517333098, 7877297.540505271404982 ], [ 548210.587605932494625, 7877208.416472520679235 ], [ 548245.08712593128439, 7877109.230159213766456 ], [ 548259.461992740747519, 7877068.980534933507442 ], [ 548265.211972501128912, 7877002.856361825950444 ], [ 548230.712331528426148, 7876951.106966585852206 ], [ 548153.088178548379801, 7876936.732105168513954 ], [ 548042.401984266121872, 7876887.857714962214231 ], [ 547963.340332077466883, 7876859.107981473207474 ], [ 547898.653549918322824, 7876813.1085792966187 ], [ 547875.653878008131869, 7876696.672407429665327 ], [ 547852.654107305686921, 7876588.86111893132329 ], [ 547815.279472551075742, 7876541.4242157721892 ], [ 547759.217674896470271, 7876502.612098529934883 ], [ 547667.218645101413131, 7876455.175202901475132 ], [ 547589.594578645192087, 7876341.614033099263906 ], [ 547576.657202124246396, 7876331.551654329523444 ], [ 547592.469554192037322, 7876203.615599494427443 ], [ 547612.594306444982067, 7876137.491324585862458 ], [ 547660.031201450387016, 7876036.86751264706254 ], [ 547700.280703533324413, 7875887.36919626314193 ], [ 547724.717945675249211, 7875808.307545840740204 ], [ 547706.030667780200019, 7875707.683743108063936 ], [ 547671.531020113499835, 7875605.622445359826088 ], [ 547660.031127628986724, 7875499.248652820475399 ], [ 547693.093249410856515, 7875392.874854175373912 ], [ 547710.34300673683174, 7875323.875585379078984 ], [ 547717.530481446767226, 7875240.501545818522573 ], [ 547734.780239357845858, 7875175.814768698066473 ], [ 547756.524990181904286, 7875122.587668778374791 ], [ 547753.467486782814376, 7875055.066199969500303 ], [ 547750.59247966716066, 7874963.067278569564223 ], [ 547638.468788053141907, 7874908.442899834364653 ], [ 547534.969981240690686, 7874863.880900386720896 ], [ 547435.783567526377738, 7874829.381280831992626 ], [ 547379.721778622479178, 7874852.381043946370482 ], [ 547303.535127678886056, 7874869.630920943804085 ], [ 547187.098957746406086, 7874912.755353287793696 ], [ 547145.411941136466339, 7874935.755114413797855 ], [ 546971.476486528408714, 7875013.379287697374821 ], [ 546853.602818106184714, 7875047.878936850465834 ], [ 546823.415677382028662, 7875056.503824230283499 ], [ 546748.66652301652357, 7875069.441209279000759 ], [ 546683.979749468155205, 7875083.815990167669952 ], [ 546630.792855130508542, 7875108.253250009380281 ], [ 546576.168464517570101, 7875139.877896123565733 ], [ 546566.106085040722974, 7875148.502780772745609 ], [ 546502.856815634993836, 7875214.627061234787107 ], [ 546367.733396225608885, 7875368.437781577929854 ], [ 546344.73364278266672, 7875385.687551267445087 ], [ 546308.79661556892097, 7875412.999803209677339 ], [ 546265.672102178796194, 7875440.31195611320436 ], [ 546212.485208520200104, 7875470.499104790389538 ], [ 546160.735808074241504, 7875470.499111697077751 ], [ 546120.486287414561957, 7875484.873989241197705 ], [ 546100.361426128307357, 7875484.87399192340672 ], [ 546025.612371451221406, 7875496.37387961614877 ], [ 546008.362504633376375, 7875496.373881909064949 ], [ 545893.36382357229013, 7875479.124130569398403 ], [ 545835.864532667095773, 7875467.624260446056724 ], [ 545758.240381235722452, 7875461.874281847849488 ], [ 545579.992419610964134, 7875427.374772150069475 ], [ 545365.80732696922496, 7875391.437669858336449 ], [ 545249.371146109304391, 7875354.063057450577617 ], [ 545142.997444978682324, 7875309.501157607883215 ], [ 545076.873166612349451, 7875266.376649715006351 ], [ 544901.500100354198366, 7875237.627028176560998 ], [ 544782.189028649008833, 7875227.564663117751479 ], [ 544655.690469670691527, 7875208.877315647900105 ], [ 544589.566195071791299, 7875194.502552004531026 ], [ 544373.943709834013134, 7875193.06508250720799 ], [ 544102.259235766716301, 7875217.502269929274917 ], [ 543899.574124886072241, 7875210.314909620210528 ], [ 543790.325332212494686, 7875187.315167993307114 ], [ 543689.701521689305082, 7875154.253044730052352 ], [ 543630.764632039004937, 7875129.815899481996894 ], [ 543591.952603304293007, 7875102.503657261840999 ], [ 543534.453211624757387, 7875083.816400684416294 ], [ 543436.704391122562811, 7875014.817246587947011 ], [ 543357.642737200018018, 7874965.942751157097518 ], [ 543337.517969838227145, 7874917.068348336964846 ], [ 543326.01808785146568, 7874884.006213815882802 ], [ 543238.331649326602928, 7874825.069438949227333 ], [ 543183.707250028150156, 7874789.132315387949347 ], [ 543028.459038618835621, 7874705.758296249434352 ], [ 542979.58453131467104, 7874694.258424600586295 ], [ 542874.648231262573972, 7874677.008671040646732 ], [ 542843.023590567638166, 7874664.071300026029348 ], [ 542809.961451400304213, 7874641.0715486779809 ], [ 542772.586919306661002, 7874608.009417366236448 ], [ 542726.587402064236812, 7874560.57251497078687 ], [ 542719.400014669052325, 7874550.510135356336832 ], [ 542673.400499737006612, 7874521.760496744886041 ], [ 542636.025966961169615, 7874482.948376571759582 ], [ 542621.651090065715834, 7874445.573850778862834 ], [ 542581.401554560288787, 7874339.200061917304993 ], [ 542522.464754032436758, 7874224.201392104849219 ], [ 542512.40237078582868, 7874202.639135146513581 ], [ 542476.465236171614379, 7874171.014500875025988 ], [ 542436.215710403281264, 7874143.702358771115541 ], [ 542377.278919606702402, 7874107.765235676430166 ], [ 542354.279161655926146, 7874089.077974726445973 ], [ 542278.092505700769834, 7874066.078228642232716 ], [ 542160.218830627272837, 7874047.390979258343577 ], [ 542063.907413134700619, 7874021.516241155564785 ], [ 541981.97086707863491, 7873988.454115222208202 ], [ 541948.908725602319464, 7873945.329602872952819 ], [ 541891.409429514664225, 7873887.830321360379457 ], [ 541861.553282013861462, 7873845.811006484553218 ], [ 541808.518181073013693, 7873819.264864390715957 ], [ 541777.848234452307224, 7873771.394160958006978 ], [ 541697.349081914289854, 7873706.707396165467799 ], [ 541624.037419502972625, 7873675.082766347564757 ], [ 541488.913974083960056, 7873624.770880189724267 ], [ 541408.414921800722368, 7873561.521612566895783 ], [ 541325.040879882173613, 7873538.52186716068536 ], [ 541230.166961007402278, 7873522.709609160199761 ], [ 541161.167693251743913, 7873515.522131321951747 ], [ 541116.60567937977612, 7873516.959633827209473 ], [ 540988.669730908470228, 7873557.209170879796147 ], [ 540916.795472756610252, 7873584.521426383405924 ], [ 540844.921315101440996, 7873616.146073507145047 ], [ 540757.234892142238095, 7873683.707752748392522 ], [ 540668.110866705188528, 7873706.707518605515361 ], [ 540580.424338651704602, 7873731.144781485199928 ], [ 540468.300659042550251, 7873767.08182489592582 ], [ 540380.614130122121423, 7873784.331701673567295 ], [ 540325.989837114000693, 7873798.706480156630278 ], [ 540245.490695819491521, 7873828.893730971962214 ], [ 540167.866648469702341, 7873854.768389796838164 ], [ 540100.304881044779904, 7873874.893158597871661 ], [ 540009.743458942160942, 7873903.642813316546381 ], [ 539850.182772309519351, 7873953.954834146425128 ], [ 539738.059093699906953, 7873999.954257840290666 ], [ 539657.559950991300866, 7874018.641530834138393 ], [ 539591.435779913794249, 7874031.578913317993283 ], [ 539477.874501725425944, 7874057.4536761213094 ], [ 539381.563087996444665, 7874063.203575946390629 ], [ 539337.001174202072434, 7874066.078575441613793 ], [ 539289.564166600815952, 7874074.703464108519256 ], [ 539217.690006577176973, 7874087.6408471763134 ], [ 539160.190719656413421, 7874107.765614671632648 ], [ 539109.878718879190274, 7874127.890381342731416 ], [ 539040.879553459701128, 7874142.265261265449226 ], [ 538966.130399757414125, 7874162.390030678361654 ], [ 538888.506253680330701, 7874201.202064171433449 ], [ 538849.694231520406902, 7874228.514315582811832 ], [ 538822.382085267920047, 7874238.576699145138264 ], [ 538769.195190311642364, 7874261.576360528357327 ], [ 538724.633179692318663, 7874293.201004218310118 ], [ 538695.883536840206943, 7874309.013376787304878 ], [ 538674.321281742071733, 7874339.200520688667893 ], [ 538622.571884629549459, 7874367.95017075072974 ], [ 538572.259883942315355, 7874389.512434576638043 ], [ 538510.448105876683258, 7874415.387191319838166 ], [ 538465.886194100021385, 7874436.949454491958022 ], [ 538444.323937539244071, 7874454.199223464354873 ], [ 538427.074073310010135, 7874477.198980811983347 ], [ 538399.761931478162296, 7874527.510886355303228 ], [ 538356.637419929611497, 7874576.385296447202563 ], [ 538336.512660428299569, 7874592.197668043896556 ], [ 538304.888025133637711, 7874626.697304708883166 ], [ 538279.013277809950523, 7874652.571957444772124 ], [ 538235.88876448746305, 7874685.634098169393837 ], [ 538166.889598282985389, 7874694.25898908637464 ], [ 538110.82770890428219, 7874718.69624793343246 ], [ 538083.515561172855087, 7874715.821256514638662 ], [ 537987.204151631100103, 7874761.82077800668776 ], [ 537974.266778424498625, 7874779.070546016097069 ], [ 537942.642140248208307, 7874787.695432784967124 ], [ 537905.267612039344385, 7874786.257939670234919 ], [ 537885.142850780743174, 7874786.257941875606775 ], [ 537847.768222728394903, 7874786.257945968769491 ], [ 537814.706186375115067, 7874786.257949588820338 ], [ 537765.831680774223059, 7874789.13294936157763 ], [ 537727.019656736869365, 7874800.632831323891878 ], [ 537699.707411344861612, 7874819.320098115131259 ], [ 537682.457647044793703, 7874842.31985545065254 ], [ 537660.895392293925397, 7874876.819490987807512 ], [ 537642.208130289218388, 7874895.50675683375448 ], [ 537603.889708634931594, 7874937.907578898593783 ], [ 537593.33372700586915, 7874919.944014832377434 ], [ 537591.896228994941339, 7874912.756528904661536 ], [ 537573.208863094449043, 7874895.506764339283109 ], [ 537553.084096695878543, 7874848.069858392700553 ], [ 537551.646691532339901, 7874774.758200533688068 ], [ 537541.584205926628783, 7874728.758690724149346 ], [ 537535.834313419181854, 7874695.696555387228727 ], [ 537534.396810901816934, 7874646.822150222025812 ], [ 537530.08441485487856, 7874606.572628663852811 ], [ 537511.397044935147278, 7874551.948236520402133 ], [ 537505.647154921316542, 7874541.88585663959384 ], [ 537505.647150104981847, 7874497.323842983692884 ], [ 537494.147269303561188, 7874470.011697152629495 ], [ 537497.022261281963438, 7874447.011941408738494 ], [ 537509.959529997548088, 7874388.075054217129946 ], [ 537525.771889906493016, 7874298.951125232502818 ], [ 537517.14700217184145, 7874258.70160418190062 ], [ 537504.209624301991425, 7874232.826855739578605 ], [ 537482.6473613451235, 7874191.139838885515928 ], [ 537462.522597481496632, 7874166.702588440850377 ], [ 537446.710324228857644, 7874132.20305703394115 ], [ 537419.945374262519181, 7874117.906587648205459 ], [ 537393.523421915713698, 7874087.641049183905125 ], [ 537367.648669610964134, 7874067.516290998086333 ], [ 537313.024273796589114, 7874057.453916406258941 ], [ 537233.962726155412383, 7874057.453924924135208 ], [ 537228.212736465968192, 7874050.266439482569695 ], [ 537218.150355393416248, 7874045.954048926010728 ], [ 537198.025592484162189, 7874030.141681753098965 ], [ 537169.275945581379347, 7874008.57942665182054 ], [ 537141.963695911923423, 7873987.017271392047405 ], [ 537116.089042246458121, 7873953.95513828471303 ], [ 537072.964517077547498, 7873876.330993447452784 ], [ 537032.714990525506437, 7873837.518973029218614 ], [ 537016.902619013562799, 7873818.831710967235267 ], [ 536980.965587373357266, 7873810.206731541082263 ], [ 536945.028452830505557, 7873774.269705085083842 ], [ 536901.903934595524333, 7873761.332334788516164 ], [ 536861.654409600188956, 7873736.895086482167244 ], [ 536815.654994629789144, 7873702.39555830322206 ], [ 536789.780243755318224, 7873695.208074999041855 ], [ 536755.280610275338404, 7873695.208078665658832 ], [ 536722.218474477878772, 7873699.52057381067425 ], [ 536677.656559942639433, 7873695.208086906932294 ], [ 536654.656804289319552, 7873695.208089345134795 ], [ 536638.84443386644125, 7873686.583207750692964 ], [ 536614.407282196218148, 7873698.083088031038642 ], [ 536591.407528965501115, 7873721.082845849916339 ], [ 536556.907896237331443, 7873728.270235555246472 ], [ 536518.095871068537235, 7873728.270239653997123 ], [ 536477.846347913262434, 7873721.082857847213745 ], [ 536451.971595234237611, 7873696.645607978105545 ], [ 536424.659446235280484, 7873680.833341527730227 ], [ 536359.972669607028365, 7873667.895973433740437 ], [ 536298.160888487007469, 7873665.020985502749681 ], [ 536230.599119056947529, 7873667.895987007766962 ], [ 536196.099486176623031, 7873673.645879467949271 ], [ 536144.350086853140965, 7873682.270768148824573 ], [ 536105.538063481682912, 7873699.52063874155283 ], [ 536076.788419359363616, 7873703.833033373579383 ], [ 536017.851534481509589, 7873718.207911632955074 ], [ 535973.289621291216463, 7873726.832799542695284 ], [ 535943.102480530855246, 7873736.895183159038424 ], [ 535902.852859467151575, 7873749.832562247291207 ], [ 535859.728344090632163, 7873764.207438841462135 ], [ 535839.60358555871062, 7873790.082090739160776 ], [ 535790.729181998991407, 7873811.644353982061148 ], [ 535741.854778434499167, 7873833.206617217510939 ], [ 535588.043977134744637, 7873854.768891263753176 ], [ 535464.420415722648613, 7873857.643898392096162 ], [ 535228.673066633637063, 7873823.144289400428534 ], [ 535125.174262071261182, 7873782.894777993671596 ], [ 535027.425448762951419, 7873765.645021365955472 ], [ 534803.177977602579631, 7873731.145410932600498 ], [ 534619.180031180731021, 7873719.6455517122522 ], [ 534538.680985228857026, 7873708.145682069472969 ], [ 534159.185316859628074, 7873708.145719777792692 ], [ 533917.688089177245274, 7873777.144909730181098 ], [ 533792.627026198315434, 7873735.457902833819389 ], [ 533768.189771210309118, 7873713.895647044293582 ], [ 533740.877621490624733, 7873689.458497110754251 ], [ 533709.252979945624247, 7873663.583750388585031 ], [ 533692.003209436777979, 7873624.77172735799104 ], [ 533648.87869021797087, 7873600.334478966891766 ], [ 533604.316673915251158, 7873577.334727922454476 ], [ 533592.816795394406654, 7873570.14734298363328 ], [ 533542.504889769479632, 7873542.835200856439769 ], [ 533500.817867381731048, 7873514.085460675880313 ], [ 533467.755727535579354, 7873476.710936395451427 ], [ 533427.936600668472238, 7873438.708913989365101 ], [ 533427.506199623574503, 7873419.211651863530278 ], [ 533398.756552583537996, 7873393.336904851719737 ], [ 533381.506683504674584, 7873368.899653943255544 ], [ 533329.757278491742909, 7873318.5877565741539 ], [ 533249.25822716334369, 7873249.588598243892193 ], [ 533183.133949507609941, 7873194.964210624806583 ], [ 533099.759903785190545, 7873125.964952558279037 ], [ 533007.76097637694329, 7873074.21556182205677 ], [ 532938.76170815830119, 7873059.84079631138593 ], [ 532881.262417479068972, 7873042.590935275889933 ], [ 532846.762782422592863, 7873025.3411720469594 ], [ 532823.763026263331994, 7873019.591285394504666 ], [ 532792.13838566315826, 7873002.341421891003847 ], [ 532772.01362097391393, 7872964.966896367259324 ], [ 532749.013861295650713, 7872921.842382285743952 ], [ 532723.139208256034181, 7872890.217746147885919 ], [ 532714.514320842456073, 7872847.093230713158846 ], [ 532705.889334242558107, 7872812.593598532490432 ], [ 532685.764570113969967, 7872780.968961857259274 ], [ 532648.390041185193695, 7872769.469087725505233 ], [ 532602.390527556301095, 7872743.59444232378155 ], [ 532553.51612056302838, 7872729.219574850052595 ], [ 532521.891479196958244, 7872703.344928087666631 ], [ 532490.266838907264173, 7872688.97005898412317 ], [ 532452.892210262012668, 7872680.345179246738553 ], [ 532401.142812052625231, 7872700.469945007935166 ], [ 532346.518519121105783, 7872717.719716615974903 ], [ 532294.76911822729744, 7872709.094838205724955 ], [ 532260.269483764539473, 7872697.594963764771819 ], [ 532222.894855922786519, 7872697.594967249780893 ], [ 532136.645922440686263, 7872697.594975278712809 ], [ 532102.146289843716659, 7872706.219861732795835 ], [ 532078.427841742057353, 7872772.34413549490273 ], [ 532069.084162899060175, 7872806.124970754608512 ], [ 532072.677858085487969, 7872829.124725749716163 ], [ 532097.833816168014891, 7872900.998883837834001 ], [ 532117.958580117672682, 7872931.186023348942399 ], [ 532122.271075784345157, 7872974.310539212077856 ], [ 532112.208697461639531, 7872998.747792696580291 ], [ 532074.115373430890031, 7873025.34124459978193 ], [ 532024.522168667172082, 7873020.31005897000432 ], [ 531998.64751793560572, 7873013.122675321996212 ], [ 531971.335269978968427, 7873005.935191802680492 ], [ 531956.241698643541895, 7873000.904002966359258 ], [ 531932.523243555566296, 7872991.560423299670219 ], [ 531907.367291902657598, 7872989.404129805974662 ], [ 531889.3987263814779, 7872987.247935656458139 ], [ 531870.711462509469129, 7872987.966735983267426 ], [ 531849.867902733501978, 7872987.96673790551722 ], [ 531808.899681728798896, 7872987.247943073511124 ], [ 531775.854845475871116, 7872986.985046620480716 ], [ 531714.025763832847588, 7872976.466872725635767 ], [ 531668.026250377064571, 7872952.029624393209815 ], [ 531640.714100991026498, 7872929.029871554113925 ], [ 531620.589337342767976, 7872901.717726430855691 ], [ 531594.71458244509995, 7872848.530832080170512 ], [ 531580.33970770763699, 7872821.218586439266801 ], [ 531568.839925463194959, 7872772.344182409346104 ], [ 531535.777783022029325, 7872703.345019449479878 ], [ 531435.153877806500532, 7872709.094917447306216 ], [ 531337.405065479921177, 7872697.595048658549786 ], [ 531289.968055381788872, 7872678.907789256423712 ], [ 531277.030675826361403, 7872628.595888160169125 ], [ 531256.905910805100575, 7872585.471373757347465 ], [ 531236.781147855101153, 7872565.346614677459002 ], [ 531203.719010146800429, 7872548.096751173958182 ], [ 531170.656871410552412, 7872519.347110018134117 ], [ 531134.719839393044822, 7872503.534843978472054 ], [ 531114.595075681107119, 7872474.785101650282741 ], [ 531062.845673307194375, 7872448.910456584766507 ], [ 530944.971998396213166, 7872420.160823022946715 ], [ 530824.223329565953463, 7872397.161078507080674 ], [ 530668.975123834447004, 7872333.911815231665969 ], [ 530591.351071241078898, 7872305.162077985703945 ], [ 530548.226551764062606, 7872273.537443262524903 ], [ 530525.226793162408285, 7872239.037912352010608 ], [ 530510.851917148800567, 7872195.91339744348079 ], [ 530487.852158807683736, 7872164.288760947063565 ], [ 530428.322172775049694, 7872152.305489489808679 ], [ 530415.35129552311264, 7872125.88124199770391 ], [ 530349.262518589152023, 7872072.878050850704312 ], [ 530283.174241685075685, 7872019.985359485261142 ], [ 530230.288742717471905, 7872006.573390191420913 ], [ 530191.730609952006489, 7871922.791556472890079 ], [ 530157.230972639052197, 7871876.792048936709762 ], [ 530099.731575562036596, 7871781.918138468638062 ], [ 529984.732889934442937, 7871689.919227410107851 ], [ 529921.483609498594888, 7871658.294594408944249 ], [ 529875.484194237622432, 7871609.420193469151855 ], [ 529769.11039647704456, 7871569.170580955222249 ], [ 529700.111125237541273, 7871514.546293166466057 ], [ 529602.362309376709163, 7871457.046913435682654 ], [ 529493.113515788922086, 7871399.547634666785598 ], [ 529444.239104963955469, 7871336.298361925408244 ], [ 529421.239337289123796, 7871192.549943684600294 ], [ 529449.988966562203132, 7871014.301988271996379 ], [ 529455.738945693010464, 7870899.303311726078391 ], [ 529472.988697680528276, 7870726.805346238426864 ], [ 529461.488800946855918, 7870502.557884128764272 ], [ 529490.238426736555994, 7870284.060407526791096 ], [ 529380.989730625646189, 7870192.061396164819598 ], [ 529283.240817126119509, 7870157.561871709302068 ], [ 529150.992370984051377, 7870128.812138931825757 ], [ 529024.493821393349208, 7870192.061426258645952 ], [ 528897.995271759922616, 7870255.310713547281921 ], [ 528713.997328248922713, 7870255.310728866606951 ], [ 528438.000455925590359, 7870169.06181980855763 ], [ 528340.251640645205043, 7870111.562439935281873 ], [ 528110.254280302440748, 7870036.813304454088211 ], [ 527989.505607377039269, 7869950.564282439649105 ], [ 527805.507753905258141, 7869824.065743993967772 ], [ 527604.260034011676908, 7869697.567206874489784 ], [ 527483.511358146672137, 7869571.068763296119869 ], [ 527385.762442737119272, 7869507.819494470953941 ], [ 527345.512910408317111, 7869375.570955747738481 ], [ 527242.014099477673881, 7869226.0726557392627 ], [ 527155.765063687693328, 7869185.823141099885106 ], [ 527046.516372550162487, 7869145.573628238402307 ], [ 526908.517939895275049, 7869139.823750229552388 ], [ 526833.768783618230373, 7869122.573889713734388 ], [ 526810.769026036956348, 7869093.824247634038329 ], [ 526770.519496186752804, 7868990.325452856719494 ], [ 526672.770577540039085, 7868881.076673768460751 ], [ 526609.521299003623426, 7868863.826912337914109 ], [ 526563.521880402578972, 7868760.328118041157722 ], [ 526454.273084655636922, 7868656.829228618182242 ], [ 526333.52451391716022, 7868587.830072648823261 ], [ 526287.525000862777233, 7868556.205437943339348 ], [ 526264.525243742740713, 7868532.486986039206386 ], [ 526239.369291573879309, 7868518.830914635211229 ], [ 526209.182149395113811, 7868508.049737991765141 ], [ 526176.120011719991453, 7868482.893789656460285 ], [ 526141.620378622668795, 7868481.456295073032379 ], [ 526097.777163514518179, 7868477.862605409696698 ], [ 526063.277530148276128, 7868472.831417842768133 ], [ 526042.434070151648484, 7868466.362732053734362 ], [ 526022.309308491181582, 7868456.300353230908513 ], [ 526006.496938722790219, 7868449.831667065620422 ], [ 525984.934679964091629, 7868441.206785541027784 ], [ 525961.934923835564405, 7868430.425708341412246 ], [ 525951.153843599371612, 7868414.613340049982071 ], [ 525931.747780063655227, 7868398.082273819483817 ], [ 525893.654452568152919, 7868377.957516008988023 ], [ 525859.154919109423645, 7868371.488831231370568 ], [ 525833.280166868818924, 7868337.707999194040895 ], [ 525800.936829171492718, 7868330.520615658722818 ], [ 525793.030644160578959, 7868325.48932608217001 ], [ 525728.343866702052765, 7868283.083613792434335 ], [ 525709.656602264614776, 7868273.021234854124486 ], [ 525692.406732279807329, 7868225.584228871390224 ], [ 525678.031956657534465, 7868177.428624089807272 ], [ 525670.125769532169215, 7868143.647690722718835 ], [ 525655.032197484048083, 7868124.96042837947607 ], [ 525615.5013723524753, 7868098.366983311250806 ], [ 525606.876488850917667, 7868094.773290975019336 ], [ 525597.53290658572223, 7868089.023302910849452 ], [ 525580.283038896042854, 7868072.492336512543261 ], [ 525560.877074870862998, 7868048.773784328252077 ], [ 525551.533389179152437, 7867996.305687624961138 ], [ 525550.814588836627081, 7867972.587234064936638 ], [ 525559.439571068156511, 7867958.931060137227178 ], [ 525578.845532131846994, 7867942.399991033598781 ], [ 525601.126588501734659, 7867938.087597822770476 ], [ 525628.438735409406945, 7867938.087595796212554 ], [ 525653.594685820862651, 7867928.74391220882535 ], [ 525659.344672682229429, 7867902.150463795289397 ], [ 525650.000989470398054, 7867883.4632010422647 ], [ 525636.344915119465441, 7867871.244625951163471 ], [ 525619.095047227339819, 7867851.83856519125402 ], [ 525600.40778302855324, 7867844.651180633343756 ], [ 525574.533132702345029, 7867836.026299414224923 ], [ 525557.283266185084358, 7867835.307502096518874 ], [ 525524.221130938734859, 7867841.776191885583103 ], [ 525516.31504667759873, 7867846.807382624596357 ], [ 525501.221477181417868, 7867862.619752811267972 ], [ 525462.409353530034423, 7867874.838331770151854 ], [ 525442.284593444783241, 7867885.61941215954721 ], [ 525414.253648094250821, 7867887.775710003450513 ], [ 525398.441378783551045, 7867887.056912570260465 ], [ 525389.097696947166696, 7867887.05691325571388 ], [ 525368.972935443161987, 7867878.432031603530049 ], [ 525366.816739057190716, 7867870.525847224518657 ], [ 525335.192097820574418, 7867833.151322649791837 ], [ 525288.473885046318173, 7867783.558123080059886 ], [ 525260.442937203566544, 7867751.214788405224681 ], [ 525242.474370576674119, 7867729.652531901374459 ], [ 525220.193411923828535, 7867702.340286960825324 ], [ 525233.849482762860134, 7867666.403256276622415 ], [ 525218.037211485556327, 7867638.372312277555466 ], [ 525200.78734321182128, 7867613.216362755745649 ], [ 525176.350189125631005, 7867590.935308136045933 ], [ 525151.912935408297926, 7867573.685543665662408 ], [ 525118.132098359754309, 7867535.592220667749643 ], [ 525090.819850551546551, 7867522.654847970232368 ], [ 525063.507702899165452, 7867511.873771049082279 ], [ 525037.632951937732287, 7867493.905208086594939 ], [ 525038.35174800734967, 7867458.686876961961389 ], [ 525029.008062875829637, 7867412.687367670238018 ], [ 525031.164256047806703, 7867376.03153926320374 ], [ 525013.914486457477324, 7867332.188326334580779 ], [ 524998.102215208113194, 7867304.157382348552346 ], [ 524995.227218738291413, 7867275.407738840207458 ], [ 524984.446038480265997, 7867258.157973388209939 ], [ 524944.196514688897878, 7867228.689533988013864 ], [ 524919.759259207639843, 7867186.283718775957823 ], [ 524901.071993516758084, 7867157.534076413139701 ], [ 524892.447107785381377, 7867122.315745992586017 ], [ 524888.134613713016734, 7867087.816113863140345 ], [ 524887.415913879754953, 7867070.566347692161798 ], [ 524875.916034567635506, 7867046.847894967533648 ], [ 524873.041038110968657, 7867018.098151477985084 ], [ 524861.541259006946348, 7866997.254693128168583 ], [ 524838.541502139065415, 7866974.254939824342728 ], [ 524822.729130665771663, 7866942.630302902311087 ], [ 524815.541743069654331, 7866920.349347056820989 ], [ 524809.07305499818176, 7866911.005665821954608 ], [ 524794.6981822156813, 7866900.224587972275913 ], [ 524768.104732762905769, 7866882.974723665975034 ], [ 524742.230083547299728, 7866888.724714253097773 ], [ 524719.949027893133461, 7866902.38078909739852 ], [ 524693.355680888867937, 7866919.630557207390666 ], [ 524662.449742533033714, 7866940.474118586629629 ], [ 524635.856294812168926, 7866947.661506399512291 ], [ 524608.544147928012535, 7866946.9428097512573 ], [ 524597.762967649032362, 7866928.974245713092387 ], [ 524561.107137639308348, 7866909.568186328746378 ], [ 524531.63869257865008, 7866875.06855599489063 ], [ 524526.607499892590567, 7866839.850225341506302 ], [ 524518.701413162285462, 7866809.663085037842393 ], [ 524510.076427781837992, 7866778.757246198132634 ], [ 524502.889039350673556, 7866744.257614294998348 ], [ 524496.420349723077379, 7866712.632976716384292 ], [ 524494.982851359178312, 7866696.101909204386175 ], [ 524494.982847720035352, 7866644.35251060500741 ], [ 524498.576638952479698, 7866619.196559646166861 ], [ 524506.482721834327094, 7866594.759306972846389 ], [ 524518.701396416756324, 7866571.759551178663969 ], [ 524560.388414155342616, 7866556.665977803990245 ], [ 524564.700805402593687, 7866551.634787357412279 ], [ 524584.106865524547175, 7866522.166443735361099 ], [ 524597.762937146588229, 7866497.010392067022622 ], [ 524597.762934355530888, 7866457.479669546708465 ], [ 524597.044231797684915, 7866401.417779486626387 ], [ 524583.388055817922577, 7866364.761952312663198 ], [ 524537.948843445628881, 7866351.93848067894578 ], [ 524507.201502741430886, 7866343.1996999848634 ], [ 524482.764249747036956, 7866334.574818620458245 ], [ 524465.514480733661912, 7866297.200193112716079 ], [ 524456.889594917418435, 7866259.825666994787753 ], [ 524451.139603096642531, 7866216.701151954941452 ], [ 524448.264606278506108, 7866182.201519805938005 ], [ 524469.089058855432086, 7866084.805809327401221 ], [ 524462.19576892722398, 7866036.902703762054443 ], [ 524543.138507206109352, 7865980.953807767480612 ], [ 524589.138010433525778, 7865880.330001884140074 ], [ 524537.174004452186637, 7865776.658308957703412 ], [ 524497.139079300221056, 7865730.831701708957553 ], [ 524431.014806441264227, 7865704.9570571500808 ], [ 524422.389916413230821, 7865607.208149576559663 ], [ 524405.140042814193293, 7865503.709353921934962 ], [ 524367.765510300407186, 7865426.08520891983062 ], [ 524367.765502864262089, 7865319.711417749524117 ], [ 524341.890745928278193, 7865213.337628432549536 ], [ 524321.76598059409298, 7865147.213459692895412 ], [ 524351.564618619391695, 7865092.633364791050553 ], [ 524376.390364931197837, 7865017.839909943751991 ], [ 524448.26451978168916, 7864948.840740412473679 ], [ 524494.264027346973307, 7864911.466110583394766 ], [ 524528.763654931681231, 7864839.591949343681335 ], [ 524540.263526407186873, 7864753.342917997390032 ], [ 524551.763298283913173, 7864672.843875367194414 ], [ 524590.684814179316163, 7864558.192797936499119 ], [ 524715.636466595926322, 7864508.970685798674822 ], [ 524727.13634086959064, 7864462.971275402233005 ], [ 524715.636459060478956, 7864402.596994910389185 ], [ 524631.71082048502285, 7864366.265972309745848 ], [ 524491.388997030793689, 7864399.722016481682658 ], [ 524336.140802385052666, 7864428.471670895814896 ], [ 524226.892015046032611, 7864416.971801159903407 ], [ 524008.394536032923497, 7864330.722785932943225 ], [ 523743.897539591009263, 7864135.225088587030768 ], [ 523479.400553502200637, 7864089.225597079843283 ], [ 523237.903314858383965, 7863928.2275300482288 ], [ 522731.909210946061648, 7864031.726360026746988 ], [ 522260.414531215676107, 7864008.726635897532105 ], [ 522030.417174317874014, 7863905.227854203432798 ], [ 521570.422450969228521, 7863537.232107307761908 ], [ 520712.064144271309488, 7863774.850392119027674 ], [ 520666.562735030136537, 7863804.86193579249084 ], [ 520583.304999669722747, 7863835.841579807922244 ], [ 520507.792049207200762, 7863867.789321434684098 ], [ 520397.427067214681301, 7863905.545753685757518 ], [ 520325.786609262460843, 7863939.429791246540844 ], [ 520240.592577451898251, 7863967.505141019821167 ], [ 520083.758085795270745, 7863997.516691133379936 ], [ 519999.532153393665794, 7864048.826695094816387 ], [ 519966.616318070329726, 7864054.635385572910309 ], [ 519924.01930144923972, 7864056.57158422563225 ], [ 519895.943955499096774, 7864042.04991440102458 ], [ 519904.657034432108048, 7863971.37755290325731 ], [ 519925.955489582789596, 7863915.226962130516768 ], [ 519930.796075747348368, 7863838.745912309736013 ], [ 519876.581676071858965, 7863739.030211623758078 ], [ 519814.622396360675339, 7863723.540345659479499 ], [ 519744.918232736643404, 7863724.508547741919756 ], [ 519610.350295799260493, 7863722.572259213775396 ], [ 519550.32721671561012, 7863785.499738795682788 ], [ 519665.532798967207782, 7863919.099469427019358 ], [ 519427.376765779452398, 7863940.397940997965634 ], [ 519284.095945473760366, 7863932.653064258396626 ], [ 519082.728241867793258, 7863982.0268783159554 ], [ 518968.490764770715032, 7863974.281999843195081 ], [ 518831.986634087050334, 7864019.783317816443741 ], [ 518668.375352931208909, 7864001.389162879437208 ], [ 518546.39298973896075, 7863970.409530382603407 ], [ 518404.080258799251169, 7863797.117178898304701 ], [ 518285.002190581930336, 7863776.786725223064423 ], [ 518109.773531728307717, 7863747.743291603401303 ], [ 517955.843432148511056, 7863736.126022500917315 ], [ 517829.988580201577861, 7863773.882454736158252 ], [ 517698.325139337743167, 7863806.798296752385795 ], [ 517642.174450507969595, 7863833.905546300113201 ], [ 517520.192088775045704, 7863829.064962036907673 ], [ 517416.603890985890757, 7863822.288180612027645 ], [ 517230.726055489561986, 7863843.586648049764335 ], [ 517167.069682889967225, 7863903.12693409435451 ], [ 517001.283010819810443, 7863981.058889018371701 ], [ 516911.248387201456353, 7863988.803778210654855 ], [ 516794.106617080804426, 7864007.197947761043906 ], [ 516615.005470509233419, 7864076.902219353243709 ], [ 516442.681210849026684, 7864151.446981027722359 ], [ 516318.762657252198551, 7864241.481609888374805 ], [ 516261.643869365798309, 7864252.130791654810309 ], [ 516110.618062595429365, 7864211.470078695565462 ], [ 515974.114026547176763, 7864150.478904978372157 ], [ 515801.789663152652793, 7864146.606420540250838 ], [ 515617.848022290854715, 7864138.861544165760279 ], [ 515534.590184661268722, 7864131.116663160733879 ], [ 515430.033889776095748, 7864148.542633596807718 ], [ 515349.680446813348681, 7864148.542637194506824 ], [ 515254.805228325771168, 7864059.476216555573046 ], [ 515146.376537476258818, 7863995.580647009424865 ], [ 515007.936206173151731, 7863951.047440664842725 ], [ 514921.774073902633972, 7863934.589476784691215 ], [ 514820.122071058605798, 7863897.801153539679945 ], [ 514627.951445556711406, 7863869.241817947477102 ], [ 514600.360201001923997, 7863905.062048657797277 ], [ 514567.444267462647986, 7863955.403951033949852 ], [ 514540.821121409302577, 7864000.905362670309842 ], [ 514481.766237550589722, 7864017.847331842407584 ], [ 514411.093876515456941, 7864037.693695779889822 ], [ 514349.618597654975019, 7864061.412451708689332 ], [ 514305.085385870072059, 7864089.971797404810786 ], [ 514235.381222978117876, 7864111.270358415320516 ], [ 514165.676959760312457, 7864124.823934647254646 ], [ 514129.856729803141207, 7864125.792034216225147 ], [ 514080.482925512536895, 7864106.429774315096438 ], [ 513975.926629315887112, 7864092.876205237582326 ], [ 513916.871646033308934, 7864125.308043863624334 ], [ 513837.970400137128308, 7864122.887751810252666 ], [ 513772.138628547661938, 7864116.594966830685735 ], [ 513747.451676068885718, 7864098.200803987681866 ], [ 513756.164757735270541, 7864065.284968370571733 ], [ 513796.825476842815988, 7864029.464737182483077 ], [ 513849.587772592843976, 7864001.389390273019671 ], [ 513875.72681898844894, 7863938.462012982927263 ], [ 513825.868912026635371, 7863827.128933996893466 ], [ 513638.054777340730652, 7863778.72323673311621 ], [ 513519.944907232362311, 7863751.615994733758271 ], [ 513381.504575068189297, 7863677.071246827021241 ], [ 513245.968637064623181, 7863596.717810198664665 ], [ 513034.919747082167305, 7863523.141063078306615 ], [ 512920.682268987933639, 7863481.512249331921339 ], [ 512811.285381701367442, 7863446.660122030414641 ], [ 512726.091348610701971, 7863453.43691186234355 ], [ 512665.100168628967367, 7863472.799176014959812 ], [ 512695.111711724312045, 7863522.172977732494473 ], [ 512725.12325451039942, 7863562.833796596154571 ], [ 512720.282666458340827, 7863630.601763419806957 ], [ 512661.227683471806813, 7863672.230683691799641 ], [ 512554.735191798943561, 7863674.166883801110089 ], [ 512420.167354926059488, 7863673.198790604248643 ], [ 512348.526896712719463, 7863720.636399861425161 ], [ 512191.692405470996164, 7863779.691389294341207 ], [ 511896.417680994549301, 7863726.44510443136096 ], [ 511787.020796786702704, 7863781.627599656581879 ], [ 511720.220929032482672, 7863830.033306723460555 ], [ 511629.218205560347997, 7863788.404391722753644 ], [ 511588.557380020967685, 7863637.378590246662498 ], [ 511378.476587794430088, 7863543.471582092344761 ], [ 511323.294098034908529, 7863614.143844852223992 ], [ 511277.792788375809323, 7863655.772764442488551 ], [ 511228.41898634278914, 7863699.337880349718034 ], [ 511039.636654088273644, 7863654.804674124345183 ], [ 510895.38773499923991, 7863617.048253048211336 ], [ 510744.361929224454798, 7863580.259930225089192 ], [ 510662.072188175749034, 7863515.39626045152545 ], [ 510552.675301097566262, 7863480.544132446870208 ], [ 510435.533527879102621, 7863402.126990393735468 ], [ 510392.936510053521488, 7863363.402367919683456 ], [ 510321.296048916759901, 7863319.837255857884884 ], [ 510223.516540684911888, 7863335.327128307893872 ], [ 510066.682047055393923, 7863318.869165372103453 ], [ 509914.688143581268378, 7863288.857628909870982 ], [ 509780.120306529628579, 7863276.272157577797771 ], [ 509713.320436121721286, 7863236.579437635838985 ], [ 509642.648173497349489, 7863203.663604455068707 ], [ 509517.761415436980315, 7863114.597083343192935 ], [ 509473.228202754806262, 7863120.405773148871958 ], [ 509409.332628463278525, 7863144.608627263456583 ], [ 509332.489777955168393, 7863111.473494628444314 ], [ 509233.135873442399316, 7863150.417320655658841 ], [ 509197.315642156230751, 7863098.139224570244551 ], [ 509095.663638919359073, 7863014.881391265429556 ], [ 508964.968294892867561, 7863020.690083300694823 ], [ 508866.220687386405189, 7862989.710446906276047 ], [ 508774.249866605678108, 7862957.762612219899893 ], [ 508687.119537389313336, 7862966.475697297602892 ], [ 508566.105274615052622, 7862980.029273683205247 ], [ 508422.824455299356487, 7862988.742360111325979 ], [ 508333.757929362589493, 7862977.124985194765031 ], [ 508126.581533273158129, 7862907.420727521181107 ], [ 508007.50346666155383, 7862919.038107477128506 ], [ 507930.054419324034825, 7862964.539519682526588 ], [ 507866.158845084311906, 7862994.550962062552571 ], [ 507749.01707492757123, 7863018.753817103803158 ], [ 507663.823042027186602, 7863034.243688540533185 ], [ 507589.278188914293423, 7863078.776902523823082 ], [ 507530.223304939689115, 7863099.107363811694086 ], [ 507452.774157251173165, 7863132.99129880592227 ], [ 507309.493239543051459, 7863222.057826578617096 ], [ 507189.447175335313659, 7863264.654845298267901 ], [ 507050.038747636019252, 7863241.420093988068402 ], [ 506984.206974413304124, 7863140.736293595284224 ], [ 507050.038742729229853, 7863001.327866757288575 ], [ 507007.441724851552863, 7862939.368489678949118 ], [ 506879.650674472388346, 7862912.261345706880093 ], [ 506639.558344790013507, 7862927.751120023429394 ], [ 506480.787656112981495, 7862954.858369739726186 ], [ 506434.318148237129208, 7863016.817648603580892 ], [ 506403.338510458823293, 7863102.0116814263165 ], [ 506395.593627053662203, 7863179.460829073563218 ], [ 506364.613988823315594, 7863241.420107671990991 ], [ 506294.909725852194242, 7863276.272240376099944 ], [ 506221.333069184503984, 7863241.420110365375876 ], [ 506159.373789174191188, 7863171.715948751196265 ], [ 506120.649263714207336, 7863102.011686714366078 ], [ 506043.200114542909432, 7863059.414672004058957 ], [ 505988.985720718686935, 7863063.287165354937315 ], [ 505872.812048229679931, 7863071.032052162103355 ], [ 505779.873130649677478, 7863102.01169278472662 ], [ 505655.954474065161776, 7863156.226088155992329 ], [ 505573.645035825960804, 7863198.435906438156962 ], [ 505498.322482893127017, 7863177.988247947767377 ], [ 505422.991829550359398, 7863130.09864347986877 ], [ 505315.178340710175689, 7863140.736324273981154 ], [ 505272.13372394250473, 7863075.480953458696604 ], [ 505218.366927869501524, 7862989.710523217916489 ], [ 505078.958499086787924, 7862877.409246576018631 ], [ 504916.315316665568389, 7862819.322463454678655 ], [ 504804.014137300720904, 7862873.53685831092298 ], [ 504567.794301520974841, 7863005.200302341021597 ], [ 504409.181811668386217, 7862980.771252618171275 ], [ 504324.725176773732528, 7862964.014086745679379 ], [ 504223.145674494793639, 7862873.536866281181574 ], [ 504021.777967717847787, 7862788.342836643569171 ], [ 503812.665377070487011, 7862780.597854415886104 ], [ 503717.558164217625745, 7862865.294488672167063 ], [ 503603.552688731055241, 7862989.710544902831316 ], [ 503444.781999237486161, 7862962.603300024755299 ], [ 503227.924522918998264, 7862877.409270077012479 ], [ 502952.980060471280012, 7862796.087732928805053 ], [ 502724.505207940761466, 7862811.577504459768534 ], [ 502445.688353671401273, 7862788.342852527275681 ], [ 502387.601466820458882, 7862707.021213193424046 ], [ 502340.638058174925391, 7862620.208584602922201 ], [ 502325.642186394077726, 7862455.311609688214958 ], [ 502302.407431267376523, 7862362.372593050822616 ], [ 502143.63674245448783, 7862381.734956029802561 ], [ 502073.932579328480642, 7862432.076857278123498 ], [ 501864.819888912199531, 7862420.459481530822814 ], [ 501694.431822444836143, 7862370.117581777274609 ], [ 501454.339592407981399, 7862277.17856627702713 ], [ 501229.737132425361779, 7862257.816305503249168 ], [ 501063.221458565909415, 7862215.219290176406503 ], [ 500900.578277180087753, 7862180.367159490473568 ], [ 500555.929752459283918, 7862114.535490319132805 ], [ 500327.454800244944636, 7862114.535490803420544 ], [ 499967.316406110185198, 7862250.071424023248255 ], [ 499882.122373049089219, 7862323.64807902649045 ], [ 499661.392305490036961, 7862377.862472204491496 ], [ 499537.473748216871172, 7862428.20437294524163 ], [ 499320.616172791458666, 7862583.102667501196265 ], [ 499177.335353267786559, 7862656.679322341457009 ], [ 499080.523942929867189, 7862625.699683224782348 ], [ 499056.132790876086801, 7862549.07403417956084 ], [ 499099.886205541261006, 7862385.607356442138553 ], [ 499211.605186932487413, 7862247.223429415374994 ], [ 499219.932370770198759, 7862164.877391790039837 ], [ 499177.335354364826344, 7862106.790506271645427 ], [ 499045.671812487358693, 7862075.810867148451507 ], [ 498797.834598265646491, 7862070.002178059890866 ], [ 498646.80879427754553, 7862070.002177640795708 ], [ 498515.145352272491436, 7862087.428242860361934 ], [ 498422.206334478745703, 7862075.810865445062518 ], [ 498261.499449445924256, 7862079.683357194066048 ], [ 498140.968885764770675, 7862063.35248888656497 ], [ 498072.912019507144578, 7861995.405222586356103 ], [ 497974.937711963721085, 7861920.912669049575925 ], [ 497914.914629645238165, 7861918.976372571662068 ], [ 497845.210366353217978, 7861909.295291306450963 ], [ 497744.526563882827759, 7861886.060536596924067 ], [ 497644.589559982938226, 7861859.363588688895106 ], [ 497541.222563022514805, 7861802.802699657157063 ], [ 497467.645907516067382, 7861769.886864140629768 ], [ 497444.4111532366951, 7861746.652109832502902 ], [ 497396.005448527168483, 7861694.373912669718266 ], [ 497346.631645298330113, 7861702.118897063657641 ], [ 497247.884039041819051, 7861689.533421223051846 ], [ 497150.104531040007714, 7861658.553781658411026 ], [ 497062.974301420268603, 7861720.513058762066066 ], [ 496967.130989001656417, 7861765.046270166523755 ], [ 496900.331119948357809, 7861769.886860094033182 ], [ 496786.093643571133725, 7861813.451973216608167 ], [ 496727.038659050595015, 7861848.304103968665004 ], [ 496633.131642863969319, 7861881.219938230700791 ], [ 496522.766659140877891, 7861891.869216246530414 ], [ 496434.668231547460891, 7861923.816952424123883 ], [ 496354.314788774121553, 7861953.828492470085621 ], [ 496295.259804533910938, 7861954.796589997597039 ], [ 496245.886001322302036, 7861954.796589516103268 ], [ 496201.35278901871061, 7861917.040163550525904 ], [ 496153.915182471624576, 7861874.443147106096148 ], [ 496063.880560032324865, 7861778.599835265427828 ], [ 495942.86629784561228, 7861732.130425676703453 ], [ 495824.756429456057958, 7861732.130424399860203 ], [ 495679.539314548659604, 7861705.023176258429885 ], [ 495569.174331017129589, 7861702.118880712427199 ], [ 495453.000659024808556, 7861687.597107982262969 ], [ 495301.006757205293979, 7861679.852221401408315 ], [ 495217.748920781770721, 7861657.585564290173352 ], [ 495117.065018597175367, 7861631.446514574810863 ], [ 495021.221806800982449, 7861614.988545794039965 ], [ 494925.378494794422295, 7861614.020446415990591 ], [ 494873.100298020639457, 7861565.614741231314838 ], [ 494809.204824132088106, 7861511.400347350165248 ], [ 494754.022332068008836, 7861532.698904542252421 ], [ 494700.897035640955437, 7861575.901018530130386 ], [ 494657.219220383674838, 7861638.422094523906708 ], [ 494584.723361743730493, 7861693.042785698547959 ], [ 494457.900410338654183, 7861700.787668554112315 ], [ 494376.578869528952055, 7861719.181831035763025 ], [ 494285.576147973828483, 7861720.149927738122642 ], [ 494211.999392414873, 7861710.468845702707767 ], [ 494101.634409057325684, 7861697.883368797600269 ], [ 494009.663589614618104, 7861686.265990247949958 ], [ 493917.692770080175251, 7861680.457300212234259 ], [ 493884.776934866909869, 7861666.903726413846016 ], [ 493830.562541838968173, 7861629.147200018167496 ], [ 493775.380050657084212, 7861595.263265963643789 ], [ 493725.038049314112868, 7861600.10385555960238 ], [ 493670.823655306419823, 7861619.466116425581276 ], [ 493619.513655494491104, 7861644.637065869756043 ], [ 493568.20355539774755, 7861685.297884748317301 ], [ 493527.542834753054194, 7861706.596342008560896 ], [ 493452.998080657038372, 7861722.086210131645203 ], [ 493392.466299448627979, 7861717.564517971128225 ], [ 493296.16358930664137, 7861663.999321929179132 ], [ 493253.566573341260664, 7861637.860272733494639 ], [ 493188.70290134777315, 7861596.2313536927104 ], [ 493156.755164845904801, 7861552.666239077225327 ], [ 493126.743624365364667, 7861518.782205395400524 ], [ 493082.210312453389633, 7861481.025779083371162 ], [ 493069.624837741488591, 7861450.046139996498823 ], [ 493053.166970969352406, 7861401.640435239300132 ], [ 493044.453888592368457, 7861374.53318858332932 ], [ 493012.692151236231439, 7861357.803621008992195 ], [ 492971.845331775490195, 7861337.744859831407666 ], [ 492937.961398642743006, 7861318.382597409188747 ], [ 492869.225233729812317, 7861307.733317106962204 ], [ 492756.92405369883636, 7861327.095676684752107 ], [ 492683.347397750942037, 7861342.585444642230868 ], [ 492582.663494743057527, 7861369.69268910959363 ], [ 492506.633843746210914, 7861377.851071457378566 ], [ 492477.450701825961005, 7861338.778847995214164 ], [ 492416.147922361386009, 7861327.09566979855299 ], [ 492385.168284221028443, 7861276.753668549470603 ], [ 492315.464022752828896, 7861195.432127665728331 ], [ 492270.930812497681472, 7861087.003340852446854 ], [ 492239.951174991670996, 7861009.55419316701591 ], [ 492226.397603243938647, 7860934.041342036798596 ], [ 492170.24691496999003, 7860866.2733747176826 ], [ 492125.71370437357109, 7860777.206849737092853 ], [ 492067.626821926038247, 7860620.372358395718038 ], [ 492038.583480139437597, 7860568.094261085614562 ], [ 491914.664824829553254, 7860511.943569353781641 ], [ 491839.151973795553204, 7860484.836421256884933 ], [ 491721.042007404728793, 7860417.068452564999461 ], [ 491662.955222933378536, 7860357.045369911938906 ], [ 491635.847978195117321, 7860271.851337734609842 ], [ 491637.78427543444559, 7860227.318125834688544 ], [ 491655.210341955302283, 7860194.402191324159503 ], [ 491647.465358310902957, 7860145.996486879885197 ], [ 491618.422016441705637, 7860101.463274285197258 ], [ 491591.314770775090437, 7860056.930061741732061 ], [ 491581.633591178164352, 7859998.843176415190101 ], [ 491554.526445706316736, 7859946.564979202114046 ], [ 491550.65395465225447, 7859890.41439020074904 ], [ 491554.526447952084709, 7859851.689866906031966 ], [ 491556.462644442683086, 7859839.104391846805811 ], [ 491556.462644855782855, 7859821.678326327353716 ], [ 491551.622154877288267, 7859800.37976835668087 ], [ 491541.940974421915598, 7859779.081310273148119 ], [ 491514.833727821300272, 7859775.20881730876863 ], [ 491499.343958261946682, 7859776.176915034651756 ], [ 491474.173007624456659, 7859781.985602955333889 ], [ 491444.16146676056087, 7859777.145011829212308 ], [ 491431.575991627702024, 7859772.304521113634109 ], [ 491414.149926433048677, 7859750.03786476701498 ], [ 491414.149927086255047, 7859722.930718405172229 ], [ 491415.118025880248751, 7859693.887275903485715 ], [ 491419.958617360447533, 7859652.258358401246369 ], [ 491420.926716317015234, 7859616.438129317946732 ], [ 491419.958618779084645, 7859593.203375278040767 ], [ 491413.18183271685848, 7859568.032424941658974 ], [ 491385.106488085933961, 7859562.223735775798559 ], [ 491374.45720889500808, 7859568.032424028962851 ], [ 491339.605177363497205, 7859571.904915539547801 ], [ 491314.43412706622621, 7859564.159930272959173 ], [ 491304.753046206897125, 7859560.287537703290582 ], [ 491281.518292339809705, 7859542.861471641808748 ], [ 491262.156031024933327, 7859518.658619089052081 ], [ 491248.602458210778423, 7859497.36006092466414 ], [ 491234.080687325855251, 7859475.093504653312266 ], [ 491206.005443113623187, 7859452.826848059892654 ], [ 491168.248918574536219, 7859405.389241060242057 ], [ 491136.301182639901526, 7859356.983536119572818 ], [ 491124.683806054585148, 7859334.716979926452041 ], [ 491123.715708224917762, 7859324.067700990475714 ], [ 491120.811414589115884, 7859297.928652673959732 ], [ 491120.81141555326758, 7859259.204029356129467 ], [ 491120.811416130803991, 7859235.969275366514921 ], [ 491115.002728118968662, 7859213.702719317749143 ], [ 491104.353449562215246, 7859194.34045740403235 ], [ 491084.02309011016041, 7859173.041899088770151 ], [ 491044.330367874295916, 7859187.563569356687367 ], [ 491015.286924527143128, 7859207.894028381444514 ], [ 490961.07253047224367, 7859237.905567610636353 ], [ 490917.507416264852509, 7859235.96927035972476 ], [ 490849.73944991530152, 7859225.320089756511152 ], [ 490823.600401708798017, 7859211.766415936872363 ], [ 490799.397549871006049, 7859191.436055588535964 ], [ 490777.130894650472328, 7859154.647727884352207 ], [ 490776.16279738151934, 7859122.699991134926677 ], [ 490777.130896527960431, 7859082.039171695709229 ], [ 490769.386013001902029, 7859034.601565459743142 ], [ 490750.991849893238395, 7859008.462516773492098 ], [ 490737.438176853465848, 7858997.813237525522709 ], [ 490658.052833734196611, 7858975.546579606831074 ], [ 490628.04129305051174, 7858966.833596100099385 ], [ 490596.093556207837537, 7858957.152414453215897 ], [ 490552.528442603826988, 7858933.917759357020259 ], [ 490533.16618093213765, 7858926.172774199396372 ], [ 490513.803919520927593, 7858908.74670822173357 ], [ 490491.537264063372277, 7858882.607659427449107 ], [ 490472.175002864969429, 7858857.436708792112768 ], [ 490451.844543702609371, 7858827.425167724490166 ], [ 490431.514184414467309, 7858802.25421706866473 ], [ 490381.172284027270507, 7858784.828150273300707 ], [ 490354.065037598542403, 7858778.051362982951105 ], [ 490317.276710548554547, 7858759.657198460772634 ], [ 490284.360875933605712, 7858739.32683786842972 ], [ 490263.062318462878466, 7858718.028279507532716 ], [ 490252.41314012784278, 7858692.857329107820988 ], [ 490241.763861553627066, 7858676.399361436255276 ], [ 490244.668157474778127, 7858616.376280480995774 ], [ 490246.604454719577916, 7858577.651757286861539 ], [ 490234.018980019085575, 7858559.257593413814902 ], [ 490208.847930776653811, 7858516.660577173344791 ], [ 490202.071144927467685, 7858487.617134569212794 ], [ 490212.720424742263276, 7858458.573692433536053 ], [ 490207.879835263302084, 7858422.753463317640126 ], [ 490202.071147029637359, 7858411.136186193674803 ], [ 490191.421968544775154, 7858391.773824295029044 ], [ 490174.964001910760999, 7858357.889891035854816 ], [ 490147.856756214983761, 7858325.94215365499258 ], [ 490128.49449485441437, 7858308.516087681055069 ], [ 490113.004726105427835, 7858282.376939095556736 ], [ 490110.100332635745872, 7858253.333596609532833 ], [ 490113.972825807344634, 7858224.290154311805964 ], [ 490130.430793877807446, 7858205.895991237834096 ], [ 490147.856760226364713, 7858180.725041633471847 ], [ 490154.633647536800709, 7858156.522189817391336 ], [ 490143.016271131753456, 7858131.351239428855479 ], [ 490120.749615938111674, 7858098.435304111801088 ], [ 490110.100337387761101, 7858081.977336471900344 ], [ 490085.897485696070362, 7858060.678878058679402 ], [ 490072.34391320036957, 7858032.603533381596208 ], [ 490039.428078959987033, 7858001.62389394082129 ], [ 490021.033916200627573, 7857966.771762575954199 ], [ 489998.767260975379031, 7857935.792123428545892 ], [ 489983.27739255229244, 7857899.003795992583036 ], [ 489955.202148544660304, 7857876.737239399924874 ], [ 489945.520967881951947, 7857868.024156417697668 ], [ 489928.094902985962108, 7857841.885107803158462 ], [ 489902.92395331163425, 7857817.682255132123828 ], [ 489868.071822597936261, 7857798.319992584176362 ], [ 489838.060282201331574, 7857783.798220565542579 ], [ 489825.474807796825189, 7857756.691074011847377 ], [ 489825.474808377213776, 7857736.360714355483651 ], [ 489835.15599082771223, 7857682.146322220563889 ], [ 489841.932778975693509, 7857628.90002809651196 ], [ 489813.857435633428395, 7857584.366715705953538 ], [ 489787.718388172856066, 7857550.482782235369086 ], [ 489740.280783215072006, 7857500.140880838036537 ], [ 489717.046129866794217, 7857472.065535918809474 ], [ 489661.863539005513303, 7857463.352551652118564 ], [ 489644.437573559989687, 7857457.54386268928647 ], [ 489596.031869075610302, 7857457.54386130720377 ], [ 489570.860818629444111, 7857461.41625289991498 ], [ 489545.689868695801124, 7857447.862679086625576 ], [ 489507.933444252295885, 7857412.042449116706848 ], [ 489501.15665793849621, 7857401.3931700643152 ], [ 489495.347969716473017, 7857390.743991039693356 ], [ 489491.475477784639224, 7857376.222219763323665 ], [ 489492.443676531256642, 7857353.955664005130529 ], [ 489494.379873024357948, 7857343.306385207921267 ], [ 489500.18856198748108, 7857328.784614212810993 ], [ 489508.901545246946625, 7857313.294845221564174 ], [ 489519.550824543170165, 7857302.645566677674651 ], [ 489531.168201897933614, 7857292.964486236684024 ], [ 489547.626169558323454, 7857288.123896321281791 ], [ 489570.860823755094316, 7857286.187600838951766 ], [ 489597.968070255708881, 7857286.187601614743471 ], [ 489620.2347262778203, 7857287.155800327658653 ], [ 489634.756397954828572, 7857275.538423812016845 ], [ 489629.915808100369759, 7857255.207964049652219 ], [ 489621.202825608314015, 7857244.558784951455891 ], [ 489606.681054808723275, 7857226.164621064439416 ], [ 489576.669514923356473, 7857196.153079815208912 ], [ 489525.359517318371218, 7857158.396553328260779 ], [ 489489.539288455445785, 7857143.874881140887737 ], [ 489475.985715498507489, 7857134.193699974566698 ], [ 489454.687157946988009, 7857120.640126280486584 ], [ 489432.698201874038205, 7857103.232260220684111 ], [ 489407.249652632861398, 7857085.787994132377207 ], [ 489393.695979390584398, 7857085.78799373563379 ], [ 489377.238111825019587, 7857087.724289408884943 ], [ 489368.525028884992935, 7857092.564879537560046 ], [ 489362.71634012053255, 7857100.309763984754682 ], [ 489345.290273828257341, 7857123.544517321512103 ], [ 489336.57729033450596, 7857146.779170912690461 ], [ 489324.959912747261114, 7857164.205235958099365 ], [ 489283.336294822744094, 7857167.243728699162602 ], [ 489263.915433454618324, 7857157.494747490622103 ], [ 489243.638373894267716, 7857143.874873943626881 ], [ 489234.740191928925924, 7857128.375904464162886 ], [ 489227.180407993379049, 7857090.628579223528504 ], [ 489223.307916371501051, 7857066.425727183930576 ], [ 489223.307917219935916, 7857038.350482955574989 ], [ 489234.925295304856263, 7857004.466450616717339 ], [ 489240.733984244056046, 7856990.912877714261413 ], [ 489226.212313299358357, 7856978.327402289025486 ], [ 489209.754346587636974, 7856952.188253732398152 ], [ 489190.392085821426008, 7856919.272418558597565 ], [ 489175.870314970321488, 7856903.7825489025563 ], [ 489163.284840234846342, 7856890.228975458070636 ], [ 489156.508053588448092, 7856891.197073334828019 ], [ 489142.954479587613605, 7856916.368122913874686 ], [ 489139.081986793142278, 7856930.889793943613768 ], [ 489102.293657959497068, 7856979.295496670529246 ], [ 489080.027101956773549, 7856978.327397923916578 ], [ 489066.473428985918872, 7856969.614314824342728 ], [ 489051.951758286566474, 7856949.283954780548811 ], [ 489030.114303077978548, 7856894.997561985626817 ], [ 489010.489642431144603, 7856875.621499890461564 ], [ 488999.673565731034614, 7856812.77982444036752 ], [ 488991.928682762722019, 7856756.629235794767737 ], [ 488991.928684677695855, 7856694.669958940707147 ], [ 488978.37511333526345, 7856633.678779754787683 ], [ 488964.821540412376635, 7856623.997598590329289 ], [ 488931.905606282525696, 7856596.890451471321285 ], [ 488903.830362836248241, 7856562.038319895043969 ], [ 488903.830364372872282, 7856512.664518054574728 ], [ 488919.320135541609488, 7856455.545832090079784 ], [ 488912.890648797852919, 7856437.820467136800289 ], [ 488926.096924043784384, 7856394.554653571918607 ], [ 488935.778105783450883, 7856366.479309692978859 ], [ 488946.427386266645044, 7856317.105508200824261 ], [ 488951.267877810983919, 7856281.285279581323266 ], [ 488914.479551910422742, 7856236.752067031338811 ], [ 488864.137652872945182, 7856190.282557914033532 ], [ 488862.201457669842057, 7856159.302919475361705 ], [ 488862.201458940573502, 7856118.642100357450545 ], [ 488862.201459844771307, 7856089.598658133298159 ], [ 488837.030510763404891, 7856052.810330545529723 ], [ 488813.795757433050312, 7856029.575676053762436 ], [ 488792.497200884623453, 7855986.978660146705806 ], [ 488769.262448232329916, 7855942.445348035544157 ], [ 488728.601730170252267, 7855894.039643093012273 ], [ 488665.674256160506047, 7855845.633937458507717 ], [ 488633.726519347517751, 7855845.633936456404626 ], [ 488619.204848036868498, 7855846.602034075185657 ], [ 488556.277372526645195, 7855845.633934022858739 ], [ 488501.094882480450906, 7855820.462982371449471 ], [ 488472.051540833490435, 7855792.387637320905924 ], [ 488419.773345810302999, 7855743.982031995430589 ], [ 488411.060363863944076, 7855718.810981815680861 ], [ 488399.442987599701155, 7855695.576327688992023 ], [ 488377.176332880510017, 7855657.819802134297788 ], [ 488358.78217050479725, 7855620.063376700505614 ], [ 488345.228597952402197, 7855600.701114811003208 ], [ 488302.631583725335076, 7855555.199704021215439 ], [ 488236.799816411570646, 7855481.623048381879926 ], [ 488214.53316156117944, 7855448.707213196903467 ], [ 488199.043393210275099, 7855418.695672452449799 ], [ 488177.744836161320563, 7855394.492819955572486 ], [ 488150.637690743606072, 7855366.417474976740777 ], [ 488134.179724958783481, 7855317.043672764673829 ], [ 488112.881168538238853, 7855274.446656903252006 ], [ 488113.849367461691145, 7855249.275707066059113 ], [ 488106.104385083599482, 7855180.539643725380301 ], [ 488098.359502420993522, 7855120.516563035547733 ], [ 488098.359502905106638, 7855105.994791964069009 ], [ 488097.391406665497925, 7855050.812301867641509 ], [ 488092.550817283859942, 7855019.832663430832326 ], [ 488097.391409896081313, 7854954.000894759781659 ], [ 488099.327607421088032, 7854913.340175844728947 ], [ 488100.29570718400646, 7854862.998176196590066 ], [ 488119.658070156292524, 7854823.305555935017765 ], [ 488140.956528548325878, 7854805.879491355270147 ], [ 488152.673805379425175, 7854804.658494172617793 ], [ 488194.202823272556998, 7854800.070804673247039 ], [ 488223.246265742578544, 7854800.070805616676807 ], [ 488263.906985331501346, 7854796.198314652778208 ], [ 488290.04613492032513, 7854754.569498465396464 ], [ 488314.24898821284296, 7854716.812974498607218 ], [ 488289.077939223207068, 7854681.960943158715963 ], [ 488259.066399475384969, 7854657.758090435527265 ], [ 488235.831746659299824, 7854622.905959156341851 ], [ 488188.39414256834425, 7854564.819073420017958 ], [ 488193.234733907389455, 7854536.743829550221562 ], [ 488210.660800273704808, 7854509.636584165506065 ], [ 488230.023062991560437, 7854476.720750423148274 ], [ 488261.002702361845877, 7854453.485997753217816 ], [ 488282.301160916569643, 7854430.251244774088264 ], [ 488286.173654959304258, 7854377.973149148747325 ], [ 488317.153297078213654, 7854270.512464463710785 ], [ 488324.898182863136753, 7854235.660334225744009 ], [ 488320.057693568523973, 7854201.776401658542454 ], [ 488275.524382874369621, 7854170.796762020327151 ], [ 488230.023073817545082, 7854148.530104964971542 ], [ 488205.82022221951047, 7854135.944629285484552 ], [ 488181.617370721010957, 7854120.454759396612644 ], [ 488159.350715703796595, 7854095.283808892592788 ], [ 488148.701437494833954, 7854074.953449103049934 ], [ 488135.147865398321301, 7854043.973810467869043 ], [ 488114.817506842606235, 7854010.089777406305075 ], [ 488092.550851965730544, 7853981.046334628015757 ], [ 488058.66692052205326, 7853940.385614649392664 ], [ 488055.762526510865428, 7853933.608728079125285 ], [ 488056.730626340839081, 7853881.330632432363927 ], [ 488071.252399156510364, 7853832.924929512664676 ], [ 488058.666925057827029, 7853804.849585130810738 ], [ 488028.655385530379135, 7853776.774340178817511 ], [ 487989.930763034732081, 7853756.443879478611052 ], [ 487959.919223059900105, 7853741.922207468189299 ], [ 487936.684469774947502, 7853723.52804340980947 ], [ 487919.25850516470382, 7853699.325191145762801 ], [ 487910.5454237619997, 7853660.600668158382177 ], [ 487890.215065510419663, 7853618.97175058349967 ], [ 487870.852806200215127, 7853552.171883299946785 ], [ 487865.044118779129349, 7853521.192244959995151 ], [ 487872.789004857593682, 7853478.595230272971094 ], [ 487872.7890058781486, 7853448.583690203726292 ], [ 487864.075924092845526, 7853421.476444041356444 ], [ 487852.45864846726181, 7853382.751920983195305 ], [ 487857.299140604562126, 7853331.441823620349169 ], [ 487847.618061834364198, 7853272.386941242963076 ], [ 487846.649965371121652, 7853224.949335968121886 ], [ 487837.936884514230769, 7853170.734943971969187 ], [ 487830.192001739982516, 7853116.520552016794682 ], [ 487820.510823805758264, 7853033.262718034908175 ], [ 487815.670333911781199, 7853018.741046887822449 ], [ 487803.084760129218921, 7852982.920818040147424 ], [ 487783.722500571864657, 7852924.833933463320136 ], [ 487758.551552421005908, 7852870.619640961289406 ], [ 487746.934176162641961, 7852851.257279263809323 ], [ 487721.763226625917014, 7852837.703705503605306 ], [ 487679.166211572301108, 7852828.022523405961692 ], [ 487617.20693531841971, 7852808.660259997472167 ], [ 487597.844674186140765, 7852797.042882556095719 ], [ 487588.163494089618325, 7852777.680620925500989 ], [ 487580.418610217573587, 7852756.382163230329752 ], [ 487561.05635023425566, 7852711.84885158482939 ], [ 487541.69398931064643, 7852694.42288575693965 ], [ 487502.001368066936266, 7852697.32717858441174 ], [ 487485.543400798807852, 7852696.359079951420426 ], [ 487441.978287591424305, 7852689.582291996106505 ], [ 487414.871141753974371, 7852680.869208471849561 ], [ 487396.476878881629091, 7852664.411340735852718 ], [ 487384.859602612850722, 7852646.017177104949951 ], [ 487382.923307213699445, 7852624.718619614839554 ], [ 487391.636390687490348, 7852602.451964437961578 ], [ 487380.019015618949197, 7852550.173868555575609 ], [ 487316.123443832737394, 7852515.321736015379429 ], [ 487269.654037559521385, 7852476.597211817279458 ], [ 487168.970138841774315, 7852443.681274091824889 ], [ 487143.799189006385859, 7852439.808880943804979 ], [ 487097.329681646253448, 7852432.063894782215357 ], [ 487062.477651124820113, 7852426.255205154418945 ], [ 486977.283520946803037, 7852412.701629208400846 ], [ 486928.877917653357144, 7852399.148054569959641 ], [ 486888.217099290224724, 7852376.881397634744644 ], [ 486845.620085993083194, 7852321.698906460776925 ], [ 486832.066516364982817, 7852228.759991865605116 ], [ 486828.194026886892971, 7852152.278944723308086 ], [ 486773.011539011669811, 7852087.415372485294938 ], [ 486689.75370666384697, 7852031.264681784436107 ], [ 486682.008823763753753, 7851985.763372547924519 ], [ 486652.965383154863957, 7851942.198258658871055 ], [ 486630.698729182302486, 7851895.728750837035477 ], [ 486634.571224490529858, 7851815.375311802141368 ], [ 486598.750998144445475, 7851751.479738373309374 ], [ 486606.495885753014591, 7851671.126299516297877 ], [ 486634.571231848385651, 7851618.848105216398835 ], [ 486649.09290552343009, 7851550.112043375149369 ], [ 486636.507433578139171, 7851469.758603813126683 ], [ 486649.319010504463222, 7851404.936034097336233 ], [ 486564.465387914155144, 7851178.659784202463925 ], [ 486415.582689148606732, 7851052.599031222984195 ], [ 486183.909851902339142, 7851016.666494468227029 ], [ 486070.771685348066967, 7850808.389507548883557 ], [ 486389.615566830325406, 7850371.264896115288138 ], [ 486380.616000600974075, 7849955.996528910472989 ], [ 486484.754510494647548, 7849490.58736711833626 ], [ 486258.478273724671453, 7849188.457065476104617 ], [ 485730.071741740219295, 7848864.470596122555435 ], [ 485674.788268870906904, 7848447.916531449183822 ], [ 485453.654714956239332, 7848347.635024340823293 ], [ 484736.256072837044485, 7847792.22961244918406 ], [ 484260.561619684565812, 7847902.796369533985853 ], [ 483874.863394250744022, 7847835.941987126134336 ], [ 483553.448248990403954, 7847581.381185171194375 ], [ 482910.617938703217078, 7847514.52679000608623 ], [ 482414.352930092543829, 7847553.096588533371687 ], [ 482180.362705723498948, 7847406.531272254884243 ], [ 481812.663739447772969, 7847452.815060708671808 ], [ 481478.392021244508214, 7847208.539535807445645 ], [ 480174.732162042055279, 7846663.4193653203547 ], [ 479282.483821887581144, 7843701.257200609892607 ], [ 478583.084574309468735, 7841279.072572693228722 ], [ 477996.82348377420567, 7839232.300801910459995 ], [ 477672.837106422812212, 7838162.631163174286485 ], [ 475728.918693892250303, 7831569.763552911579609 ], [ 475075.803292277036235, 7829229.861334762535989 ], [ 474088.416164093418047, 7825820.289425674825907 ], [ 473805.570933152688667, 7824637.481662213802338 ], [ 472874.7528945596423, 7821454.186125620268285 ], [ 471239.3931152834557, 7816054.411814417690039 ], [ 469149.765308250091039, 7808655.997778353281319 ], [ 468956.06067525286926, 7807970.178318984806538 ], [ 468863.493206667946652, 7807548.481707649305463 ], [ 469110.340053594089113, 7806735.944257130846381 ], [ 468858.350870122550987, 7803400.941050490364432 ], [ 468912.348760596942157, 7802158.993012304417789 ], [ 468930.348073415691033, 7801554.732608227059245 ], [ 468866.065065016387962, 7800909.33098647557199 ], [ 468935.490735075611155, 7800695.911350099369884 ], [ 468788.9254853373277, 7800251.072892381809652 ], [ 468782.497202979982831, 7800204.789091194048524 ], [ 468773.497526820690837, 7800150.148507738485932 ], [ 468770.283437555248383, 7800104.507605452090502 ], [ 468794.068139774666633, 7800061.438013661652803 ], [ 468638.391166480781976, 7800125.549163040705025 ], [ 468565.843433793575969, 7800217.097614807076752 ], [ 468493.295660413394216, 7800308.645857837051153 ], [ 468461.959318541106768, 7800332.750747762620449 ], [ 468403.474796737427823, 7800377.738787837326527 ], [ 468092.555934432602953, 7800671.384331066161394 ], [ 467456.899644504999742, 7801182.672979146242142 ], [ 466808.930697312927805, 7801491.661259226500988 ], [ 466201.795590649824589, 7801490.508206727914512 ], [ 465645.150771453336347, 7801542.915643127635121 ], [ 464632.933212216885295, 7801701.364208145067096 ], [ 463721.118101362953894, 7802234.343678061850369 ], [ 462708.050503264530562, 7802767.063036765903234 ], [ 462253.122292937303428, 7802552.163050506263971 ], [ 461495.322061438404489, 7802015.693221090361476 ], [ 460535.427674294332974, 7801371.771899787709117 ], [ 460231.619310134963598, 7801478.056139347143471 ], [ 459875.50897535023978, 7802332.983369059860706 ], [ 459316.472646565816831, 7803401.37002152018249 ], [ 458250.449847970274277, 7804842.931122308596969 ], [ 458046.190092473756522, 7805617.954945521429181 ], [ 457741.27047702454729, 7806152.061172035522759 ], [ 457588.739666007924825, 7806445.853828515857458 ], [ 457359.837394559988752, 7806926.652578139677644 ], [ 457054.355653020204045, 7807674.678750835359097 ], [ 456824.901655937253963, 7808369.402046986855567 ], [ 456849.100651104876306, 7808824.068183938972652 ], [ 456696.402032210375182, 7809171.335828618146479 ], [ 456695.55169276043307, 7809518.974290711805224 ], [ 456339.774872720823623, 7810106.415202571079135 ], [ 456059.840588580293115, 7810720.779067054390907 ], [ 455729.865237994643394, 7811094.339536144398153 ], [ 455450.903099017683417, 7811307.572950877249241 ], [ 455070.550866418518126, 7811574.028440464287996 ], [ 454689.913820565270726, 7811947.441603527404368 ], [ 454182.487830297264736, 7812400.744281825609505 ], [ 454156.275941610976588, 7812748.317043913528323 ], [ 453777.058161903521977, 7812560.141593931242824 ], [ 453549.377147083519958, 7812506.063479433767498 ], [ 452916.329466867668089, 7812584.618732538074255 ], [ 452637.952255222538952, 7812557.13575472868979 ], [ 452258.537966447300278, 7812449.151733728125691 ], [ 451903.570884140441194, 7812662.125737077556551 ], [ 451573.909248275449499, 7812875.161843409761786 ], [ 451573.106110825785436, 7813169.317821869626641 ], [ 451394.366811082581989, 7813730.403513484634459 ], [ 451140.478507829131559, 7813997.122716803103685 ], [ 450634.166869735287037, 7813995.721451764926314 ], [ 449900.0143095535459, 7813993.663856264203787 ], [ 449140.5456025400199, 7813991.503455974161625 ], [ 448683.626900579372887, 7814418.055692283436656 ], [ 448226.842304885853082, 7814791.113441264256835 ], [ 447846.697282282402739, 7814923.709407712332904 ], [ 447238.373821875022259, 7815162.58781695459038 ], [ 446757.022914423083421, 7815268.118024759925902 ], [ 446073.043227066227701, 7815399.76294706761837 ], [ 445541.37044041819172, 7815398.140471578575671 ], [ 445237.144957344164141, 7815530.913946401327848 ], [ 444553.142369100591168, 7815662.500866023823619 ], [ 443970.149356605368666, 7815874.606130370870233 ], [ 443641.772581241617445, 7815632.890288814902306 ], [ 443185.361303365498316, 7815845.371370600536466 ], [ 442704.482618368056137, 7815790.342811294831336 ], [ 441944.492687965277582, 7815921.584714834578335 ], [ 441817.111216020653956, 7816161.845488752238452 ], [ 441183.162594896450173, 7816453.919672424905002 ], [ 440878.884609591623303, 7816586.619744031690061 ], [ 440143.17417771962937, 7817012.02872927300632 ], [ 440117.133096847275738, 7817225.876975405961275 ], [ 439888.795851860195398, 7817358.816258393228054 ], [ 439431.473231485695578, 7817811.878230724483728 ], [ 439151.015922899940051, 7818372.503006801009178 ], [ 438896.2317779220175, 7818826.243812011554837 ], [ 438616.480502450256608, 7819172.926837848499417 ], [ 438615.004433022404555, 7819600.793940684758127 ], [ 438537.277708724373952, 7820108.623663682490587 ], [ 438485.149744548951276, 7820536.315459432080388 ], [ 438382.645298654853832, 7820883.60681533627212 ], [ 438001.454327342333272, 7821256.671570220962167 ], [ 437999.313526364974678, 7821871.729584230110049 ], [ 437947.3551700427779, 7822245.9362936867401 ], [ 437540.329627310158685, 7822752.611666133627295 ], [ 437133.469892385590356, 7823205.794850392267108 ], [ 436727.253787896013819, 7823471.777625111863017 ], [ 436675.455039009451866, 7823792.497547491453588 ], [ 436496.145211787254084, 7824353.441547463648021 ], [ 436266.161388816777617, 7824914.202839674428105 ], [ 435961.509785925096367, 7825100.305798728018999 ], [ 435657.816028431756422, 7825018.987314149737358 ], [ 434923.485562115907669, 7824936.098155556246638 ], [ 434417.342333708540536, 7824800.534546499140561 ], [ 433885.875058136414737, 7824664.8625324126333 ], [ 433633.058606064878404, 7824530.213266599923372 ], [ 432924.186693659634329, 7824420.593364449217916 ], [ 432342.180329008901026, 7824257.942295145243406 ], [ 432240.348914842354134, 7824391.266598381102085 ], [ 431733.215639866772108, 7824523.043928759172559 ], [ 431327.091640156169888, 7824735.422909766435623 ], [ 431300.524434060032945, 7825056.227236892096698 ], [ 430945.047828722512349, 7825268.79282696172595 ], [ 430565.062214848119766, 7825267.318357404321432 ], [ 430007.120238049479667, 7825425.592320729978383 ], [ 429499.728051029320341, 7825610.791237073019147 ], [ 429650.460776702151634, 7825932.293297803029418 ], [ 429496.982120758038945, 7826306.079691006802022 ], [ 429445.468985317274928, 7826519.814336877316236 ], [ 429571.296283610456157, 7826734.249115968123078 ], [ 429771.764160205202643, 7827296.625587400048971 ], [ 429998.419624977570493, 7827645.164008198305964 ], [ 430226.337149757950101, 7827672.797694916836917 ], [ 430352.078043904853985, 7827913.968019015155733 ], [ 430451.757455765327904, 7828342.23095047287643 ], [ 430627.454111311526503, 7828770.788196421228349 ], [ 430752.897891259868629, 7829092.180255016312003 ], [ 431131.213825593877118, 7829548.257183501496911 ], [ 431609.985408619104419, 7830245.388232970610261 ], [ 431938.278378342743963, 7830540.802584584802389 ], [ 432114.743870430858806, 7830782.151219294406474 ], [ 432570.563819467672147, 7830864.100635500624776 ], [ 432823.062656105321366, 7831105.727983733639121 ], [ 432492.324169565923512, 7831452.129307137802243 ], [ 431350.847155046183616, 7831741.950393861159682 ], [ 430816.918362439319026, 7832194.509858665987849 ], [ 430206.725514318968635, 7832700.241298892535269 ], [ 429444.330670788534917, 7833232.096155166625977 ], [ 428961.20958026999142, 7833631.318738577887416 ], [ 428654.842395343992393, 7834191.685825439170003 ], [ 428271.883939132792875, 7834885.452423571608961 ], [ 427839.385941734013613, 7835284.848916890099645 ], [ 427231.499004434677772, 7835175.424219142645597 ], [ 425786.964565165573731, 7835116.020146097056568 ], [ 424926.860805778414942, 7834711.305799167603254 ], [ 423330.745901983347721, 7834544.097406383603811 ], [ 423153.439570176182315, 7834516.595825105905533 ], [ 421531.655703465919942, 7834429.343354590237141 ], [ 421127.064477884152438, 7834213.627709828317165 ], [ 420746.408932902675588, 7834318.918909639120102 ], [ 420060.883275433443487, 7834583.300814324058592 ], [ 419831.692390232929029, 7834822.960670622065663 ], [ 419449.934392442519311, 7835168.903574405238032 ], [ 419068.403005546017084, 7835461.35458798892796 ], [ 418559.998570989700966, 7835779.965018954128027 ], [ 418126.522527608729433, 7836339.587571978569031 ], [ 417820.746671637520194, 7836685.844391985796392 ], [ 417059.530086819839198, 7836842.798895247280598 ], [ 416451.143727326823864, 7836839.977260066196322 ], [ 415638.20139677968109, 7837210.57361037004739 ], [ 414747.268227918306366, 7837981.906519903801382 ], [ 414315.533068591728806, 7838140.30889281257987 ], [ 413910.295212925702799, 7838058.142464062198997 ], [ 413376.498928581480868, 7838349.747538711875677 ], [ 413020.2795885935775, 7838615.455208831466734 ], [ 412841.776699640147854, 7838828.533429628238082 ], [ 412535.724930589902215, 7839201.446992573328316 ], [ 412381.912058069079649, 7839548.355745983310044 ], [ 412379.565744749212172, 7840029.716662116348743 ], [ 412225.482459075865336, 7840430.10870701726526 ], [ 411919.260781690478325, 7840829.755016427487135 ], [ 411892.33345709706191, 7841150.538055593147874 ], [ 411814.430822541355155, 7841524.556974000297487 ], [ 411786.845766019832809, 7841979.051041273400187 ], [ 411784.879570768447593, 7842380.184724049642682 ], [ 411756.375969594169874, 7843021.873911432921886 ], [ 411501.87163789360784, 7843207.824870435521007 ], [ 411273.511593029485084, 7843233.443961771205068 ], [ 411195.720963687985204, 7843580.718036560341716 ], [ 411168.77903811930446, 7843901.499778112396598 ], [ 411040.263710926054046, 7844248.523041408509016 ], [ 410886.91216036665719, 7844488.451116144657135 ], [ 410859.964134415495209, 7844809.232358479872346 ], [ 410856.260954323632177, 7845558.014339227229357 ], [ 410648.991650435724296, 7846439.502502011135221 ], [ 410494.821459841390606, 7846839.880853146314621 ], [ 410440.907806597300805, 7847481.441342255100608 ], [ 410233.999619839829393, 7848282.698271547444165 ], [ 410155.506555673724506, 7848763.678580973297358 ], [ 409952.173743386229035, 7848842.894269816577435 ], [ 409898.371795210812707, 7849457.710816349834204 ], [ 409895.170738626853563, 7850099.522122381255031 ], [ 409918.939509507734329, 7850420.554182002320886 ], [ 409561.767222354596015, 7850819.912287713959813 ], [ 409001.618540371709969, 7851218.243443666025996 ], [ 408924.430539785302244, 7851431.797394532710314 ], [ 408594.615299289987888, 7851430.133013274520636 ], [ 408264.528345515951514, 7851481.947024129331112 ], [ 408210.258373896242119, 7852176.98611357063055 ], [ 407952.461580348492134, 7852977.961839165538549 ], [ 407746.345231330371462, 7853591.997854413464665 ], [ 407463.682813033694401, 7854285.869290746748447 ], [ 407434.617781926412135, 7855007.777438321150839 ], [ 407125.313851432176307, 7855942.193589482456446 ], [ 407022.846105796052143, 7856128.867989741265774 ], [ 406918.728578750509769, 7856636.447349006310105 ], [ 406790.739576378662605, 7856849.732289744541049 ], [ 406736.819920908019412, 7857464.539949392899871 ], [ 406632.137965759146027, 7858079.085997240617871 ], [ 406451.445667737512849, 7858666.496880032122135 ], [ 405914.569730787654407, 7859412.520553767681122 ], [ 405429.112525827018544, 7860025.08340697735548 ], [ 404965.649402525625192, 7861279.577892912551761 ], [ 404629.898967706540134, 7862374.275333397090435 ], [ 404652.900999175559264, 7862829.023939578793943 ], [ 403807.648175065405667, 7864241.943917349912226 ], [ 403241.991317903855816, 7865576.088030552491546 ], [ 402985.806901954114437, 7866002.610719700343907 ], [ 402780.108871672186069, 7866482.885417276993394 ], [ 402778.253878959454596, 7866830.532432637177408 ], [ 402751.291750169708394, 7867124.5598468426615 ], [ 402800.080550940823741, 7867499.219723739661276 ], [ 402722.045707058743574, 7867846.460119849070907 ], [ 402466.39191740413662, 7868166.008221440017223 ], [ 402589.506276166706812, 7868888.722137201577425 ], [ 402258.079255763208494, 7869127.634676639921963 ], [ 401748.440259960247204, 7869445.811210740357637 ], [ 401340.079850787471514, 7869818.007866960018873 ], [ 401211.070696567941923, 7870191.710098790004849 ], [ 400953.617716421314981, 7870832.143872855231166 ], [ 400493.248145054560155, 7871417.984397071413696 ], [ 400058.541737552266568, 7871950.469033097848296 ], [ 399623.663421363919042, 7872509.686317086219788 ], [ 399469.201613571902271, 7872883.238243989646435 ], [ 399594.002856074715964, 7873285.067896195687354 ], [ 399567.866868315904867, 7873418.638828352093697 ], [ 399537.837484168005176, 7874260.874879226088524 ], [ 399559.276134826359339, 7874983.050080350600183 ], [ 399378.802545136306435, 7875463.430094741284847 ], [ 398738.955533695232589, 7876315.673655091784894 ], [ 398061.163003998808563, 7877127.571783306077123 ], [ 397561.690755088347942, 7877846.844743598252535 ], [ 397254.696436173224356, 7878219.527231892570853 ], [ 397089.316042829304934, 7878258.713807361200452 ], [ 397062.630927001941018, 7878485.879059892147779 ], [ 396973.549590587383136, 7878512.121582850813866 ], [ 396883.715815994713921, 7878672.07424689643085 ], [ 396729.302810028661042, 7879018.863530617207289 ], [ 396524.667532120773103, 7879258.396606990136206 ], [ 396115.305571635370143, 7879750.827433980070055 ], [ 395897.56949802354211, 7880057.137477613985538 ], [ 395629.003221616439987, 7880363.156106717884541 ], [ 395398.850887104170397, 7880615.904250124469399 ], [ 395155.756964987784158, 7880908.690312448889017 ], [ 394988.893696254701354, 7881201.90979696623981 ], [ 394810.161494515545201, 7881347.973161581903696 ], [ 394656.762940007087309, 7881507.551807781681418 ], [ 394503.361685365263838, 7881667.129353976808488 ], [ 394336.635423572384752, 7881933.601290296763182 ], [ 394143.719570905901492, 7882333.636361733078957 ], [ 394028.043323025514837, 7882560.285490496084094 ], [ 393683.861324546334799, 7882745.498229356482625 ], [ 393479.378454327699728, 7882944.886983460746706 ], [ 393184.848498487030156, 7883330.952251164242625 ], [ 392852.727542736509349, 7883623.193187640979886 ], [ 392507.34028277330799, 7884008.952140365727246 ], [ 392175.431537879980169, 7884261.068453747779131 ], [ 392136.364362575928681, 7884421.298334181308746 ], [ 392057.835791779274587, 7884808.613566920161247 ], [ 391902.341730019776151, 7885315.820646408945322 ], [ 391811.253190979012288, 7885676.317927520722151 ], [ 391759.785555641865358, 7885782.98790723271668 ], [ 391516.094702740840148, 7886155.957217298448086 ], [ 391323.471864683320746, 7886489.110519696958363 ], [ 391117.894638271536678, 7886862.300241679884493 ], [ 390963.944055355794262, 7887102.077835069969296 ], [ 390961.489429419627413, 7887516.582842404022813 ], [ 390920.664163680223282, 7887970.975262053310871 ], [ 390868.234978888358455, 7888238.096435858868062 ], [ 390853.543201276566833, 7888572.299093816429377 ], [ 390737.077212426345795, 7888919.270095716230571 ], [ 390770.933720016619191, 7889641.536030642688274 ], [ 390844.120516594266519, 7890163.460660514421761 ], [ 390944.715067059674766, 7890351.257735023275018 ], [ 391159.807305223832373, 7890526.358569733798504 ], [ 391209.239535874861758, 7890767.338027237914503 ], [ 391117.722274009953253, 7891194.687386639416218 ], [ 391141.019116112380289, 7891555.856308261863887 ], [ 391279.608886920963414, 7891770.617844261229038 ], [ 391468.428729433100671, 7892092.645592662505805 ], [ 391935.090147635899484, 7892737.215316996909678 ], [ 392300.767595339100808, 7893260.839239506050944 ], [ 393186.008670958515722, 7894095.008536295033991 ], [ 393692.775618699728511, 7894418.844780602492392 ], [ 393780.70849565876415, 7894606.549953096546233 ], [ 394058.230654793500435, 7894995.912803199142218 ], [ 394437.723135444859508, 7895345.739059329032898 ], [ 394373.454919159936253, 7895465.714213389903307 ], [ 394333.395991718221921, 7895799.769171289168298 ], [ 394230.670030992245302, 7895973.009413322433829 ], [ 394177.814623194048181, 7896320.362242714501917 ], [ 393957.79642948100809, 7896987.669918954372406 ], [ 393802.119655786722433, 7897521.631166784092784 ], [ 393572.662313427543268, 7898720.39184439741075 ], [ 393566.014910305850208, 7898770.496248325332999 ], [ 393526.475709526333958, 7899010.95308499597013 ], [ 393509.750996175920591, 7899154.598810417577624 ], [ 393479.903585513762664, 7899368.368600372225046 ], [ 393430.49628534365911, 7899665.596728011965752 ], [ 393397.294571472681127, 7899909.432560916990042 ], [ 393377.330960918683559, 7900063.088066956028342 ], [ 393366.483610503026284, 7900290.338338110595942 ], [ 393336.229478537919931, 7900574.304897271096706 ], [ 393331.991729263972957, 7900758.136252029798925 ], [ 393312.180926638829987, 7900885.049908505752683 ], [ 393246.694946562871337, 7901212.270376361906528 ], [ 393184.502566465525888, 7901519.452582973986864 ], [ 393148.750991274428088, 7901652.959922445937991 ], [ 393145.050970020529348, 7901743.194952746853232 ], [ 393109.684114918462001, 7901809.847817269153893 ], [ 393074.509669865830801, 7901843.07334428653121 ], [ 392988.29801131458953, 7901902.747206034138799 ], [ 392860.531018459238112, 7901998.951786614023149 ], [ 392751.998598165926524, 7902068.524122891016304 ], [ 392732.550114423851483, 7902131.925498463213444 ], [ 392661.889108008414041, 7902251.858852550387383 ], [ 392568.965342888026498, 7902371.662999946624041 ], [ 392421.626859848678578, 7902551.322418663650751 ], [ 392293.134629061445594, 7902771.204168288037181 ], [ 392177.496881615603343, 7902967.759965523146093 ], [ 392116.525965269305743, 7903061.005072554573417 ], [ 392052.315651735523716, 7903164.259659925475717 ], [ 392016.631179987918586, 7903284.394224824383855 ], [ 391974.468713899259456, 7903424.548050426878035 ], [ 391951.602523600216955, 7903528.042850432917476 ], [ 391896.561472872796003, 7903694.864222407341003 ], [ 391857.86991607764503, 7903784.895542572252452 ], [ 391790.183192912722006, 7903938.271635697223246 ], [ 391715.978273297077976, 7904118.352177120745182 ], [ 391635.64497764792759, 7904258.282791381701827 ], [ 391599.917103577172384, 7904385.102044155821204 ], [ 391541.592553297523409, 7904568.61758438590914 ], [ 391444.493241820891853, 7904855.534320208244026 ], [ 391370.066910530615132, 7905072.383693609386683 ], [ 391308.518463824177161, 7905262.565420748665929 ], [ 391279.402591095073149, 7905345.966056596487761 ], [ 391189.303401301149279, 7905522.609099951572716 ], [ 391105.83841405500425, 7905652.490832295268774 ], [ 390987.069274921435863, 7905835.650654547847807 ], [ 390846.090379875095095, 7906008.650988634675741 ], [ 390813.221182928420603, 7906188.971243600361049 ], [ 390647.026347026578151, 7906321.707944416441023 ], [ 390402.35794005432399, 7906815.007751654833555 ], [ 390023.358441215474159, 7907427.853494923561811 ], [ 389817.151778901054058, 7907867.888614141382277 ], [ 389642.947167930775322, 7908274.683205548673868 ], [ 389629.270541223697364, 7908435.058604607358575 ], [ 389277.336380413908046, 7908767.252876965329051 ], [ 389116.754093223367818, 7909020.353457378223538 ], [ 388982.336796853691339, 7909153.266268316656351 ], [ 388752.153758949134499, 7909339.091950429603457 ], [ 388489.430341241648421, 7909645.062800128012896 ], [ 388189.241631306533236, 7909830.462860049679875 ], [ 388087.431218276789878, 7909829.85142788477242 ], [ 387578.298048922850285, 7909840.156841930933297 ], [ 387126.35107014211826, 7909864.166448800824583 ], [ 386935.212107901577838, 7909903.121613803319633 ], [ 386629.412349535850808, 7909961.434505002573133 ], [ 386443.778530338313431, 7910140.818812516517937 ], [ 386098.076351153082214, 7910479.681372700259089 ], [ 385682.895927875651978, 7910731.197270554490387 ], [ 385197.416217168560252, 7911029.071959037333727 ], [ 384808.119970034458674, 7911207.185700000263751 ], [ 384775.971010886773001, 7911260.473091033287346 ], [ 384564.685427993652411, 7911466.42474053055048 ], [ 384321.161181205417961, 7911739.031956424936652 ], [ 383838.647753419470973, 7912063.635395515710115 ], [ 382869.925576650188304, 7912786.328036074526608 ], [ 382265.465415867511183, 7913263.901250958442688 ], [ 382105.362054102413822, 7913420.006909096613526 ], [ 381881.652910727425478, 7913569.023058224469423 ], [ 381736.862088132533245, 7913818.82424970343709 ], [ 381516.369840798783116, 7913961.170912081375718 ], [ 381161.533901195798535, 7914209.633733004331589 ], [ 380819.652650339412503, 7914421.400925484485924 ], [ 380593.529353627120145, 7914446.69950001873076 ], [ 380382.589289201598149, 7914585.75187124311924 ], [ 380031.036949276109226, 7914814.158229225315154 ], [ 379932.229021245788317, 7914836.923652739264071 ], [ 379690.746183022973128, 7914775.19678070768714 ], [ 379445.197503711853642, 7914850.500556011684239 ], [ 379285.834281355608255, 7914886.243334144353867 ], [ 379215.191875763295684, 7914982.731632376089692 ], [ 378865.216844868380576, 7915455.161643148399889 ], [ 378485.528084274672437, 7915599.784943290986121 ], [ 378223.352396118221804, 7915781.939616392366588 ], [ 377898.587680560885929, 7915799.87766735162586 ], [ 377595.750305779103655, 7915871.440927772782743 ], [ 377458.192517772666179, 7915977.513684285804629 ], [ 377339.685692577972077, 7916090.396335180848837 ], [ 377195.67141133180121, 7916209.796664949506521 ], [ 376987.889540015021339, 7916345.491241879761219 ], [ 376658.958978119364474, 7916510.471021346747875 ], [ 376419.164354949665722, 7916672.692037949338555 ], [ 376253.014321953756735, 7916768.538702480494976 ], [ 376191.764890722581185, 7916885.136667198501527 ], [ 376071.959396377846133, 7917191.895263371989131 ], [ 375978.035477977828123, 7917435.308584808371961 ], [ 375910.416458093095571, 7917551.863647448830307 ], [ 375861.38437625952065, 7917745.429976391606033 ], [ 375854.219545241445303, 7917865.728954341262579 ], [ 375853.354199102963321, 7917996.098616264760494 ], [ 375882.235283966001589, 7918440.903815977275372 ], [ 375858.799862857325934, 7918614.582190988585353 ], [ 375834.787510934751481, 7918875.173507602885365 ], [ 375811.440094494260848, 7919035.480507204309106 ], [ 375771.976296207343694, 7919225.767146431840956 ], [ 375709.673608599929139, 7919499.476025644689798 ], [ 375679.203263234347105, 7919773.39611631911248 ], [ 375655.676337134907953, 7919960.445367651060224 ], [ 375591.363917953625787, 7920056.963868679478765 ], [ 375526.828586856077891, 7920186.910308893769979 ], [ 375407.77293221023865, 7920376.66712049767375 ], [ 375198.796796930895653, 7920682.827987752854824 ], [ 375082.851632594363764, 7920882.632682399824262 ], [ 374957.263980601390358, 7921095.744249415583909 ], [ 374579.538249241944868, 7921400.772056740708649 ], [ 374499.252355837728828, 7921503.866340099833906 ], [ 374360.672713036532514, 7921753.660135942511261 ], [ 374180.453631490236148, 7922039.946150338277221 ], [ 374153.636905275925528, 7922240.344077350571752 ], [ 373937.886182981252205, 7923074.636087084189057 ], [ 373753.689887712418567, 7923949.254037582315505 ], [ 373661.834002971765585, 7924349.791580085642636 ], [ 373467.312459851615131, 7924863.297680913470685 ], [ 373470.256664169428404, 7925371.447965864092112 ], [ 373231.860938915866427, 7925777.681744836270809 ], [ 373037.812520988692995, 7926217.642380019649863 ], [ 372982.973302821046673, 7926792.261625765822828 ], [ 372901.117447033931967, 7927594.019354389980435 ], [ 372637.282213547790889, 7928929.418959790840745 ], [ 372492.431408792792354, 7929623.773561760783195 ], [ 372552.420894312032033, 7930172.425202956423163 ], [ 372588.290098816214595, 7930520.335494610480964 ], [ 372662.565545168763492, 7930841.761748421005905 ], [ 372749.404659188061487, 7931190.015859393402934 ], [ 372748.50121020746883, 7931323.727820413187146 ], [ 372631.205771825392731, 7931710.717485764995217 ], [ 372602.557845375209581, 7932178.536940963938832 ], [ 372714.888314343930688, 7932526.962662687525153 ], [ 372981.755900544812903, 7932635.737469665706158 ], [ 373324.272107440338004, 7932865.362589814700186 ], [ 373552.202322890982032, 7933080.840891999192536 ], [ 373742.357030675280839, 7933229.204499398358166 ], [ 373868.353227145737037, 7933443.995464647188783 ], [ 373623.191690197796561, 7933896.992867661640048 ], [ 373200.867936528171413, 7934161.593238906934857 ], [ 372965.814833469165023, 7935002.432158073410392 ], [ 372695.756073526397813, 7935361.649719143286347 ], [ 372423.24767996853916, 7936081.884940094314516 ], [ 372195.550559391907882, 7937711.69967223983258 ], [ 372229.178140074247494, 7938393.885881354101002 ], [ 371942.601995602075476, 7939301.22547334805131 ], [ 371579.33447343413718, 7940234.784891996532679 ], [ 371374.464480783673935, 7940367.110880876891315 ], [ 371054.497468834917527, 7940552.138032822869718 ], [ 370834.317557929607574, 7941058.763958197087049 ], [ 370451.1409866604954, 7941163.119827115908265 ], [ 369901.404559595277533, 7941386.670721800997853 ], [ 369465.285470603557769, 7941771.451977121643722 ], [ 369411.709317859669682, 7942145.493700412102044 ], [ 368783.954440727713518, 7942582.426289465278387 ], [ 368413.57575019961223, 7942673.460484683513641 ], [ 368131.787567974766716, 7942858.707549422979355 ], [ 367582.251852407120168, 7943042.081711486913264 ], [ 367148.952118787099607, 7943012.305191956460476 ], [ 366943.268381631700322, 7943251.556791478767991 ], [ 366648.518010107567534, 7943463.436203433200717 ], [ 366201.326036035781726, 7943594.004296542145312 ], [ 365638.617819899460301, 7943830.719757080078125 ], [ 365257.061138718621805, 7943694.29164226911962 ], [ 364618.789007811341435, 7943796.72040550597012 ], [ 364219.60518039285671, 7944342.119590236805379 ], [ 363707.465451997821219, 7944632.631174385547638 ], [ 362923.865586159634404, 7945429.310063334181905 ], [ 362425.202575826959219, 7945612.910638206638396 ], [ 362001.872667661693413, 7945957.512362809851766 ], [ 361552.340465239132755, 7946395.51961356960237 ], [ 361241.989558908273466, 7946981.62896428629756 ], [ 361101.027064344787505, 7947074.203644588589668 ], [ 360534.021311530610546, 7947872.379520228132606 ], [ 360017.688851400220301, 7948711.031147616915405 ], [ 359553.515366257459391, 7949389.590175558812916 ], [ 359499.040562577545643, 7949857.215342321433127 ], [ 359137.556137249106541, 7950442.919375749304891 ], [ 358966.984358945861459, 7951083.522595699876547 ], [ 358081.776792657678016, 7951758.92735281214118 ], [ 357834.822454246226698, 7952372.209189044311643 ], [ 357831.229154172120616, 7952853.583857542835176 ], [ 357638.4806049548788, 7953039.356055000796914 ], [ 357584.55493106530048, 7953426.748764701187611 ], [ 357403.45509812689852, 7953759.701113995164633 ], [ 357336.265817731735297, 7954213.855503976345062 ], [ 357232.703108840505593, 7954413.664216011762619 ], [ 356783.471422545786481, 7954771.346508097834885 ], [ 356209.968039506464265, 7954686.796205703169107 ], [ 354662.1787565194536, 7955209.956533646211028 ], [ 353267.298701839405112, 7955747.546797594055533 ], [ 352715.161444220575504, 7956197.956680567935109 ], [ 351787.679720964166336, 7957327.440332765690982 ], [ 351232.962118806433864, 7958098.734065210446715 ], [ 349928.195419909898192, 7960121.16272581089288 ], [ 349709.457288037519902, 7960346.778842343017459 ], [ 349603.8911662948085, 7960787.244744626805186 ], [ 349501.266709950112272, 7960853.300585594959557 ], [ 349049.519682885962538, 7961491.626894388347864 ], [ 348149.650432761292905, 7962300.23930913861841 ], [ 347532.215399784967303, 7962897.102612405084074 ], [ 346449.227402269956656, 7964239.095437837764621 ], [ 345110.777025998162571, 7965578.9759481549263 ], [ 344029.53892722085584, 7966666.785003930330276 ], [ 343602.468608121387661, 7967372.069913791492581 ], [ 343521.288877065642737, 7967933.067931459285319 ], [ 343425.593967990076635, 7968707.91298399399966 ], [ 343109.77454757981468, 7969855.401208804920316 ], [ 342000.821216617652681, 7972721.487987194210291 ], [ 341193.825264241429977, 7974560.307937070727348 ], [ 340593.380097542831209, 7976119.981057468801737 ], [ 340283.174794937367551, 7976558.720679661259055 ], [ 340139.01201731315814, 7976998.832880837842822 ], [ 339323.701038765022531, 7978262.491293279454112 ], [ 338573.058600269374438, 7979419.679315305314958 ], [ 338017.557248572818935, 7980150.544837225228548 ], [ 337707.233738623035606, 7980589.250861690379679 ], [ 337419.301204327843152, 7981402.585982185788453 ], [ 337080.689078101655468, 7982161.999467455781996 ], [ 337013.536593934055418, 7982549.25189920887351 ], [ 336920.376225269399583, 7982989.777231182903051 ], [ 336826.536217181244865, 7983510.534732131287456 ], [ 336720.816181772155687, 7983924.207502906210721 ], [ 336603.667545279022306, 7984177.307030698284507 ], [ 336307.050067447591573, 7984495.755361902527511 ], [ 335921.083641321281902, 7984800.070371212437749 ], [ 335906.718970246671233, 7984987.171658710576594 ], [ 335764.4492005945649, 7985186.562361864373088 ], [ 335622.176630769448821, 7985385.952165062539279 ], [ 335565.613898065988906, 7986027.38009153585881 ], [ 335160.461020520539023, 7987080.413573868572712 ], [ 334385.299280138104223, 7988050.048506053164601 ], [ 333813.655451181228273, 7989128.386566868051887 ], [ 333503.335939987679012, 7989540.295941434800625 ], [ 333342.03422614838928, 7990461.660469352267683 ], [ 333043.549638755735941, 7990980.651578256860375 ], [ 332509.53340436052531, 7992126.15135679859668 ], [ 332174.958810578798875, 7992377.357879560440779 ], [ 331903.950193343334831, 7992669.228369641117752 ], [ 331256.268624669406563, 7993639.867973245680332 ], [ 330903.524335784662981, 7994506.068299534730613 ], [ 330245.165610678261146, 7995222.497607370838523 ], [ 330087.767423258512281, 7995675.817099254578352 ], [ 329369.504036816651933, 7995923.633725201711059 ], [ 328347.281712574185804, 7995834.416127721779048 ], [ 327603.292858892295044, 7996095.317115134559572 ], [ 327125.674249918665737, 7996599.277954746037722 ], [ 327077.826553065795451, 7997668.729921922087669 ], [ 326946.270640237838961, 7998082.140292547643185 ], [ 325978.811675193603151, 7999009.680396453477442 ], [ 324939.319609598722309, 7999401.592511745169759 ], [ 324401.815541649411898, 7999436.886463996954262 ], [ 323848.020587571663782, 7999859.853990229777992 ], [ 322078.194802618992981, 8000378.759195970371366 ], [ 322148.361092443927191, 8001101.579187647439539 ], [ 321954.677888398058712, 8001300.421465637162328 ], [ 321483.839703653298784, 8002432.895312305539846 ], [ 320606.671942763961852, 8003227.296169875189662 ], [ 319803.355788741260767, 8004329.942181804217398 ], [ 319671.734370927209966, 8004729.945177842862904 ], [ 319102.176160925067961, 8005446.880129847675562 ], [ 318620.030582577164751, 8006391.967373104766011 ], [ 318404.42505481117405, 8007566.872708605602384 ], [ 318027.543688328121789, 8008191.952316753566265 ], [ 318008.825454990612343, 8008830.382107737474144 ], [ 317988.837345514213666, 8009605.881985347718 ], [ 318017.039965425734408, 8009669.669401805847883 ], [ 318113.423144187079743, 8009971.474685683846474 ], [ 318109.821525110979564, 8010014.906315926462412 ], [ 317965.032103652658407, 8010448.215458560734987 ], [ 317738.829120836569928, 8011034.568417269736528 ], [ 317302.291722062276676, 8012217.447330424562097 ], [ 317147.656600109301507, 8012674.065733693540096 ], [ 316840.858204195625149, 8013319.845157464966178 ], [ 316693.913849577773362, 8013636.10688363481313 ], [ 316641.565559611364733, 8013759.327762924134731 ], [ 316408.146136496507097, 8014425.847398209385574 ], [ 316309.77944235841278, 8014679.034250503405929 ], [ 315697.034092562273145, 8014840.481548885814846 ], [ 315509.558466220914852, 8015039.335133755579591 ], [ 315316.776515551493503, 8015121.115196295082569 ], [ 315074.95687656942755, 8015312.768560785800219 ], [ 314860.83292668685317, 8015621.702360265888274 ], [ 314736.903374210291076, 8015867.956308745779097 ], [ 314697.086748214787804, 8016018.039554313756526 ], [ 314625.362577175023034, 8016157.791897369548678 ], [ 314362.684667935944162, 8016523.104482254013419 ], [ 314203.226049882592633, 8016802.456459574401379 ], [ 314151.470697623444721, 8017199.846118113026023 ], [ 313560.09435567446053, 8018137.13373349327594 ], [ 313433.251025117991958, 8018349.919432850554585 ], [ 313289.674574976437725, 8018639.447004801593721 ], [ 313270.032779660483357, 8019023.765804149210453 ], [ 313320.389149558497593, 8019114.517294542863965 ], [ 313396.699001272441819, 8019168.735356094315648 ], [ 313434.759321405959781, 8019205.873921446502209 ], [ 313528.59974252153188, 8019437.463321627117693 ], [ 313924.136156016786117, 8020263.698688680306077 ], [ 313713.937044204678386, 8020489.075021645054221 ], [ 313638.108422955148853, 8020722.40502099506557 ], [ 313443.337851772550493, 8021008.1079709995538 ], [ 313439.568522226531059, 8021068.255577011033893 ], [ 313467.06429979566019, 8021546.636863515712321 ], [ 313496.329484531306662, 8021837.798136946745217 ], [ 313455.865118647343479, 8022054.744082839228213 ], [ 313343.711583284195513, 8022404.753384373150766 ], [ 313365.2360955363838, 8022498.574754232540727 ], [ 313414.81461799540557, 8022672.905018103308976 ], [ 313486.077562374586705, 8022924.340177564881742 ], [ 313658.556176546961069, 8023307.125196954235435 ], [ 313843.186931483098306, 8023760.235717162489891 ], [ 313882.729342114471365, 8023981.278305000625551 ], [ 313915.021010852069594, 8024292.526652039960027 ], [ 313982.68823583133053, 8024587.389944888651371 ], [ 314113.54191235662438, 8024973.120237425900996 ], [ 314161.472134155919775, 8025324.636033708229661 ], [ 314268.85427972394973, 8025482.787357340566814 ], [ 314430.22851640637964, 8025688.252541055902839 ], [ 314531.336679527186789, 8025832.969181444495916 ], [ 314629.369855198659934, 8025964.282540320418775 ], [ 314739.117044883430935, 8026212.726229278370738 ], [ 314864.845108659355901, 8026464.661822457797825 ], [ 315025.172981426003389, 8026783.788634678348899 ], [ 315087.650489696650766, 8026951.54491825774312 ], [ 315248.266980004729703, 8027240.580476389266551 ], [ 315342.363115526852198, 8027452.095212722197175 ], [ 315427.446801739570219, 8027599.999639632180333 ], [ 315568.986329116974957, 8027875.48000755906105 ], [ 315638.001335796085186, 8028029.920615482144058 ], [ 315658.954912818153389, 8028187.257491215132177 ], [ 315717.992711231578141, 8028381.726233371533453 ], [ 315758.626487931236625, 8028489.09409573674202 ], [ 315776.597183116013184, 8028622.998805142007768 ], [ 315810.423844784032553, 8028773.767998502589762 ], [ 315912.118143541971222, 8028858.298030685633421 ], [ 316038.779764088685624, 8029013.271371686831117 ], [ 316097.979472315695602, 8029191.022439484484494 ], [ 316087.009203259367496, 8029338.032012775540352 ], [ 316031.330708962865174, 8029471.253380867652595 ], [ 316029.471095094981138, 8029671.842379321344197 ], [ 316033.148718471522443, 8029966.098940912634134 ], [ 315957.355297689442523, 8030196.093452785164118 ], [ 315920.206732611288317, 8030403.042121697217226 ], [ 315919.307777507929131, 8030499.993476217612624 ], [ 315936.570029068563599, 8030710.789971172809601 ], [ 315952.779516023641918, 8031035.253395901061594 ], [ 315988.979921800433658, 8031276.3160570403561 ], [ 315917.159743331605569, 8031422.761596782132983 ], [ 315884.204034076188691, 8031522.759228445589542 ], [ 315870.494898032629862, 8031619.591676042415202 ], [ 315878.708598101744428, 8031770.122356343083084 ], [ 315896.344772434676997, 8031940.800812166184187 ], [ 316191.672874967742246, 8031869.979689249768853 ], [ 316340.417642611544579, 8031717.557602753862739 ], [ 316547.116143074526917, 8031532.235698879696429 ], [ 316747.405652862973511, 8031346.852891338057816 ], [ 316921.208047735039145, 8031254.839929106645286 ], [ 317192.069959514250513, 8031056.729981170035899 ], [ 317501.72503619431518, 8030818.85251481551677 ], [ 318042.745316757529508, 8030496.164107896387577 ], [ 318410.81895489996532, 8030171.881303651258349 ], [ 318842.804789029760286, 8029861.549814870581031 ], [ 319203.534979339397978, 8029637.489055985584855 ], [ 319583.895666475174949, 8029366.793677781708539 ], [ 320087.565570933220442, 8028916.66853807028383 ], [ 320521.130201874184422, 8028425.777919560670853 ], [ 320887.97656519949669, 8028228.492922754026949 ], [ 321285.750313763623126, 8028151.841361967846751 ], [ 321664.24818735581357, 8028081.695480090565979 ], [ 322146.045558429847006, 8027918.855994768440723 ], [ 322551.466673707531299, 8027701.828647437505424 ], [ 322763.510300307185389, 8027623.485583507455885 ], [ 323413.152504013211001, 8027308.32441883534193 ], [ 323972.409897818695754, 8027072.58078355062753 ], [ 324216.576382905652281, 8026981.135456224903464 ], [ 324750.317721447790973, 8026731.771926056593657 ], [ 325045.407911096757744, 8026674.200475277379155 ], [ 325301.250108072999865, 8026709.891062382608652 ], [ 325543.697388453001622, 8026812.326141592115164 ], [ 325875.325705644208938, 8026969.034387995488942 ], [ 326174.706556938937865, 8027152.200076777487993 ], [ 326499.999788035289384, 8027302.154829442501068 ], [ 326767.840116628620308, 8027431.54198141861707 ], [ 327004.657454073196277, 8027446.983487337827682 ], [ 327152.232350957812741, 8027414.838315948843956 ], [ 327422.930354198790155, 8027216.601560754701495 ], [ 327719.992464810493402, 8026931.66614995803684 ], [ 327978.277611364028417, 8026686.509458299726248 ], [ 328280.799754825769924, 8026508.598389386199415 ], [ 328641.63915371207986, 8026250.94987162668258 ], [ 328937.918216650839895, 8026052.916429164819419 ], [ 329317.430754056666046, 8025855.596530141308904 ], [ 329574.703339008090552, 8025724.083066152408719 ], [ 329953.972861722635571, 8025553.495826103724539 ], [ 330383.770765113760717, 8025463.572191121056676 ], [ 330735.986738695646636, 8025459.900084363296628 ], [ 331099.86702354089357, 8025590.049481926485896 ], [ 331623.256633400218561, 8025788.412761047482491 ], [ 331846.735758455935866, 8025863.862065841443837 ], [ 332134.756518517620862, 8025879.678394293412566 ], [ 332339.651710623060353, 8025881.414099828340113 ], [ 332634.809905943344347, 8025810.360762260854244 ], [ 333026.516787759202998, 8025679.940364460460842 ], [ 333483.145827890606597, 8025443.077160404995084 ], [ 333817.438309375778772, 8025285.413872640579939 ], [ 333964.70128790603485, 8025286.64954771567136 ], [ 334156.279368340969086, 8025348.432254698127508 ], [ 334308.77036570024211, 8025490.121820973232388 ], [ 334576.45878662134055, 8025639.459035720676184 ], [ 334811.969245690619573, 8025808.58280386403203 ], [ 335118.695246798102744, 8025884.688248716294765 ], [ 335348.476956649567001, 8025973.521834324114025 ], [ 335507.939279118203558, 8026048.396004386246204 ], [ 335724.086557704256848, 8026237.405732269398868 ], [ 336029.050651484692935, 8026527.442054350860417 ], [ 336137.903088308405131, 8026528.34270916134119 ], [ 336368.690159620600753, 8026496.819075421430171 ], [ 336580.92900008498691, 8026384.904852638952434 ], [ 336921.72027860180242, 8026213.871284507215023 ], [ 337409.936645925045013, 8026023.98451984487474 ], [ 337544.397244221472647, 8026025.08798695076257 ], [ 337793.726346275710966, 8026073.935140947811306 ], [ 337973.718420757330023, 8025988.487761097960174 ], [ 338274.707272703410126, 8025984.261820754036307 ], [ 338460.935327459592372, 8025918.919813608750701 ], [ 338865.890818604966626, 8025728.319605499505997 ], [ 339154.557719407952391, 8025663.804748643189669 ], [ 339725.969260056852363, 8025474.539621690288186 ], [ 340272.513584613683634, 8025191.452322339639068 ], [ 340478.364836049440783, 8025072.76170417945832 ], [ 340594.525118717167061, 8024960.033132001757622 ], [ 341060.52873263892252, 8024736.452401659451425 ], [ 341497.764292554231361, 8024505.945066824555397 ], [ 341799.847911803168245, 8024361.268135051243007 ], [ 342197.372950695164036, 8024290.89543847180903 ], [ 342517.749085570045281, 8024260.017543731257319 ], [ 342921.511304970481433, 8024209.738619070500135 ], [ 343081.512261085561477, 8024217.694286048412323 ], [ 343432.731376955169253, 8024334.139783766120672 ], [ 343623.740323964972049, 8024469.371374160982668 ], [ 343782.898728862404823, 8024584.291379435919225 ], [ 343954.968921068124473, 8024685.93961098510772 ], [ 344152.80808455683291, 8024767.730984977446496 ], [ 344324.881576994084753, 8024869.375816412270069 ], [ 344706.032018312311266, 8025253.473125550895929 ], [ 344902.151177046471275, 8025555.881167170591652 ], [ 345142.990462637273595, 8025872.008410214446485 ], [ 345390.71006775542628, 8026128.011846918612719 ], [ 345599.394092573667876, 8026463.939044963568449 ], [ 345796.528513171244413, 8026639.310078054666519 ], [ 345999.965318074100651, 8026828.099794112145901 ], [ 346293.307205171440728, 8026984.154802677221596 ], [ 346503.466020012332592, 8027132.874981852248311 ], [ 346739.550315778586082, 8027241.677533174864948 ], [ 346950.540981476893649, 8027283.423772526904941 ], [ 347194.063230961037334, 8027258.559226988814771 ], [ 347380.008869574521668, 8027226.562464255839586 ], [ 347713.377197789144702, 8027175.639700450003147 ], [ 347963.5045501741115, 8027124.072997407056391 ], [ 348245.894734633970074, 8027113.888847716152668 ], [ 348476.356023167085368, 8027047.770456629805267 ], [ 348623.16397529601818, 8027109.065534994006157 ], [ 348865.660562381381169, 8027217.890787821263075 ], [ 349095.709890518570319, 8027279.816904683597386 ], [ 349307.110581565066241, 8027268.053822664543986 ], [ 349614.860047955589835, 8027216.904645008035004 ], [ 349916.45783929398749, 8027132.274914191104472 ], [ 350205.95439281774452, 8026953.947317460551858 ], [ 350411.805245637195185, 8026828.471402117051184 ], [ 350802.729784241877496, 8026784.618251577951014 ], [ 351167.488527293433435, 8026814.104978621937335 ], [ 351730.92840657546185, 8026989.177580449730158 ], [ 351911.069212613510899, 8027044.605581666342914 ], [ 352068.435667455894873, 8027068.227219719439745 ], [ 352323.852642961079255, 8027163.733595915138721 ], [ 352652.418225919362158, 8027224.746857419610023 ], [ 353172.055517504166346, 8027086.177205113694072 ], [ 353899.547677155467682, 8026996.107075213454664 ], [ 354502.326785211975221, 8027203.962241537868977 ], [ 354918.036551428027451, 8027238.604880041442811 ], [ 355174.390816571190953, 8027356.389421261847019 ], [ 355408.761866566084791, 8027360.311722232028842 ], [ 356392.479056432144716, 8027688.377379390411079 ], [ 356788.110283229849301, 8027878.438574824482203 ], [ 357093.720120183075778, 8028121.327950704842806 ], [ 357360.148967598681338, 8028470.900650114752352 ], [ 357652.584501071018167, 8028767.170440686866641 ], [ 357702.084119374863803, 8029008.208804501220584 ], [ 357867.805025555950124, 8029116.367118060588837 ], [ 358237.481769629754126, 8029359.695022037252784 ], [ 358325.69814907561522, 8029560.893862710334361 ], [ 358530.61094560008496, 8029562.355952038429677 ], [ 358709.623862571374048, 8029603.7451704274863 ], [ 359218.870718040270731, 8030035.243056850507855 ], [ 360215.297684638993815, 8030403.306952417828143 ], [ 361099.108484631637111, 8030396.139851672574878 ], [ 361792.852294207084924, 8030093.44780342746526 ], [ 362186.028037846204825, 8029580.439835232682526 ], [ 362109.814767860108986, 8029081.588042516261339 ], [ 362026.672996218898334, 8028610.450306384824216 ], [ 362262.242194384743925, 8027813.673394183628261 ], [ 362428.526262323663104, 8027550.390558439306915 ], [ 362684.880651274230331, 8027391.035306878387928 ], [ 363093.66201381047722, 8027231.680020934902132 ], [ 363592.513779633794911, 8027217.823256305418909 ], [ 363890.439164426643401, 8027155.466877113096416 ], [ 364119.079554906580597, 8027086.182078330777586 ], [ 364387.594994573039003, 8026997.16892583668232 ], [ 364638.716843062371481, 8026947.612306878902018 ], [ 364839.643133025267161, 8026975.326451138593256 ], [ 365012.85557301947847, 8026982.25501449033618 ], [ 365289.995467650122009, 8026968.398152839392424 ], [ 365580.992271117982455, 8026885.256300117820501 ], [ 365781.918690538324881, 8026843.685347088612616 ], [ 365968.988156864186749, 8026739.758081084117293 ], [ 366162.986092298175208, 8026684.330145569518209 ], [ 366301.556018743431196, 8026608.116717622615397 ], [ 366429.733253258047625, 8026549.224559411406517 ], [ 366544.053419978008606, 8026462.618436688557267 ], [ 366672.230661682668142, 8026386.405004248954356 ], [ 366824.657661481644027, 8026324.048661254346371 ], [ 367032.5124861424556, 8026244.370967257767916 ], [ 367171.082491884881165, 8026216.657066597603261 ], [ 367306.188204202800989, 8026185.47886959835887 ], [ 367503.392123415600508, 8026156.249195544049144 ], [ 367585.109907351667061, 8026143.424948759377003 ], [ 367648.815817748312838, 8026131.31559338234365 ], [ 367683.983262603520416, 8026138.235997699201107 ], [ 367739.524475039157551, 8026150.306502806954086 ], [ 367816.636853104282636, 8026167.95270855538547 ], [ 367850.206700518436264, 8026174.444312829524279 ], [ 367937.728563451499213, 8026191.323724024929106 ], [ 367976.503103304072283, 8026197.432031023316085 ], [ 368014.47734434530139, 8026203.534837691113353 ], [ 368086.430032733886037, 8026214.877950645983219 ], [ 368167.650111332361121, 8026216.672281683422625 ], [ 368235.696011452237144, 8026213.782414223998785 ], [ 368277.321650198660791, 8026212.388033569790423 ], [ 368305.767610121052712, 8026207.14525318518281 ], [ 368343.397355158696882, 8026204.888472151942551 ], [ 368379.07360605802387, 8026195.515300923958421 ], [ 368396.71028171852231, 8026191.036314917728305 ], [ 368416.375356093514711, 8026182.39243596419692 ], [ 368440.425322902272455, 8026176.284655041061342 ], [ 368458.450997288629878, 8026173.479466689750552 ], [ 368774.90344777982682, 8026123.767071763053536 ], [ 368832.13126312487293, 8026122.892696700058877 ], [ 368860.066116877365857, 8026134.359291115775704 ], [ 368921.135016482789069, 8026157.744581412523985 ], [ 368943.47907925711479, 8026167.50267606601119 ], [ 369000.444478593592066, 8026206.320441626012325 ], [ 369012.385156850854401, 8026216.009732088074088 ], [ 369025.142534933343995, 8026223.19722662307322 ], [ 369063.431570190587081, 8026242.253113969229162 ], [ 369085.742730951926205, 8026257.024801121093333 ], [ 369102.509903588448651, 8026262.985299135558307 ], [ 369142.819037061941344, 8026279.129491651430726 ], [ 369209.967932501982432, 8026290.854601811617613 ], [ 369240.345485242432915, 8026296.069206535816193 ], [ 369309.983582505199593, 8026294.439637621864676 ], [ 369333.194448148366064, 8026294.174947563558817 ], [ 369428.137713793898001, 8026278.087710606865585 ], [ 369457.057877654850017, 8026261.564847144298255 ], [ 369493.188731302157976, 8026243.836088445037603 ], [ 369529.799489223049022, 8026213.993148013949394 ], [ 369562.773150309338234, 8026189.558098015375435 ], [ 369577.315737270051613, 8026168.762035022489727 ], [ 369599.89391433383571, 8026143.004982729442418 ], [ 369662.390751067257952, 8026071.130915651097894 ], [ 369701.558414936473127, 8026017.48791179433465 ], [ 369764.56455773068592, 8025928.903469877317548 ], [ 369790.466937536431942, 8025884.36544699408114 ], [ 369876.316073535825126, 8025729.495113450102508 ], [ 370011.434464491787367, 8025505.587503273971379 ], [ 370026.346048955689184, 8025489.389833576977253 ], [ 370086.000087298452854, 8025423.345656669698656 ], [ 370136.768933722865768, 8025369.778057482093573 ], [ 370228.555031823343597, 8025285.141721493564546 ], [ 370272.855483740509953, 8025241.559504733420908 ], [ 370372.988065908488352, 8025165.333859557285905 ], [ 370476.603335497376975, 8025107.097488880157471 ], [ 370501.116905601054896, 8025090.962422995828092 ], [ 370545.61424454045482, 8025078.300560055300593 ], [ 370625.384334803733509, 8025056.259125493466854 ], [ 370764.809138484532014, 8025028.757223334163427 ], [ 370947.756096629425883, 8024953.905209611169994 ], [ 371014.849513731373008, 8024912.141399314627051 ], [ 371173.150818709225859, 8024812.056813234463334 ], [ 371245.196837867435534, 8024746.925839876756072 ], [ 371321.466839673754293, 8024708.98122753482312 ], [ 371454.360270015778951, 8024639.231085675768554 ], [ 371572.784017839003354, 8024579.414323060773313 ], [ 371673.488684964424465, 8024537.030827159062028 ], [ 371739.700398310960736, 8024507.376198267564178 ], [ 371818.014999831560999, 8024462.339897266589105 ], [ 371920.132478110899683, 8024386.955651285126805 ], [ 371948.70704590913374, 8024361.235001305118203 ], [ 372002.255186871741898, 8024309.770299933850765 ], [ 372026.514966492424719, 8024270.650968285277486 ], [ 372068.592332811211236, 8024198.638093081302941 ], [ 372085.28522590798093, 8024154.037966607138515 ], [ 372096.720123316044919, 8024118.178324931301177 ], [ 372104.129725214908831, 8024086.053076044656336 ], [ 372116.545732434256934, 8024022.20497670955956 ], [ 372124.033639095840044, 8023977.963146023452282 ], [ 372135.643947173375636, 8023914.945545138791203 ], [ 372153.314949889376294, 8023842.77476042509079 ], [ 372162.075959182169754, 8023787.259647172875702 ], [ 372167.906664773006923, 8023751.781602711416781 ], [ 372175.580782751552761, 8023678.710515366867185 ], [ 372192.288801686372608, 8023569.764185475185513 ], [ 372198.522206834633835, 8023533.870941821485758 ], [ 372202.390217703883536, 8023492.530505388975143 ], [ 372211.180628781090491, 8023432.419399105012417 ], [ 372216.603034462314099, 8023398.192152639850974 ], [ 372231.107944046554621, 8023320.569074946455657 ], [ 372253.57036390749272, 8023187.843483182601631 ], [ 372275.654760778881609, 8023113.611903488636017 ], [ 372296.10625806695316, 8023044.38381564244628 ], [ 372336.976650643686298, 8022910.941332443617284 ], [ 372406.424686280312017, 8022812.781207737512887 ], [ 372464.449125223560259, 8022748.80952710006386 ], [ 372524.808956619177479, 8022694.880632307380438 ], [ 372582.762791265908163, 8022641.771735313348472 ], [ 372617.39425346092321, 8022606.897001582197845 ], [ 372665.692199191369582, 8022562.082288259640336 ], [ 372790.146439829608425, 8022495.194938546977937 ], [ 372896.019697230891325, 8022455.764140101149678 ], [ 372922.498762230970897, 8022444.235168001614511 ], [ 372963.492512492637616, 8022415.250427935272455 ], [ 373193.596696998691186, 8022343.189727994613349 ], [ 373331.106333880103193, 8022236.271043497137725 ], [ 373419.471123386523686, 8022181.683460731990635 ], [ 373587.3340116153704, 8022082.478576630353928 ], [ 373702.255370845203288, 8022003.82554055005312 ], [ 373914.658725581481121, 8021820.500800570473075 ], [ 374043.327773289056495, 8021718.535204954445362 ], [ 374135.933471400116105, 8021625.531381577253342 ], [ 374306.677185215463396, 8021449.458414137363434 ], [ 374407.930173241940793, 8021348.778605718165636 ], [ 374440.936136306903791, 8021317.024366564117372 ], [ 374480.99689215363469, 8021276.749443024396896 ], [ 374496.937476874678396, 8021254.914682202041149 ], [ 374512.471461790904868, 8021234.121919651515782 ], [ 374517.110257217194885, 8021228.092830562032759 ], [ 374523.815553660795558, 8021211.631158007308841 ], [ 374537.41694568330422, 8021180.171410771086812 ], [ 374549.393038576119579, 8021152.670656929723918 ], [ 374551.818436499219388, 8021148.716663843952119 ], [ 374569.362919047242031, 8021126.265304587781429 ], [ 374592.14359595219139, 8021098.206455838866532 ], [ 374613.916173870093189, 8021071.394604823552072 ], [ 374628.231259450374637, 8021053.518837398849428 ], [ 374654.239833222469315, 8021021.093196506612003 ], [ 374692.323293456982356, 8020977.044877884909511 ], [ 374708.648876665742137, 8020957.510413753800094 ], [ 374720.335764453106094, 8020944.005138709209859 ], [ 374738.075946436147206, 8020922.181578585878015 ], [ 374767.084315678861458, 8020889.774838847108185 ], [ 374797.287382791342679, 8020858.211298307403922 ], [ 374815.004963397863321, 8020839.939032819122076 ], [ 374829.098447973956354, 8020825.404360271990299 ], [ 374853.865321023971774, 8020799.447009146213531 ], [ 374863.113410082820337, 8020791.984624028205872 ], [ 374882.803185991477221, 8020778.112152679823339 ], [ 374903.091560918313917, 8020764.45228124409914 ], [ 374938.850816940772347, 8020739.817932428792119 ], [ 374959.943190898688044, 8020725.536362247541547 ], [ 374984.025059704319574, 8020712.945090681314468 ], [ 375003.492134544358123, 8020702.622513886541128 ], [ 375035.807393020775635, 8020684.86045335046947 ], [ 375058.289064226555638, 8020672.258881170302629 ], [ 375067.909350994508713, 8020669.185989575460553 ], [ 375124.028173836704809, 8020651.156538761220872 ], [ 375171.93070804461604, 8020635.581881019286811 ], [ 375216.835646918974817, 8020619.570422753691673 ], [ 375253.695395101094618, 8020610.611050695180893 ], [ 375358.615844543033745, 8020592.889118469320238 ], [ 375456.335904799867421, 8020575.121283465996385 ], [ 375536.412888968305197, 8020563.927031628787518 ], [ 375581.240923191362526, 8020560.031255004927516 ], [ 375670.097092843207065, 8020552.234401434659958 ], [ 375712.525030675751623, 8020548.323223879560828 ], [ 375743.315683722030371, 8020550.188333067111671 ], [ 375802.094193867815193, 8020554.318649738095701 ], [ 375826.879455620713998, 8020556.981555378064513 ], [ 375852.477816964616068, 8020557.56026447378099 ], [ 375861.670202652923763, 8020558.871566073969007 ], [ 375880.839471871848218, 8020564.006065791472793 ], [ 375925.193902244907804, 8020571.805771291255951 ], [ 375971.930127898987848, 8020582.545073275454342 ], [ 375995.912690699100494, 8020585.620477966964245 ], [ 376052.644101004931144, 8020597.258082473650575 ], [ 376106.993816034635529, 8020605.955690480768681 ], [ 376140.942761740006972, 8020614.52529074344784 ], [ 376188.0869872844778, 8020624.013194748200476 ], [ 376213.656646892777644, 8020629.187396874651313 ], [ 376293.547319801757112, 8020647.654700031504035 ], [ 376310.719292198773474, 8020652.358399600721896 ], [ 376338.286348648543935, 8020657.962801841087639 ], [ 376369.388295721029863, 8020674.034989666193724 ], [ 376398.52674802497495, 8020684.245285567827523 ], [ 376451.224462320329621, 8020701.28818029537797 ], [ 376654.21934392786352, 8020736.819105327129364 ], [ 376746.846093710395508, 8020765.80969744361937 ], [ 376829.872757936595008, 8020794.739985913969576 ], [ 377018.452660356357228, 8020832.6841015284881 ], [ 377110.997105162125081, 8020875.042873369529843 ], [ 377197.214464019634761, 8020905.662760445848107 ], [ 377285.125526159070432, 8020921.250970810651779 ], [ 377392.434871419274714, 8020905.204436294734478 ], [ 377512.554998071340378, 8020887.565509062260389 ], [ 377628.03004134085495, 8020844.827517833560705 ], [ 377711.772148967487738, 8020758.438480195589364 ], [ 377773.071287708473392, 8020678.595524083822966 ], [ 377823.345353903190698, 8020570.272006703540683 ], [ 377818.907183049363084, 8020511.748893268406391 ], [ 377824.017594631528482, 8020461.641470808535814 ], [ 377817.886320545221679, 8020418.149634068831801 ], [ 377832.452208915608935, 8020391.498879855498672 ], [ 377840.669510042178445, 8020356.452435880899429 ], [ 377868.46980546467239, 8020259.68889254052192 ], [ 377865.9107491025934, 8020156.052247978746891 ], [ 377877.483154795947485, 8020095.9569431245327 ], [ 377918.568860334693454, 8019920.72422343865037 ], [ 377936.623561377986334, 8019847.298541241325438 ], [ 378005.90878720767796, 8019769.175685753114522 ], [ 378057.562737630563788, 8019695.957616116851568 ], [ 378091.275893911311869, 8019677.781556468456984 ], [ 378133.071443141205236, 8019646.284920027479529 ], [ 378178.046186296327505, 8019618.150479719042778 ], [ 378211.779743812396191, 8019596.631825117394328 ], [ 378311.493225607904606, 8019513.68178852647543 ], [ 378383.934543964336626, 8019442.262424097396433 ], [ 378422.673306679469533, 8019387.348221876658499 ], [ 378485.493538203940261, 8019319.211848817765713 ], [ 378559.554055312532, 8019244.459290044382215 ], [ 378599.912416809238493, 8019186.212193487212062 ], [ 378661.326762478682213, 8019086.311967946588993 ], [ 378679.224053976591676, 8019037.954247902147472 ], [ 378710.033533002773765, 8018971.291760466992855 ], [ 378776.43128253571922, 8018841.338482338935137 ], [ 378821.988460908061825, 8018717.942186406813562 ], [ 378844.705246355733834, 8018666.271373253315687 ], [ 378883.369504555419553, 8018623.055053355172276 ], [ 378904.506693640723825, 8018568.031944687478244 ], [ 378917.603292310843244, 8018519.644622929394245 ], [ 378925.972102561208885, 8018459.529217144474387 ], [ 378923.326340872386936, 8018369.262852866202593 ], [ 378917.214167894038837, 8018322.42892149835825 ], [ 378864.798470553359948, 8018260.268895791843534 ], [ 378775.719936871959362, 8018176.156389441341162 ], [ 378669.28044411004521, 8018053.496734924614429 ], [ 378605.052974950463977, 8017964.389845604076982 ], [ 378561.777686169778462, 8017843.922111826017499 ], [ 378587.683666127792094, 8017793.942597477696836 ], [ 378671.090553426591214, 8017759.358681634999812 ], [ 378773.62290734576527, 8017736.591255106963217 ], [ 378893.609225968713872, 8017737.328699510544538 ], [ 379004.037661585491151, 8017731.321550480090082 ], [ 379053.672989096550737, 8017724.940878961235285 ], [ 379095.391233648639172, 8017705.141224790364504 ], [ 379113.23512189585017, 8017665.139392225071788 ], [ 379107.092147039598785, 8017623.319253345951438 ], [ 379096.159980059484951, 8017579.798415238037705 ], [ 379094.877901661093347, 8017527.980193381197751 ], [ 379107.994101487623993, 8017476.250376846641302 ], [ 379090.775650995376054, 8017414.306564342230558 ], [ 379036.352062400721479, 8017337.361060539260507 ], [ 378953.210204437491484, 8017294.05799478571862 ], [ 378611.981727849692106, 8017273.272296867333353 ], [ 378256.896380875725299, 8017229.969127493910491 ], [ 378106.201615872094408, 8017210.915698966011405 ], [ 378012.666869149776176, 8017179.737410619854927 ] ] ] ] } }
]
}
