{
"type": "FeatureCollection",
"name": "rivers",
"crs": { "type": "name", "properties": { "name": "urn:ogc:def:crs:OGC:1.3:CRS84" } },
"features": [
{ "type": "Feature", "properties": { "fid": 1, "RIV_BND_": 2762, "RIV_BND_ID": 520, "NAME": null, "IMPORTANT": 0 }, "geometry": { "type": "MultiLineString", "coordinates": [ [ [ 27.29276257095421, -18.418809574505001 ], [ 27.288263419116603, -18.42359929591364 ], [ 27.28290710688993, -18.428425385332311 ], [ 27.280771868490227, -18.432954510745684 ], [ 27.280152753899248, -18.433474933992155 ] ] ] } },
{ "type": "Feature", "properties": { "fid": 2, "RIV_BND_": 2623, "RIV_BND_ID": 5070, "NAME": null, "IMPORTANT": 0 }, "geometry": { "type": "MultiLineString", "coordinates": [ [ [ 26.19007110079167, -18.341709627024787 ], [ 26.201267183667966, -18.34283386064903 ], [ 26.213330219540243, -18.342075437476694 ], [ 26.221707868463465, -18.343490011728008 ], [ 26.230861449414292, -18.34569298551207 ], [ 26.236291279814051, -18.351214220994482 ], [ 26.241656529212225, -18.358643089609576 ], [ 26.251044001102297, -18.365818244958113 ], [ 26.262682177600457, -18.365807244907277 ], [ 26.273286302525484, -18.372638214294618 ], [ 26.27842071482721, -18.375093180236682 ], [ 26.280321902470597, -18.378209392023017 ], [ 26.279974017393144, -18.388511713359122 ], [ 26.28270299895474, -18.390890246191173 ], [ 26.285057263034631, -18.392492879986861 ] ] ] } },
{ "type": "Feature", "properties": { "fid": 3, "RIV_BND_": 2775, "RIV_BND_ID": 3588, "NAME": "Gwayi", "IMPORTANT": 1 }, "geometry": { "type": "MultiLineString", "coordinates": [ [ [ 27.138619595065066, -18.445946993066439 ], [ 27.142121472761563, -18.449863695433162 ], [ 27.152045244797044, -18.453955076538048 ], [ 27.157219085640879, -18.455624209161368 ], [ 27.164614578011303, -18.463849656309637 ], [ 27.166281565370653, -18.475740894404375 ], [ 27.168992873147669, -18.479253570087685 ], [ 27.180145232723365, -18.482612650266727 ], [ 27.182119588721054, -18.483812447317696 ], [ 27.182878811084819, -18.485361477632967 ], [ 27.184039395859365, -18.48692137689514 ], [ 27.183170790017453, -18.489190692466209 ], [ 27.185502963749439, -18.491928635585094 ], [ 27.18541559064499, -18.494983327186549 ], [ 27.186733147072946, -18.508678480987665 ] ] ] } },
{ "type": "Feature", "properties": { "fid": 4, "RIV_BND_": 2802, "RIV_BND_ID": 1169, "NAME": null, "IMPORTANT": 0 }, "geometry": { "type": "MultiLineString", "coordinates": [ [ [ 26.722300061828495, -18.479224413749478 ], [ 26.727703209819822, -18.486260676684346 ], [ 26.726781227255145, -18.490054140038424 ], [ 26.723804554769327, -18.495315265896402 ], [ 26.723661085331091, -18.499895771305678 ], [ 26.729040947634527, -18.507695494980254 ], [ 26.732935258662177, -18.511630750456106 ], [ 26.745330263300854, -18.513523421439764 ], [ 26.749697825257012, -18.515179895871736 ], [ 26.755706713791501, -18.515738214565161 ], [ 26.765539747006962, -18.522521337724804 ], [ 26.77224510335099, -18.526538138624801 ], [ 26.778513919459009, -18.531688142642821 ], [ 26.781276585368335, -18.53329708590077 ] ] ] } },
{ "type": "Feature", "properties": { "fid": 5, "RIV_BND_": 2824, "RIV_BND_ID": 5230, "NAME": null, "IMPORTANT": 0 }, "geometry": { "type": "MultiLineString", "coordinates": [ [ [ 27.044013127817426, -18.467035368519355 ], [ 27.041758948621521, -18.475379211923702 ], [ 27.038390363931764, -18.48063513863098 ], [ 27.035490446469403, -18.483611371171822 ], [ 27.033670881770281, -18.490820818222367 ], [ 27.033891902233581, -18.49694072778993 ], [ 27.0308000712023, -18.506407392793577 ], [ 27.030817879210613, -18.519399579915575 ], [ 27.027114246770125, -18.522353218532633 ], [ 27.021001551396456, -18.525239563940133 ], [ 27.016426737122494, -18.530461303375414 ], [ 27.009272343812434, -18.541342304168481 ], [ 27.002162613742669, -18.550695838802479 ] ] ] } },
{ "type": "Feature", "properties": { "fid": 6, "RIV_BND_": 3131, "RIV_BND_ID": 1972, "NAME": null, "IMPORTANT": 0 }, "geometry": { "type": "MultiLineString", "coordinates": [ [ [ 26.279756077343094, -18.714326901519922 ], [ 26.278420670195974, -18.718103898294043 ], [ 26.275452499018453, -18.722592614947139 ], [ 26.275243830582863, -18.728697406501848 ], [ 26.277096213375724, -18.733340224881669 ], [ 26.275450078899595, -18.734433499224014 ], [ 26.27546049182304, -18.745892805261661 ], [ 26.276055511129506, -18.752023292041294 ], [ 26.275846679803855, -18.758128065122811 ], [ 26.278463759867613, -18.763941266281076 ], [ 26.280329147786059, -18.768202554564656 ], [ 26.27930385439284, -18.774663183676235 ], [ 26.267258438617834, -18.785736430125485 ], [ 26.264987697600265, -18.79330286490994 ], [ 26.266398920620919, -18.799077566066384 ] ] ] } },
{ "type": "Feature", "properties": { "fid": 7, "RIV_BND_": 3768, "RIV_BND_ID": 1712, "NAME": null, "IMPORTANT": 0 }, "geometry": { "type": "MultiLineString", "coordinates": [ [ [ 26.577474788927987, -19.517615398986663 ], [ 26.57754204345726, -19.517614467011931 ], [ 26.577609328001177, -19.517611521383312 ], [ 26.577676451438975, -19.517606604696745 ], [ 26.577743318680071, -19.517599706646212 ], [ 26.577810025482943, -19.517590792389026 ], [ 26.577876380861465, -19.517579895491764 ], [ 26.577942289052206, -19.517567050797403 ], [ 26.57800774991825, -19.517552267335926 ], [ 26.578072763591813, -19.51753553607789 ], [ 26.578136948641685, -19.517516888038589 ], [ 26.578200685418111, -19.517496364441268 ], [ 26.578263688923723, -19.517473916309907 ], [ 26.578325767365673, -19.51744963139063 ], [ 26.578387206544495, -19.51742350448194 ], [ 26.578447625164127, -19.517395557570321 ], [ 26.578507117772812, -19.517365837081069 ], [ 26.578565589146251, -19.517334341739183 ], [ 26.578622942580555, -19.517301169596866 ], [ 26.578679274238585, -19.517266258722575 ], [ 26.578734296433538, -19.517229740736298 ], [ 26.578788104924989, -19.517191580795757 ], [ 26.578840699039326, -19.517151824050618 ], [ 26.578891886985563, -19.517110558248142 ], [ 26.578941669032076, -19.517067765329958 ], [ 26.578990043833276, -19.51702353559461 ], [ 26.579036820809399, -19.516977875521992 ], [ 26.579082189329075, -19.51693085990205 ], [ 26.579125958543919, -19.516882513274286 ], [ 26.579167937471361, -19.516832869208063 ], [ 26.579208410568256, -19.516782012798402 ], [ 26.579247091361104, -19.516729994398752 ], [ 26.579284074803798, -19.516676833345155 ], [ 26.579319264329925, -19.516622618660826 ], [ 26.579352469361478, -19.516567356826123 ], [ 26.579383973952332, -19.516511160024855 ], [ 26.579413682612419, -19.516454045042284 ], [ 26.579441403957365, -19.516396072537241 ], [ 26.57946713731631, -19.516337287659454 ], [ 26.579490880942682, -19.51627780779657 ], [ 26.57951263551054, -19.516217587800892 ], [ 26.579532398601188, -19.516156790208633 ], [ 26.579550170082051, -19.516095424050384 ], [ 26.579565949148247, -19.516033543505397 ], [ 26.579579543878989, -19.515971245351366 ], [ 26.579591239404149, -19.515908569533224 ], [ 26.579600653762945, -19.515845583189208 ], [ 26.579607976460153, -19.515782352078265 ], [ 26.579613397807098, -19.515718887780761 ], [ 26.579616439680649, -19.515655319367923 ], [ 26.579617482432305, -19.515591688059349 ], [ 26.579616524988758, -19.515528066093264 ], [ 26.579613280611969, -19.515464521882624 ], [ 26.579607939747703, -19.515401057977773 ], [ 26.579600595737563, -19.515337802070125 ], [ 26.579591152959065, -19.515274779973911 ], [ 26.579579514983159, -19.515212071681656 ], [ 26.579565871045055, -19.515149761011013 ], [ 26.579550125925714, -19.515087846686669 ], [ 26.579532277610664, -19.515026464154484 ], [ 26.579512516410354, -19.514965624993934 ], [ 26.579490841251165, -19.514905401442544 ], [ 26.579466965664825, -19.514845843853013 ], [ 26.579441269865949, -19.514787002473792 ], [ 26.579413561666115, -19.514728992140753 ], [ 26.579383840932795, -19.514671821882857 ], [ 26.579352392389755, -19.514615558732856 ], [ 26.579319025327532, -19.514560218199257 ], [ 26.579283832817243, -19.514505946032102 ], [ 26.57924681539814, -19.514452706111527 ], [ 26.579208161899746, -19.514400609343792 ], [ 26.579167681343403, -19.51434968929652 ], [ 26.579125563768486, -19.5142999756082 ], [ 26.579081903186371, -19.514251550820706 ], [ 26.579036699597641, -19.514204414932959 ], [ 26.578989760544104, -19.514158700839335 ], [ 26.578941372764341, -19.514114340126582 ], [ 26.578891629327504, -19.514071478544672 ], [ 26.578840435550845, -19.514030078698163 ], [ 26.578787885041123, -19.513990250218047 ], [ 26.578733977798077, -19.513951993103113 ], [ 26.578678903724558, -19.5139153460219 ], [ 26.578622757099062, -19.513880373456903 ], [ 26.578565348017687, -19.513847036737111 ], [ 26.578506865172216, -19.513815455798785 ], [ 26.578447308696127, -19.51378562161111 ], [ 26.578386868491226, -19.513757572842902 ], [ 26.578325544421681, -19.513731318522947 ], [ 26.578263240324031, -19.513706920582649 ], [ 26.578200337213005, -19.513684375093781 ], [ 26.578136644376993, -19.513663697563615 ], [ 26.578072351851489, -19.513644917631758 ], [ 26.57800745923101, -19.513628062386584 ], [ 26.577941871158664, -19.513613139581153 ], [ 26.577875968379313, -19.51360016334759 ], [ 26.577809654997715, -19.513589177558071 ], [ 26.577743122124996, -19.513580139615094 ], [ 26.577676083290612, -19.51357309986869 ], [ 26.577609014997474, -19.513568037608749 ], [ 26.577541822022852, -19.513564951559015 ], [ 26.577474408067534, -19.513563912680812 ], [ 26.577407155221291, -19.51356484481045 ], [ 26.577339872502773, -19.513567781514496 ], [ 26.577272845839495, -19.513572708561664 ], [ 26.577205885057552, -19.513579605340158 ], [ 26.577139275142436, -19.513588520827078 ], [ 26.577073017168306, -19.513599382784751 ], [ 26.577007014970352, -19.513612253145077 ], [ 26.576941460332606, -19.513627044163517 ], [ 26.576876638644467, -19.513643777728895 ], [ 26.576812264646545, -19.513662422923332 ], [ 26.57674852931563, -19.51368294618106 ], [ 26.576685717637535, -19.513705396480585 ], [ 26.576623450074955, -19.513729678419406 ], [ 26.57656201215228, -19.513755804857198 ], [ 26.576501689932549, -19.513783752535229 ], [ 26.576442103205693, -19.513813471199359 ], [ 26.576383632851499, -19.513844965956714 ], [ 26.576326280349338, -19.513878137481274 ], [ 26.576270139975893, -19.513913050258783 ], [ 26.576214928088085, -19.513949565014176 ], [ 26.576161120248383, -19.513987724250914 ], [ 26.576108621908599, -19.514027481544794 ], [ 26.576057339193827, -19.51406874532281 ], [ 26.576007652716047, -19.514111538752843 ], [ 26.575959373380261, -19.514155768985212 ], [ 26.575912406100159, -19.514201425714369 ], [ 26.575867228055529, -19.51424844308832 ], [ 26.575823458768021, -19.514296788911345 ], [ 26.575781384438109, -19.514346430896591 ], [ 26.575741006816692, -19.514397251659027 ], [ 26.575702325096234, -19.514449305378083 ], [ 26.575665341162566, -19.514502465638952 ], [ 26.57563015104515, -19.514556679541474 ], [ 26.575596754879502, -19.514611938057161 ], [ 26.575565249503494, -19.514668134107623 ], [ 26.575535635322353, -19.514725240604854 ], [ 26.575508008096936, -19.51478322270826 ], [ 26.575482178464359, -19.514842005626797 ], [ 26.575458338484079, -19.514901483559253 ], [ 26.57543658270534, -19.514961702932371 ], [ 26.575416818333345, -19.51502249993505 ], [ 26.575399045504632, -19.515083865538436 ], [ 26.575383456010204, -19.515145712000724 ], [ 26.57536966883313, -19.515208043243316 ], [ 26.575358162236071, -19.51527072117787 ], [ 26.575348651096711, -19.515333705854367 ], [ 26.575341231581323, -19.515396935342618 ], [ 26.575335999048207, -19.515460401890792 ], [ 26.575332860298985, -19.515523968776296 ], [ 26.57533172119232, -19.515587562484534 ], [ 26.575332866855877, -19.515651222966586 ], [ 26.575336109543461, -19.515714767073785 ], [ 26.575341258275898, -19.51577822837055 ], [ 26.575348600605629, -19.515841484272897 ], [ 26.575358136939354, -19.515904507691726 ], [ 26.57536986849194, -19.515967217359542 ], [ 26.575383510813424, -19.516029528176837 ], [ 26.575399063906033, -19.516091440143466 ], [ 26.575416910679053, -19.516152822922628 ], [ 26.575436670382935, -19.51621366237503 ], [ 26.575458534540811, -19.516273888817171 ], [ 26.575482408741351, -19.516333446792945 ], [ 26.575508103216468, -19.516392288598691 ], [ 26.575535810162691, -19.516450299402067 ], [ 26.57556533940755, -19.516507458588414 ], [ 26.575596977157264, -19.516563733869884 ], [ 26.575630152755437, -19.516619072433684 ], [ 26.575665439555529, -19.516673346496585 ], [ 26.575702360910359, -19.516726585790483 ], [ 26.575741108881378, -19.516778684512243 ], [ 26.575781493564342, -19.516829603987624 ], [ 26.575823610586347, -19.51687931840366 ], [ 26.575867461295072, -19.516927737462034 ], [ 26.57591266439854, -19.51697488314241 ], [ 26.575959507987879, -19.517020596740071 ], [ 26.576007895629242, -19.517064958244177 ], [ 26.576057639033113, -19.517107820624055 ], [ 26.576108928240057, -19.517149213521705 ], [ 26.576161478795125, -19.517189051837427 ], [ 26.576215195879641, -19.517227307203981 ], [ 26.576270270341851, -19.517263955084999 ], [ 26.576326607901471, -19.517298930994201 ], [ 26.576384018112986, -19.517332232376663 ], [ 26.576442501110197, -19.517363850201484 ], [ 26.576501963150751, -19.517393683863837 ], [ 26.576562499590608, -19.517421725609655 ], [ 26.576623824491737, -19.517447989666973 ], [ 26.576685939199056, -19.51747238573758 ], [ 26.576748843441724, -19.517494931879941 ], [ 26.576812537487335, -19.517515610033616 ], [ 26.576877021738088, -19.517534393108434 ], [ 26.576941915705635, -19.517551248907811 ], [ 26.577007314745156, -19.517566169677917 ], [ 26.577073218989192, -19.517579146388297 ], [ 26.577139533886051, -19.517590132613051 ], [ 26.577206258760427, -19.517599173500027 ], [ 26.57727310874974, -19.51760621104107 ], [ 26.577340273893125, -19.517611274877616 ], [ 26.577407563742877, -19.51761436245642 ], [ 26.577474788927987, -19.517615398986663 ] ] ] } },
{ "type": "Feature", "properties": { "fid": 8, "RIV_BND_": 2504, "RIV_BND_ID": 2077, "NAME": null, "IMPORTANT": 0 }, "geometry": { "type": "MultiLineString", "coordinates": [ [ [ 26.368653180822847, -18.15943501073728 ], [ 26.370554583923351, -18.162550296104449 ], [ 26.370053246641856, -18.165590701347906 ], [ 26.36379396448493, -18.173035478291133 ], [ 26.361602124926904, -18.178697061134095 ], [ 26.358259232080151, -18.182794656027394 ], [ 26.356417045330719, -18.189995083397253 ], [ 26.35133225906781, -18.198239988631219 ], [ 26.350754398565275, -18.203569866593117 ], [ 26.345808380849288, -18.207616976550398 ], [ 26.334479229924227, -18.210699810651203 ], [ 26.329233968615615, -18.211681115750444 ], [ 26.323537390789944, -18.214176026913311 ], [ 26.317529148998378, -18.213987037755672 ], [ 26.313319664346412, -18.219966333275558 ], [ 26.306872229713715, -18.220909163374703 ], [ 26.300697839675053, -18.225680170761436 ], [ 26.290619798691537, -18.22727174786958 ], [ 26.287713253960796, -18.2302356464978 ], [ 26.285790543918921, -18.239724363772076 ], [ 26.279925568490011, -18.24717828200097 ], [ 26.280418436806158, -18.256361413585317 ], [ 26.279049572886649, -18.261283720674857 ], [ 26.279321931144988, -18.265112156906451 ], [ 26.274798943556682, -18.268406558205541 ], [ 26.265493692034802, -18.270784932538565 ], [ 26.25490895360787, -18.275414030032543 ], [ 26.238274932105632, -18.280995261177065 ], [ 26.232923977197132, -18.285026022176112 ], [ 26.227791502163321, -18.294411196401413 ] ] ] } },
{ "type": "Feature", "properties": { "fid": 9, "RIV_BND_": 2822, "RIV_BND_ID": 3308, "NAME": null, "IMPORTANT": 0 }, "geometry": { "type": "MultiLineString", "coordinates": [ [ [ 27.107404225327869, -18.442036500779029 ], [ 27.10486304199457, -18.44655223692352 ], [ 27.105477134049274, -18.453065145260769 ], [ 27.106146648832095, -18.45766898425779 ], [ 27.103605163596921, -18.46218467265625 ], [ 27.096526062231874, -18.470778992388457 ], [ 27.094775863657134, -18.475698388471788 ], [ 27.08772926864355, -18.483146809767153 ], [ 27.083023655710718, -18.492952201250823 ], [ 27.079265490344685, -18.497816055028743 ], [ 27.076532808685112, -18.508821989122961 ], [ 27.07632029259868, -18.516076320187196 ], [ 27.069315935094142, -18.521996578441144 ], [ 27.06750829561777, -18.528824606523781 ], [ 27.059989347729466, -18.538551352143866 ], [ 27.05737791802505, -18.545356989245054 ], [ 27.056819100979656, -18.550691058927217 ] ] ] } },
{ "type": "Feature", "properties": { "fid": 10, "RIV_BND_": 2767, "RIV_BND_ID": 440, "NAME": "Lukozi", "IMPORTANT": 1 }, "geometry": { "type": "MultiLineString", "coordinates": [ [ [ 26.576348460974391, -18.433988607743295 ], [ 26.570184021196471, -18.438386593807312 ], [ 26.566536857476567, -18.439422308716093 ], [ 26.556471196444853, -18.44026334071852 ], [ 26.550744295424991, -18.443527800290056 ], [ 26.55097288350921, -18.448883179320891 ], [ 26.542727512259503, -18.455509109857122 ], [ 26.531408051325101, -18.457838681059066 ], [ 26.525945050951652, -18.465312634247056 ], [ 26.521809301501506, -18.469006644607894 ], [ 26.513222477065877, -18.473710606304383 ], [ 26.504548371494781, -18.481085547372579 ], [ 26.499659219682993, -18.483227859418452 ], [ 26.490607683048101, -18.489826461703693 ], [ 26.482697070892446, -18.498369763483261 ] ] ] } },
{ "type": "Feature", "properties": { "fid": 11, "RIV_BND_": 2799, "RIV_BND_ID": 1545, "NAME": null, "IMPORTANT": 0 }, "geometry": { "type": "MultiLineString", "coordinates": [ [ [ 26.722300061828495, -18.479224413749478 ], [ 26.719880260981665, -18.479535121466238 ], [ 26.712549260450086, -18.482757347505984 ], [ 26.707164580797798, -18.487947069000587 ], [ 26.707398037258404, -18.493302753402219 ], [ 26.710356914940636, -18.501413430226172 ], [ 26.7097038986313, -18.509417337442553 ], [ 26.703880732880318, -18.515740097512406 ], [ 26.700609611315766, -18.517553537999699 ], [ 26.696259096069944, -18.528122226368584 ] ] ] } },
{ "type": "Feature", "properties": { "fid": 12, "RIV_BND_": 2897, "RIV_BND_ID": 1157, "NAME": null, "IMPORTANT": 0 }, "geometry": { "type": "MultiLineString", "coordinates": [ [ [ 26.22419829155319, -18.587643579824366 ], [ 26.231191718342089, -18.582902967015276 ], [ 26.235619860467406, -18.582663264455434 ], [ 26.241575033457032, -18.584764189806496 ], [ 26.24557568617676, -18.585274462632942 ], [ 26.254200034856872, -18.579821264926245 ], [ 26.261010304690796, -18.580421091279156 ], [ 26.265256409726081, -18.585522407450032 ], [ 26.269916959057987, -18.590254923108322 ], [ 26.273852974781601, -18.592672379622027 ], [ 26.282010031518169, -18.600953898046516 ], [ 26.287137805780084, -18.603791067789764 ], [ 26.300359535940636, -18.604975664239674 ], [ 26.302781003126974, -18.604670604405026 ] ] ] } },
{ "type": "Feature", "properties": { "fid": 13, "RIV_BND_": 3818, "RIV_BND_ID": 713, "NAME": null, "IMPORTANT": 0 }, "geometry": { "type": "MultiLineString", "coordinates": [ [ [ 26.423688352444913, -19.434332258328446 ], [ 26.409371969822828, -19.439609613972962 ], [ 26.405245950142962, -19.442152895404952 ], [ 26.401353865530268, -19.449669097594025 ], [ 26.399114964085918, -19.456091653720371 ], [ 26.400103855811967, -19.462616531504192 ], [ 26.404724776522961, -19.469256455074749 ], [ 26.405453732082936, -19.471571374282256 ], [ 26.408148740250851, -19.475476423226329 ], [ 26.407341109922807, -19.487291999519801 ], [ 26.403448055551273, -19.494808103567969 ], [ 26.387497692744997, -19.500413407951111 ], [ 26.377145130403392, -19.507723351921573 ], [ 26.36096026704146, -19.508353120821685 ], [ 26.352637188523019, -19.515344391751743 ], [ 26.35164561182134, -19.520660141413689 ], [ 26.35225547818083, -19.526409032378236 ], [ 26.349973441247606, -19.5339752167868 ], [ 26.342767319991093, -19.54367530874212 ], [ 26.338677520751638, -19.545071992166374 ], [ 26.322502366446809, -19.545316319195017 ], [ 26.305804051746346, -19.548979847615183 ], [ 26.272365531261311, -19.557446559497887 ], [ 26.26020031339652, -19.558579110619338 ], [ 26.238439829344355, -19.568182398396463 ] ] ] } },
{ "type": "Feature", "properties": { "fid": 14, "RIV_BND_": 3853, "RIV_BND_ID": 829, "NAME": "Gwabazabuya", "IMPORTANT": 1 }, "geometry": { "type": "MultiLineString", "coordinates": [ [ [ 26.868093553042904, -19.432526613837513 ], [ 26.870752634848998, -19.433166972594222 ] ] ] } },
{ "type": "Feature", "properties": { "fid": 15, "RIV_BND_": 3142, "RIV_BND_ID": 4203, "NAME": "Lukozi", "IMPORTANT": 1 }, "geometry": { "type": "MultiLineString", "coordinates": [ [ [ 26.279756077343094, -18.714326901519922 ], [ 26.276127963846417, -18.714592908165027 ], [ 26.266628177826071, -18.721928258465901 ], [ 26.25964226725247, -18.7262879872751 ], [ 26.254262977544737, -18.730698962683544 ], [ 26.244866365919549, -18.734980659299435 ], [ 26.236351370243614, -18.736998472045368 ], [ 26.230180868616024, -18.741001244480547 ], [ 26.217167485270004, -18.745164792135867 ], [ 26.210232477368102, -18.747996272352939 ], [ 26.205345409464055, -18.74974791717538 ], [ 26.199602092856388, -18.75299946214459 ], [ 26.192732708908419, -18.753922605526029 ], [ 26.186587299928512, -18.757160682872275 ], [ 26.168445214969367, -18.769938651216556 ], [ 26.133586111441822, -18.800500243025962 ], [ 26.124504598683501, -18.807077079393412 ] ] ] } },
{ "type": "Feature", "properties": { "fid": 16, "RIV_BND_": 2058, "RIV_BND_ID": 3699, "NAME": "Zambezi", "IMPORTANT": 1 }, "geometry": { "type": "MultiLineString", "coordinates": [ [ [ 26.299970690970277, -17.928199887042481 ], [ 26.301366486644103, -17.929511663063355 ], [ 26.301807071845804, -17.92988253135665 ] ] ] } },
{ "type": "Feature", "properties": { "fid": 17, "RIV_BND_": 2805, "RIV_BND_ID": 1520, "NAME": null, "IMPORTANT": 0 }, "geometry": { "type": "MultiLineString", "coordinates": [ [ [ 25.933757128067217, -18.463507416735361 ], [ 25.944433218987925, -18.468067141033597 ], [ 25.955041545238632, -18.474533520790164 ], [ 25.963367176583798, -18.477485837591832 ], [ 25.977089939919512, -18.486728737617852 ], [ 25.983397748093761, -18.489994720120311 ], [ 25.992459222786859, -18.494880009340623 ], [ 25.99983552194778, -18.502000210939833 ], [ 26.005049400612894, -18.502173838647753 ], [ 26.009101042992132, -18.501162940286797 ], [ 26.021534795386415, -18.501576136653121 ], [ 26.028380414378518, -18.501039446102709 ], [ 26.047029971790838, -18.507385805526653 ], [ 26.054048514077113, -18.513346594359088 ], [ 26.068034604145339, -18.515335781058528 ], [ 26.074425969772065, -18.516310205160597 ], [ 26.082569407483586, -18.513140811680628 ], [ 26.09662296908424, -18.51322048504904 ], [ 26.113526299253479, -18.523704640702508 ], [ 26.121456888911815, -18.526637529644617 ] ] ] } },
{ "type": "Feature", "properties": { "fid": 18, "RIV_BND_": 2309, "RIV_BND_ID": 2677, "NAME": null, "IMPORTANT": 0 }, "geometry": { "type": "MultiLineString", "coordinates": [ [ [ 26.341085500851612, -18.096308287513608 ], [ 26.33773596127196, -18.088563551779412 ], [ 26.335536887772786, -18.082382777780989 ], [ 26.327283564483128, -18.077540388324707 ], [ 26.320505050472928, -18.0765638158584 ], [ 26.312678102015191, -18.070970120075597 ], [ 26.303962437225064, -18.06802215425861 ], [ 26.294510311399584, -18.063140788124908 ], [ 26.28536974403837, -18.060942723833641 ], [ 26.275390787739159, -18.059863640916443 ], [ 26.260312293647754, -18.055566662589271 ], [ 26.249325767993668, -18.048724774569461 ], [ 26.243336318006598, -18.048152627106475 ], [ 26.224427167538927, -18.050606839091326 ], [ 26.211235582265257, -18.049804172924706 ], [ 26.200754392538038, -18.05176108249524 ], [ 26.193357730312119, -18.057253787780009 ], [ 26.187987490531313, -18.062047289004902 ], [ 26.180680999147263, -18.064868626510954 ], [ 26.175400982977283, -18.066990852763745 ], [ 26.168172211505755, -18.067522357700511 ], [ 26.162439856634929, -18.071157442378347 ], [ 26.14867781177723, -18.075297400283571 ], [ 26.13499358449117, -18.077147076567801 ], [ 26.118055634317201, -18.080417967178931 ], [ 26.109907956768449, -18.084354978621068 ], [ 26.103852925964045, -18.085685974242477 ], [ 26.095462311740739, -18.085031152466144 ], [ 26.080960150062218, -18.075773946335818 ], [ 26.072583651660867, -18.074736625548137 ], [ 26.065328277981816, -18.076027234590306 ], [ 26.058767288027969, -18.080395738786009 ], [ 26.053432581301088, -18.084040330256808 ], [ 26.033398858437543, -18.084146640712493 ], [ 26.020487785450086, -18.086777174882357 ], [ 26.011964733071814, -18.089933532418613 ], [ 26.004148094176237, -18.095786218449451 ], [ 25.992076717590884, -18.097296620685615 ], [ 25.984712832452182, -18.101635751002171 ], [ 25.977496507958328, -18.101778433770232 ], [ 25.968666345630368, -18.102249064371936 ], [ 25.962569624636917, -18.104719775521254 ], [ 25.956765240264769, -18.110255263620544 ], [ 25.95166645112127, -18.118487417722282 ], [ 25.945155468835903, -18.12132559862016 ], [ 25.937111020883933, -18.122202815786309 ], [ 25.923091049475676, -18.122115937774534 ], [ 25.90521120016194, -18.129154456367502 ], [ 25.88385154902705, -18.132637032724432 ], [ 25.867843922843512, -18.132097145620047 ], [ 25.86665707922031, -18.13167521868974 ] ] ] } },
{ "type": "Feature", "properties": { "fid": 19, "RIV_BND_": 3591, "RIV_BND_ID": 338, "NAME": null, "IMPORTANT": 0 }, "geometry": { "type": "MultiLineString", "coordinates": [ [ [ 27.443820854064615, -19.111703823065511 ], [ 27.444714425262362, -19.123191088915259 ], [ 27.443782307366334, -19.127752681670117 ], [ 27.442955213092144, -19.1284955902923 ], [ 27.442576417934021, -19.142242780622247 ], [ 27.439958090004822, -19.149435713046771 ], [ 27.440606233015561, -19.155184556872722 ], [ 27.444097318032913, -19.160242577105549 ], [ 27.453520019910009, -19.169657183130255 ], [ 27.455038057478717, -19.173135579122516 ], [ 27.454765007217173, -19.183064137148008 ], [ 27.453906145975509, -19.184952674891694 ], [ 27.454109606862438, -19.192218544344069 ], [ 27.458889546717778, -19.198715223371167 ] ], [ [ 27.453231283840321, -19.208209427432731 ], [ 27.45120686184266, -19.209721933531924 ], [ 27.451091155521343, -19.213922458464822 ], [ 27.45310512604712, -19.217213189973055 ] ], [ [ 27.356890367697194, -19.223766621280131 ], [ 27.353950955471962, -19.224380947979942 ], [ 27.353861645638982, -19.22519560442149 ] ], [ [ 27.279265291099048, -19.25409834634144 ], [ 27.276331185399535, -19.257473723435485 ], [ 27.276941743277252, -19.262054463108893 ] ], [ [ 27.232915168564354, -19.299365987754097 ], [ 27.230228401523025, -19.302468224565949 ], [ 27.22850431844099, -19.306242629738247 ], [ 27.228774944907393, -19.31083525253208 ], [ 27.231255199173166, -19.313894594005205 ] ] ] } },
{ "type": "Feature", "properties": { "fid": 20, "RIV_BND_": 2794, "RIV_BND_ID": 426, "NAME": null, "IMPORTANT": 0 }, "geometry": { "type": "MultiLineString", "coordinates": [ [ [ 26.576348460974391, -18.433988607743295 ], [ 26.581939927135476, -18.434921599896992 ], [ 26.583847790405326, -18.438035501937971 ], [ 26.58350479751595, -18.448722150786839 ], [ 26.58170404234265, -18.454780338355906 ], [ 26.578347384061413, -18.459263342800885 ], [ 26.566188511702965, -18.462715733862659 ], [ 26.564108818544128, -18.464944935438449 ], [ 26.565479944106183, -18.472245077178066 ], [ 26.558110180005812, -18.476605992096641 ], [ 26.542690522984817, -18.481485869428401 ], [ 26.539344688440465, -18.485586326783835 ], [ 26.539961612944733, -18.491335525977664 ], [ 26.545357076231326, -18.498376194743489 ], [ 26.55284579623979, -18.502806200785134 ], [ 26.551919741742452, -18.506598331960596 ], [ 26.549388596749974, -18.510341670257276 ], [ 26.549030503543072, -18.521409575804768 ], [ 26.549796121998771, -18.522578950555868 ] ] ] } },
{ "type": "Feature", "properties": { "fid": 21, "RIV_BND_": 3807, "RIV_BND_ID": 5172, "NAME": "Gwabazabuya", "IMPORTANT": 1 }, "geometry": { "type": "MultiLineString", "coordinates": [ [ [ 26.868093553042904, -19.432526613837513 ], [ 26.866811079899573, -19.434781645823453 ], [ 26.8655301833126, -19.451122172603643 ] ], [ [ 26.863682625577649, -19.454444009569432 ], [ 26.858984522842178, -19.461051643860763 ] ], [ [ 26.817479278657203, -19.471925908215297 ], [ 26.815544366378727, -19.471869031244609 ], [ 26.807789489663559, -19.474315187113788 ], [ 26.794152139873287, -19.483846203612099 ], [ 26.792072891670134, -19.485695016410283 ], [ 26.791474993896106, -19.491789997683345 ], [ 26.790437053874484, -19.499018092501217 ], [ 26.787036963748779, -19.504266132328443 ], [ 26.784128075090784, -19.519461652324999 ], [ 26.77894160972367, -19.530005144878047 ], [ 26.767256111464654, -19.541501620043995 ], [ 26.759484977218353, -19.544326962990183 ], [ 26.747295591082523, -19.546256225625246 ], [ 26.741934906334954, -19.549534604380824 ], [ 26.732656465964048, -19.561482422707137 ], [ 26.732191198482269, -19.563378644666916 ] ] ] } },
{ "type": "Feature", "properties": { "fid": 22, "RIV_BND_": 2769, "RIV_BND_ID": 3251, "NAME": null, "IMPORTANT": 0 }, "geometry": { "type": "MultiLineString", "coordinates": [ [ [ 26.842392030805016, -18.387587608418102 ], [ 26.841867343649572, -18.404766209727061 ], [ 26.837610503419096, -18.412667268908532 ], [ 26.834673767193003, -18.416785443499574 ], [ 26.834864710285824, -18.423668434240543 ], [ 26.836364257385931, -18.427150430482577 ], [ 26.836613567437553, -18.432124644216767 ], [ 26.838078249581148, -18.436751894818016 ], [ 26.835530597057893, -18.441263355004061 ], [ 26.832192003593367, -18.445369851793487 ], [ 26.832830813747083, -18.450737425575493 ], [ 26.833952618834076, -18.453444366628904 ], [ 26.833671823865423, -18.462606194259347 ], [ 26.835927492462108, -18.467638338206747 ], [ 26.840154773747162, -18.473873620849027 ], [ 26.844440761418078, -18.478200132610194 ], [ 26.844265598603162, -18.483926298254705 ], [ 26.840489726944927, -18.489166495545302 ], [ 26.842180885649192, -18.499531456913228 ], [ 26.842052142726811, -18.503730622278741 ] ] ] } },
{ "type": "Feature", "properties": { "fid": 23, "RIV_BND_": 2942, "RIV_BND_ID": 954, "NAME": null, "IMPORTANT": 0 }, "geometry": { "type": "MultiLineString", "coordinates": [ [ [ 26.302781003126974, -18.604670604405026 ], [ 26.302172687376501, -18.610762875545646 ], [ 26.300463204358305, -18.613764381221973 ], [ 26.291760512956412, -18.621509014089899 ], [ 26.288716899829062, -18.628287575680194 ], [ 26.281295258791975, -18.633780583336261 ], [ 26.271943764485485, -18.636919800327931 ], [ 26.26647663953835, -18.644002441628533 ], [ 26.266826159128065, -18.645541471541744 ] ] ] } },
{ "type": "Feature", "properties": { "fid": 24, "RIV_BND_": 2357, "RIV_BND_ID": 367, "NAME": "Matetsi", "IMPORTANT": 1 }, "geometry": { "type": "MultiLineString", "coordinates": [ [ [ 26.368653180822847, -18.15943501073728 ], [ 26.365036734308347, -18.159704234469508 ], [ 26.358478250238271, -18.164083592948892 ], [ 26.354022704504199, -18.165472378446587 ], [ 26.346865376039833, -18.163720564149905 ], [ 26.341760978747782, -18.160504854509515 ], [ 26.339758647147463, -18.160442145337591 ], [ 26.337667836823623, -18.163050604344299 ], [ 26.337191400748313, -18.165327637019349 ], [ 26.333924352830479, -18.16713513423587 ], [ 26.326703543601983, -18.16729060696683 ], [ 26.322222613984827, -18.169441818607815 ], [ 26.318243464776842, -18.168552748997016 ], [ 26.317080428065811, -18.16737021564548 ], [ 26.312650172659581, -18.167994862614247 ], [ 26.308582095575016, -18.16977671029143 ], [ 26.304603143013576, -18.168887367093049 ], [ 26.302754076942506, -18.164245274811098 ], [ 26.30210633094876, -18.159640989138637 ], [ 26.299354594741263, -18.158026279808379 ], [ 26.293570041216306, -18.163191617313291 ], [ 26.28936118831307, -18.169170475446805 ], [ 26.280151361439984, -18.168879263432821 ], [ 26.275179329758519, -18.173687648256511 ], [ 26.269095828637255, -18.175786757070171 ], [ 26.262483447470242, -18.181688686782291 ], [ 26.257277547059047, -18.181523417240339 ], [ 26.24933288538238, -18.179360953645883 ], [ 26.244424619765443, -18.182260596701212 ], [ 26.235214495598079, -18.181967217357148 ], [ 26.234038820678528, -18.181165742512242 ], [ 26.230034566164832, -18.181038009262789 ] ] ] } },
{ "type": "Feature", "properties": { "fid": 25, "RIV_BND_": 2876, "RIV_BND_ID": 1915, "NAME": null, "IMPORTANT": 0 }, "geometry": { "type": "MultiLineString", "coordinates": [ [ [ 25.724535878185069, -18.422369951575526 ], [ 25.721476071456078, -18.429136824348998 ], [ 25.722051261896471, -18.435266230421206 ], [ 25.723055936846809, -18.440646879489083 ], [ 25.7177504282411, -18.453826841916083 ], [ 25.719599165230576, -18.458091351743604 ], [ 25.718929200882492, -18.465323012648625 ], [ 25.717184144597979, -18.469080662486075 ], [ 25.717315760152903, -18.476340151081075 ], [ 25.719824793302109, -18.484446043315803 ], [ 25.717828100019997, -18.505759477042073 ], [ 25.726139596161438, -18.519794876154638 ], [ 25.728262115915534, -18.527505478310154 ], [ 25.730111517472107, -18.531770027955687 ], [ 25.729096808642051, -18.537462336485316 ], [ 25.726105345387314, -18.542322152226543 ], [ 25.725448807859564, -18.54917241205349 ], [ 25.719979306638848, -18.555855033148909 ], [ 25.72056857985924, -18.561603125019076 ], [ 25.728523685172039, -18.574480764653678 ] ] ] } },
{ "type": "Feature", "properties": { "fid": 26, "RIV_BND_": 2771, "RIV_BND_ID": 1524, "NAME": null, "IMPORTANT": 0 }, "geometry": { "type": "MultiLineString", "coordinates": [ [ [ 25.817015367904133, -18.351476287847969 ], [ 25.821269771276928, -18.3558222365481 ], [ 25.830138575981909, -18.36567176185293 ], [ 25.831188192161626, -18.369908135464559 ], [ 25.830329623796768, -18.382480552010129 ], [ 25.832843408731357, -18.390585615723325 ], [ 25.836159012413372, -18.398718023649042 ], [ 25.843565881069566, -18.404698627421794 ], [ 25.849121576038844, -18.406415364576674 ], [ 25.858740751641214, -18.406742650479927 ], [ 25.860979600366338, -18.411401306492909 ], [ 25.864877406197238, -18.41458875306569 ], [ 25.871622307036294, -18.416727164484044 ], [ 25.88548772495453, -18.432854428914904 ], [ 25.88811468075335, -18.437907878574801 ], [ 25.890217098207486, -18.446380519960741 ], [ 25.892471064185969, -18.450657541036843 ], [ 25.899440063802036, -18.457767248528516 ], [ 25.899261080127186, -18.462725726382459 ], [ 25.890040627988217, -18.473488227101459 ], [ 25.88268508583079, -18.477057685082787 ], [ 25.87517721175783, -18.484822356817869 ], [ 25.872951072340143, -18.490856752181077 ] ] ] } },
{ "type": "Feature", "properties": { "fid": 27, "RIV_BND_": 2772, "RIV_BND_ID": 2708, "NAME": null, "IMPORTANT": 0 }, "geometry": { "type": "MultiLineString", "coordinates": [ [ [ 26.401802481921312, -18.479056758454288 ], [ 26.402452931027867, -18.483661043010486 ], [ 26.403943689655293, -18.48714550320005 ], [ 26.395315442766012, -18.492988366445353 ], [ 26.387489270832436, -18.498855892874374 ] ] ] } },
{ "type": "Feature", "properties": { "fid": 28, "RIV_BND_": 2800, "RIV_BND_ID": 2542, "NAME": null, "IMPORTANT": 0 }, "geometry": { "type": "MultiLineString", "coordinates": [ [ [ 27.051964404357211, -18.387776170912989 ], [ 27.046504747438203, -18.382275256263693 ], [ 27.04328431219561, -18.382568036247335 ], [ 27.038748022721393, -18.386645446277836 ], [ 27.031849221621357, -18.389128506118123 ], [ 27.027289995298037, -18.393969217040386 ], [ 27.023221821839545, -18.395766487435186 ], [ 27.01580866486772, -18.402055740721366 ], [ 27.010502607850675, -18.404964546516727 ], [ 27.008372375338482, -18.409108247024584 ], [ 27.007824139590948, -18.414060345407488 ], [ 27.003664809905747, -18.418911507853093 ], [ 27.000364252342425, -18.421876050374166 ], [ 26.998623463884027, -18.42641260616789 ], [ 26.993694959708353, -18.43009562105571 ], [ 26.9843296894731, -18.434418241254804 ], [ 26.978575469501624, -18.438841857193879 ], [ 26.968361146580868, -18.444668154381343 ], [ 26.967421755102304, -18.449226919580195 ], [ 26.960049980530197, -18.453986454581237 ], [ 26.958421815285728, -18.454704732700009 ], [ 26.948607249934309, -18.460541114091573 ], [ 26.945293616334958, -18.463886306342896 ], [ 26.943917753716342, -18.469578803016521 ], [ 26.938918160481997, -18.475550799294439 ], [ 26.938929274341607, -18.488542370278864 ], [ 26.934835169608967, -18.491101019600656 ], [ 26.926772798225532, -18.492018512648912 ], [ 26.915199566812039, -18.502770150857867 ], [ 26.914668946034464, -18.520331256350801 ], [ 26.913187527272679, -18.529459231940816 ], [ 26.913921096225906, -18.531772669719693 ] ] ] } },
{ "type": "Feature", "properties": { "fid": 29, "RIV_BND_": 2289, "RIV_BND_ID": 4117, "NAME": null, "IMPORTANT": 0 }, "geometry": { "type": "MultiLineString", "coordinates": [ [ [ 26.341085500851612, -18.096308287513608 ], [ 26.339046032548129, -18.097390495220107 ], [ 26.330176254932521, -18.099022711971582 ], [ 26.321541829890112, -18.10562775694121 ], [ 26.306349185537051, -18.11660998534234 ], [ 26.301068534074577, -18.118735661801225 ], [ 26.295864211280634, -18.118571615046694 ], [ 26.278327288678295, -18.11572597707131 ], [ 26.26941796603997, -18.118499947869307 ], [ 26.262058434105029, -18.122850514739877 ], [ 26.256002372900884, -18.124186342493413 ], [ 26.239615189778579, -18.122901543676399 ], [ 26.238427154995559, -18.122481723270923 ] ] ] } },
{ "type": "Feature", "properties": { "fid": 30, "RIV_BND_": 2163, "RIV_BND_ID": 5263, "NAME": null, "IMPORTANT": 0 }, "geometry": { "type": "MultiLineString", "coordinates": [ [ [ 26.329372541037696, -17.934571278281975 ], [ 26.330502479940442, -17.937664328389172 ], [ 26.330684868121139, -17.93859995888328 ], [ 26.33283235343761, -17.946306970689445 ], [ 26.332205300031571, -17.953163385716518 ], [ 26.323052414058239, -17.96357301472025 ], [ 26.322176717109386, -17.965837631800891 ], [ 26.321498597244403, -17.974220343306815 ], [ 26.31775950799442, -17.978305152453512 ], [ 26.30905490789965, -17.987200004939027 ], [ 26.303512070216652, -17.997339736273968 ], [ 26.297269883228061, -18.004401400923406 ], [ 26.293605679980544, -18.006195983942938 ], [ 26.28805583254686, -18.004493248202664 ], [ 26.284055371953361, -18.004367167882069 ], [ 26.273372997666282, -18.012433836829 ] ] ] } },
{ "type": "Feature", "properties": { "fid": 31, "RIV_BND_": 2825, "RIV_BND_ID": 3022, "NAME": null, "IMPORTANT": 0 }, "geometry": { "type": "MultiLineString", "coordinates": [ [ [ 27.044013127817426, -18.467035368519355 ], [ 27.042842865423228, -18.465856503937506 ], [ 27.034447980806647, -18.464476839212587 ], [ 27.03037812958436, -18.466274146525173 ], [ 27.028247347502624, -18.470418017460155 ], [ 27.026438868913154, -18.477245578594637 ], [ 27.022334766504112, -18.480188046171936 ], [ 27.010191239689682, -18.483287964397004 ], [ 27.003735044006248, -18.484253700055646 ], [ 27.002496871421325, -18.485365356086831 ], [ 26.99848306166524, -18.48525294155278 ], [ 26.993333140464152, -18.482815981167718 ], [ 26.988092350464726, -18.483433140540267 ], [ 26.984767547557347, -18.487160809700541 ], [ 26.982154238438369, -18.493965226776648 ], [ 26.964975421800748, -18.504180410300599 ], [ 26.963244011743161, -18.50833467791816 ], [ 26.963485337769455, -18.513690850203915 ], [ 26.960503749464301, -18.519338206392927 ], [ 26.95841626058245, -18.521953941568217 ], [ 26.957831752623569, -18.52805098064195 ], [ 26.960826187509653, -18.53539540240784 ], [ 26.960172894023977, -18.543783112248523 ], [ 26.961951592995174, -18.55147526433074 ] ] ] } },
{ "type": "Feature", "properties": { "fid": 32, "RIV_BND_": 2832, "RIV_BND_ID": 3093, "NAME": null, "IMPORTANT": 0 }, "geometry": { "type": "MultiLineString", "coordinates": [ [ [ 25.807243352287333, -18.36641656021542 ], [ 25.811097457790119, -18.370749050193922 ], [ 25.812463635131767, -18.377287475524128 ], [ 25.816248352908136, -18.38352684243651 ], [ 25.816329230056596, -18.392312515041205 ], [ 25.81693585760507, -18.397679390397869 ], [ 25.814378065697046, -18.401792390669758 ], [ 25.805850205747877, -18.404555197822219 ], [ 25.80126032597936, -18.409362006649335 ], [ 25.800496842903158, -18.419264172812532 ], [ 25.790127167027514, -18.428454518982168 ], [ 25.785964709909884, -18.432511805328133 ], [ 25.784221369446481, -18.436270396181296 ], [ 25.783652655519145, -18.440833079965419 ], [ 25.781079414036959, -18.445326775965913 ], [ 25.774799927086079, -18.452365648759731 ], [ 25.775834180023473, -18.456983515831773 ], [ 25.78043444117576, -18.462869881939639 ], [ 25.77524468750121, -18.473001045353236 ], [ 25.774991748524354, -18.479865682261959 ], [ 25.781759798697024, -18.492318342505346 ], [ 25.782794209898718, -18.496936245564939 ], [ 25.781683513652471, -18.50529875324079 ], [ 25.780727141003556, -18.509466196272172 ], [ 25.784069376719039, -18.516836648407416 ], [ 25.790247314045235, -18.523541065553999 ], [ 25.7917113091078, -18.527410011823989 ], [ 25.79753097760856, -18.532956341976092 ], [ 25.798509723412934, -18.539099748178383 ], [ 25.802380543697687, -18.543051480399907 ] ] ] } },
{ "type": "Feature", "properties": { "fid": 33, "RIV_BND_": 2842, "RIV_BND_ID": 489, "NAME": null, "IMPORTANT": 0 }, "geometry": { "type": "MultiLineString", "coordinates": [ [ [ 26.401802481921312, -18.479056758454288 ], [ 26.392587825209862, -18.478387327899544 ], [ 26.387570629714578, -18.484342575686096 ], [ 26.381138723762952, -18.484523452011409 ], [ 26.374745283489265, -18.483559371630903 ], [ 26.365403435841372, -18.486704487840623 ], [ 26.360614619192596, -18.485790232435889 ], [ 26.358710672274935, -18.482674518296907 ], [ 26.357647586355323, -18.478439245457512 ], [ 26.355291461011049, -18.476837291525797 ], [ 26.35284648294115, -18.477906432379839 ], [ 26.351660988899237, -18.489328838368561 ], [ 26.348195532449761, -18.496859594646512 ], [ 26.338310515306436, -18.504188044029664 ], [ 26.338259463199545, -18.505714342696596 ], [ 26.339813118094504, -18.507291279457483 ], [ 26.347850450452182, -18.507162411503771 ], [ 26.34980544808505, -18.508751888539294 ], [ 26.349754111571588, -18.510278233131782 ], [ 26.345263932232619, -18.512428812968988 ], [ 26.339620789482908, -18.513015012579725 ], [ 26.331868911703364, -18.516590366898853 ], [ 26.326575613405975, -18.518715106722993 ], [ 26.320518362979524, -18.519669589388169 ], [ 26.31440968770276, -18.522150193180778 ], [ 26.307109701044972, -18.524210805874187 ], [ 26.304223576081611, -18.526411180532289 ], [ 26.298981538550603, -18.527008799659693 ], [ 26.295240999442505, -18.530709797049642 ], [ 26.284238728849125, -18.535325649784124 ], [ 26.278879549778363, -18.539356715511335 ], [ 26.276044879318647, -18.540030340638118 ], [ 26.269468451201895, -18.544404250087705 ], [ 26.261766276710617, -18.546450138716573 ], [ 26.255189285158902, -18.550823504407077 ], [ 26.252328244187908, -18.552259817540818 ] ] ] } },
{ "type": "Feature", "properties": { "fid": 34, "RIV_BND_": 3858, "RIV_BND_ID": 1801, "NAME": null, "IMPORTANT": 0 }, "geometry": { "type": "MultiLineString", "coordinates": [ [ [ 26.791951804708788, -19.535996070532757 ], [ 26.782994492277357, -19.542350360420393 ], [ 26.770953080295026, -19.552308391904234 ], [ 26.763524350958896, -19.557054172065708 ], [ 26.750134573677911, -19.558565837913282 ], [ 26.740269329313929, -19.563620015483487 ], [ 26.732974415112604, -19.564166104376483 ], [ 26.732191198482269, -19.563378644666916 ] ] ] } },
{ "type": "Feature", "properties": { "fid": 35, "RIV_BND_": 2900, "RIV_BND_ID": 2362, "NAME": "Matetsi", "IMPORTANT": 1 }, "geometry": { "type": "MultiLineString", "coordinates": [ [ [ 25.662564620790878, -18.459154230930725 ], [ 25.666430351164056, -18.463108015791324 ], [ 25.665801063519496, -18.46919512786727 ], [ 25.661062809590977, -18.477810862577716 ], [ 25.66027580626297, -18.488092428224192 ], [ 25.656868271279041, -18.493318258337272 ], [ 25.651398119143177, -18.49884652358962 ] ] ] } },
{ "type": "Feature", "properties": { "fid": 36, "RIV_BND_": 2847, "RIV_BND_ID": 2142, "NAME": null, "IMPORTANT": 0 }, "geometry": { "type": "MultiLineString", "coordinates": [ [ [ 26.381913590153239, -18.364600654853678 ], [ 26.381774306602466, -18.368798262614373 ], [ 26.375595528082457, -18.373571280010015 ], [ 26.373578202427112, -18.373890231059868 ], [ 26.3637399650916, -18.380076298171328 ], [ 26.357923109426906, -18.386005918349657 ], [ 26.356504103254785, -18.392455290138194 ], [ 26.351074885754237, -18.39877876766127 ], [ 26.343405203185405, -18.400065763208762 ], [ 26.335658880458933, -18.403641965435728 ], [ 26.327110292882718, -18.407192553293466 ], [ 26.322054863987201, -18.414290811418521 ], [ 26.318616175924987, -18.421057970323037 ], [ 26.318321042069407, -18.42983425254787 ], [ 26.312979184998053, -18.433485296234835 ], [ 26.311362166853765, -18.433816142048329 ], [ 26.302269188340198, -18.441549943949298 ], [ 26.290897521166013, -18.445391129365671 ], [ 26.284713993181903, -18.450160424518305 ], [ 26.280224511984994, -18.452309598956099 ], [ 26.272772242358663, -18.458947981157046 ], [ 26.26806264503529, -18.467583283015919 ], [ 26.267169663336261, -18.47022865044168 ], [ 26.263455959024849, -18.473165975888207 ], [ 26.25448849871, -18.477081332974652 ], [ 26.250722565422809, -18.481544610446036 ], [ 26.250514531812982, -18.487649412214839 ], [ 26.252648534021674, -18.49573898334436 ], [ 26.249632222773268, -18.50175399438745 ], [ 26.243354158157754, -18.509192368098507 ], [ 26.237372339582176, -18.519695648890906 ], [ 26.226470430965211, -18.533096389046325 ], [ 26.21648706642474, -18.543088222128112 ], [ 26.216290718293134, -18.548811277821329 ], [ 26.221389440071867, -18.552412967686418 ], [ 26.234165383708241, -18.554733331536756 ], [ 26.236922432735767, -18.556349682957809 ] ] ] } },
{ "type": "Feature", "properties": { "fid": 37, "RIV_BND_": 2807, "RIV_BND_ID": 4169, "NAME": null, "IMPORTANT": 0 }, "geometry": { "type": "MultiLineString", "coordinates": [ [ [ 26.847263782032751, -18.385817435352713 ], [ 26.849414408422486, -18.394285155112478 ], [ 26.856070885269514, -18.399825721555015 ], [ 26.855931192509328, -18.40440670964022 ], [ 26.853820640611946, -18.407784824213508 ], [ 26.853209917486168, -18.414644797950594 ], [ 26.855477352240872, -18.419294998884197 ], [ 26.866350814121191, -18.431451894524134 ], [ 26.868880634299927, -18.44069452988796 ], [ 26.873097122823925, -18.447310908356872 ], [ 26.873975767350217, -18.458034505616137 ], [ 26.877436528161038, -18.46310079735882 ], [ 26.884212428067379, -18.464823158521629 ], [ 26.886149547968273, -18.467171091938781 ], [ 26.886766792708833, -18.473302174450794 ], [ 26.892613114007922, -18.479200608428112 ], [ 26.889730068225781, -18.494783829076994 ], [ 26.882511953893626, -18.507568222338868 ], [ 26.877759415785754, -18.518512536395114 ], [ 26.878742922261548, -18.525800348615466 ], [ 26.884806309437511, -18.537818737892927 ], [ 26.887523811514026, -18.540953219237107 ] ] ] } },
{ "type": "Feature", "properties": { "fid": 38, "RIV_BND_": 2768, "RIV_BND_ID": 5281, "NAME": "Deka", "IMPORTANT": 1 }, "geometry": { "type": "MultiLineString", "coordinates": [ [ [ 26.182999062293156, -18.477457453595768 ], [ 26.185517794273498, -18.485941804887663 ], [ 26.185399238793114, -18.489375568811258 ], [ 26.18128287503669, -18.492298087698927 ], [ 26.171267652332197, -18.491591889956702 ], [ 26.167164408415584, -18.494132564129959 ] ] ] } },
{ "type": "Feature", "properties": { "fid": 39, "RIV_BND_": 2654, "RIV_BND_ID": 1124, "NAME": "Deka", "IMPORTANT": 1 }, "geometry": { "type": "MultiLineString", "coordinates": [ [ [ 26.285057263034631, -18.392492879986861 ], [ 26.280013868283554, -18.399208318251546 ], [ 26.278293842352348, -18.40259144982247 ], [ 26.272163209336032, -18.405834246774532 ], [ 26.269317684328449, -18.406889635037295 ], [ 26.266407377138947, -18.409852753765414 ], [ 26.266575653036153, -18.416733597232938 ], [ 26.260909857624284, -18.418080960574443 ], [ 26.254054179825744, -18.419008142767005 ], [ 26.248776562000135, -18.420749466587093 ] ] ] } },
{ "type": "Feature", "properties": { "fid": 40, "RIV_BND_": 3917, "RIV_BND_ID": 1112, "NAME": null, "IMPORTANT": 0 }, "geometry": { "type": "MultiLineString", "coordinates": [ [ [ 26.411135194015618, -19.70493107791355 ], [ 26.411187144072802, -19.70488371042762 ], [ 26.411263080082307, -19.704809953251143 ], [ 26.411336382206745, -19.704733972628937 ], [ 26.411407334228443, -19.704655908118742 ], [ 26.411475746523184, -19.704575693772259 ], [ 26.411541043825956, -19.70449352898822 ], [ 26.411603796899247, -19.7044094942542 ], [ 26.411663910568937, -19.704323579168488 ], [ 26.411720713961252, -19.704235999811146 ], [ 26.411774875484092, -19.704146693590825 ], [ 26.411826105982353, -19.704055855006679 ], [ 26.411874118190553, -19.703963561189134 ], [ 26.41191910159062, -19.703869887120213 ], [ 26.411960864528847, -19.703774893249481 ], [ 26.411999309365005, -19.703678722658083 ], [ 26.412034817383994, -19.703581380852096 ], [ 26.412067098126801, -19.703483143586272 ], [ 26.412095866655246, -19.703383943536831 ], [ 26.412121311435939, -19.703283918883486 ], [ 26.412143430295526, -19.703183205054131 ], [ 26.412162413588753, -19.703081822859001 ], [ 26.412177971149642, -19.702980029995746 ], [ 26.412190104001102, -19.702877763267271 ], [ 26.412198619186206, -19.702775164377783 ], [ 26.412203800491692, -19.702672372881562 ], [ 26.412205740774212, -19.702569543637953 ], [ 26.412204154372162, -19.702466654463908 ], [ 26.412198944665764, -19.702363785239914 ], [ 26.412190774394709, -19.702261225476342 ], [ 26.412178691388938, -19.702158898217885 ], [ 26.412163645652576, -19.702057015846066 ], [ 26.412145065131376, -19.701955579134989 ], [ 26.412122851172469, -19.701854794361633 ], [ 26.41209757569677, -19.701754669779639 ], [ 26.412068855110338, -19.701655344339716 ], [ 26.412037068516398, -19.701556958969682 ], [ 26.412001929818732, -19.70145951856966 ], [ 26.411963246207051, -19.701363155812718 ], [ 26.411921873377096, -19.701268018504926 ], [ 26.411876952303381, -19.701174166490013 ], [ 26.41182924524988, -19.701081628829087 ], [ 26.411778272577777, -19.700990588237445 ], [ 26.411724319085263, -19.700901121067449 ], [ 26.411667670441116, -19.700813249501198 ], [ 26.411607942324775, -19.700727157629146 ], [ 26.411545230929853, -19.700642792654051 ], [ 26.41147981887336, -19.700560366354008 ], [ 26.411411991095527, -19.700479946052958 ], [ 26.411341175689291, -19.700401523492229 ], [ 26.41126794209605, -19.700325260407361 ], [ 26.411192193982032, -19.70025121861811 ], [ 26.411113834868083, -19.700179468972344 ], [ 26.411033340327901, -19.700110081546235 ], [ 26.410950710216134, -19.7000430653652 ], [ 26.41086565639953, -19.699978551723301 ], [ 26.41077874962231, -19.699916621101725 ], [ 26.410689417831193, -19.699857274268048 ], [ 26.410598518013117, -19.699800577776163 ], [ 26.410505572269589, -19.699746605996697 ], [ 26.410411056169696, -19.699695429007207 ], [ 26.410314683612512, -19.69964705170376 ], [ 26.410216833685727, -19.699601615014913 ], [ 26.41011769818364, -19.699559049464007 ], [ 26.410016988679164, -19.699519504400921 ], [ 26.409915087891818, -19.69948289504558 ], [ 26.409811993346366, -19.699449374877872 ], [ 26.409707896835855, -19.69941887442182 ], [ 26.40960289134701, -19.6993915395059 ], [ 26.40949688286544, -19.699367287495704 ], [ 26.409390251347013, -19.699346205152032 ], [ 26.409287457522325, -19.699329037465986 ] ] ] } },
{ "type": "Feature", "properties": { "fid": 41, "RIV_BND_": 3967, "RIV_BND_ID": 891, "NAME": null, "IMPORTANT": 0 }, "geometry": { "type": "MultiLineString", "coordinates": [ [ [ 26.744783411478085, -19.690552744166084 ], [ 26.735744048448865, -19.691463907728352 ], [ 26.707032185054636, -19.690984105432747 ], [ 26.699084572042054, -19.686542554737898 ], [ 26.68965727761719, -19.677853768276943 ], [ 26.681822980807805, -19.669976778589874 ], [ 26.677856051193206, -19.667564736665692 ], [ 26.666944368822126, -19.667234352913553 ], [ 26.647041388085142, -19.669686059136236 ], [ 26.636420774335711, -19.672800751357656 ], [ 26.62688643981171, -19.679768013271403 ], [ 26.622997295128329, -19.687289280124833 ], [ 26.621646105846082, -19.69145004977068 ], [ 26.617894993119776, -19.694773373812463 ], [ 26.610139646364821, -19.696827981638968 ], [ 26.6075880555087, -19.700569778574241 ], [ 26.60575636601396, -19.707007674039939 ], [ 26.600728616885618, -19.71220143866325 ], [ 26.597633082527143, -19.720128412723163 ], [ 26.595066868729507, -19.73647554455227 ], [ 26.592463471997668, -19.741743484896574 ], [ 26.585804172123343, -19.747268506425495 ], [ 26.582518844679569, -19.748695280104609 ], [ 26.577109989157037, -19.753112405746862 ], [ 26.568542675269839, -19.755139922641874 ], [ 26.561111673544698, -19.759494003279297 ] ] ] } },
{ "type": "Feature", "properties": { "fid": 42, "RIV_BND_": 4032, "RIV_BND_ID": 784, "NAME": null, "IMPORTANT": 0 }, "geometry": { "type": "MultiLineString", "coordinates": [ [ [ 26.563198283356844, -19.784161638931035 ], [ 26.566892220994763, -19.780300459753935 ], [ 26.568194776173382, -19.777666807743479 ], [ 26.568828628867813, -19.770810465023079 ], [ 26.573391504362714, -19.76751351108042 ], [ 26.578673526604046, -19.766912554681429 ], [ 26.58347506451231, -19.768588541108667 ], [ 26.589515134439118, -19.769538629448586 ], [ 26.595087477150877, -19.772384117117081 ], [ 26.601582980626596, -19.771819760702947 ], [ 26.604476873830166, -19.769998646092901 ], [ 26.612564587433948, -19.770246802879996 ], [ 26.621043930941919, -19.770888586758179 ], [ 26.624241132868562, -19.772132428540193 ], [ 26.631507609552138, -19.772736581808047 ], [ 26.636284749428498, -19.775174547308403 ], [ 26.64208654435776, -19.783373713505696 ], [ 26.64514585131154, -19.788815121629163 ], [ 26.654802326168646, -19.790637262542969 ], [ 26.668278063705074, -19.799451039872594 ], [ 26.678414776846598, -19.798994476839919 ], [ 26.690778971294595, -19.804716916220858 ], [ 26.69572010749582, -19.802192203243663 ], [ 26.70257159980887, -19.803163071500041 ], [ 26.708644435471118, -19.807040249401688 ] ] ] } },
{ "type": "Feature", "properties": { "fid": 43, "RIV_BND_": 3861, "RIV_BND_ID": 2582, "NAME": null, "IMPORTANT": 0 }, "geometry": { "type": "MultiLineString", "coordinates": [ [ [ 26.71386230035694, -19.630065943869205 ], [ 26.720022076316525, -19.62719462755534 ], [ 26.735757857746037, -19.615823137333134 ], [ 26.756241494264327, -19.607647815836014 ], [ 26.762705995074477, -19.607840238675891 ], [ 26.768903646416412, -19.60963606821219 ] ] ] } },
{ "type": "Feature", "properties": { "fid": 44, "RIV_BND_": 3890, "RIV_BND_ID": 101, "NAME": null, "IMPORTANT": 0 }, "geometry": { "type": "MultiLineString", "coordinates": [ [ [ 26.472588212275898, -19.672697807932828 ], [ 26.471414895152567, -19.67151503554123 ], [ 26.471479435364195, -19.669607123322695 ], [ 26.473147507002476, -19.668131619614968 ], [ 26.475950440324379, -19.668983537285403 ], [ 26.475468460495144, -19.671260304961326 ], [ 26.472588212275898, -19.672697807932828 ] ] ] } },
{ "type": "Feature", "properties": { "fid": 45, "RIV_BND_": 3797, "RIV_BND_ID": 2293, "NAME": null, "IMPORTANT": 0 }, "geometry": { "type": "MultiLineString", "coordinates": [ [ [ 26.664968667977384, -19.553443463383946 ], [ 26.665036131188508, -19.55344250276714 ], [ 26.665103337638907, -19.553439524678957 ], [ 26.665170572555372, -19.55343456893732 ], [ 26.665237455326348, -19.553427603522152 ], [ 26.665303985039483, -19.553418691645447 ], [ 26.66537035323163, -19.553407763529595 ], [ 26.665436368231074, -19.553394897982585 ], [ 26.665501744416179, -19.553380082277982 ], [ 26.665566767663769, -19.553363311082204 ], [ 26.665631056192858, -19.55334463364883 ], [ 26.665694800630639, -19.553324043412172 ], [ 26.665757714706, -19.553301572797739 ], [ 26.665819893146814, -19.553277259159223 ], [ 26.665881240831364, -19.553251092234991 ], [ 26.665941852227832, -19.553223127439228 ], [ 26.666001155576449, -19.55319337544196 ], [ 26.666059721724064, -19.553161888786562 ], [ 26.666117074550719, -19.553128652284439 ], [ 26.66617340338501, -19.553093749672509 ], [ 26.666228327357111, -19.553057166994535 ], [ 26.666282226425007, -19.553018981420596 ], [ 26.666334719069674, -19.552979224145979 ], [ 26.666385900409995, -19.552937905433744 ], [ 26.666435673896633, -19.552895114356112 ], [ 26.666484134518765, -19.552850870206299 ], [ 26.666530901018209, -19.552805186119691 ], [ 26.666576258104037, -19.552758138034413 ], [ 26.666619919897901, -19.552709731287216 ], [ 26.666662074820447, -19.552660112826807 ], [ 26.666702342653728, -19.552609223546813 ], [ 26.666741102577266, -19.552557194798101 ], [ 26.666777973853939, -19.552504003595569 ], [ 26.666813145164788, -19.552449778827082 ], [ 26.66684642627186, -19.5523944999705 ], [ 26.666877910866891, -19.55233827662159 ], [ 26.666907598821091, -19.552281117811734 ], [ 26.666935202440065, -19.552223155302222 ], [ 26.666960912743161, -19.55216435543565 ], [ 26.6669847281734, -19.552104826576286 ], [ 26.667006457195313, -19.552044638504817 ], [ 26.6670261946702, -19.551983819544251 ], [ 26.667044034680149, -19.551922452199175 ], [ 26.667059691090511, -19.551860559867571 ], [ 26.667073257594076, -19.55179825214476 ], [ 26.667084828922476, -19.551735566383794 ], [ 26.667094213541279, -19.551672572365135 ], [ 26.667101696809748, -19.551609300873714 ], [ 26.66710689604675, -19.551545864378983 ], [ 26.667110096611538, -19.551482293665764 ], [ 26.667111011721449, -19.551418657283108 ], [ 26.667109926086304, -19.551355031167066 ], [ 26.667106743940423, -19.551291450207792 ], [ 26.667101368609249, -19.551228012507373 ], [ 26.667093895214098, -19.551164728327326 ], [ 26.667084417058103, -19.551101734352969 ], [ 26.667072838895159, -19.551039029353078 ], [ 26.667059159688851, -19.550976685569733 ], [ 26.667043377883335, -19.550914811366088 ], [ 26.667025588729384, -19.550853407972973 ], [ 26.66700569555243, -19.550792573491947 ], [ 26.666983888331977, -19.55073234650602 ], [ 26.666960070653047, -19.550672807055992 ], [ 26.666934241738559, -19.550614009323017 ], [ 26.666906496189423, -19.550555999689003 ], [ 26.666876833488008, -19.550498814274356 ], [ 26.66684534745572, -19.550442553642615 ], [ 26.666811846948612, -19.550387260481912 ], [ 26.666776617322938, -19.550332965575898 ], [ 26.666739752269589, -19.550279778518266 ], [ 26.66670087079773, -19.550227694383 ], [ 26.666660353381079, -19.55017675421529 ], [ 26.666618388438387, -19.550127104961192 ], [ 26.666574596147591, -19.550078660421892 ], [ 26.666529260045252, -19.550031577804948 ], [ 26.666482285013853, -19.549985846847541 ], [ 26.666433955758226, -19.549941543484945 ], [ 26.666384081263359, -19.549898701374303 ], [ 26.666332947272643, -19.549857324208688 ], [ 26.666280361731751, -19.549817517887387 ], [ 26.666226419888201, -19.549779283640603 ], [ 26.666171407094936, -19.549742652252473 ], [ 26.666115036958868, -19.549707665178694 ], [ 26.666057594183037, -19.549674398354885 ], [ 26.665999174273896, -19.549642834950987 ], [ 26.665939585825924, -19.549613035714575 ], [ 26.66587911445076, -19.549585013369633 ], [ 26.66581766463975, -19.54955878474405 ], [ 26.66575552135453, -19.549534407713498 ], [ 26.665692494358325, -19.549511861753032 ], [ 26.665628773235031, -19.549491212537053 ], [ 26.665564452840524, -19.549472488387302 ], [ 26.665499438185268, -19.549455670010538 ], [ 26.665433919502348, -19.549440777930144 ], [ 26.665367991907157, -19.549427822407562 ], [ 26.665301559630354, -19.549416838331268 ], [ 26.665235003139546, -19.549407866749586 ], [ 26.665168037859697, -19.549400822693528 ], [ 26.665100948361111, -19.549395791131122 ], [ 26.665033734641348, -19.549392772061953 ], [ 26.664966301580517, -19.549391755223212 ], [ 26.664899030555542, -19.549392718452335 ], [ 26.664831826316551, -19.549395660517064 ], [ 26.664764593093821, -19.549400616306016 ], [ 26.664697712004237, -19.549407581717837 ], [ 26.664630992940513, -19.549416527197121 ], [ 26.664564817409573, -19.549427421552302 ], [ 26.664498804029588, -19.549440286944876 ], [ 26.664433429424935, -19.549455102446149 ], [ 26.664368407721184, -19.549471873389471 ], [ 26.664303930190719, -19.549490548058412 ], [ 26.664240377690898, -19.549511140413735 ], [ 26.664177464997451, -19.549533610637493 ], [ 26.664115192628326, -19.549557922609011 ], [ 26.66405384619376, -19.549584089057028 ], [ 26.663993331224589, -19.549612054567998 ], [ 26.663933838473927, -19.549641803547498 ], [ 26.663875463837744, -19.549673292077895 ], [ 26.663818016689607, -19.549706526724723 ], [ 26.66376178394076, -19.549741429914885 ], [ 26.663706670212452, -19.549778009446783 ], [ 26.66365277179132, -19.549816194312179 ], [ 26.663600279691625, -19.54985595085677 ], [ 26.663549098795098, -19.549897268818565 ], [ 26.663499325649052, -19.549940059128986 ], [ 26.663451055240508, -19.549984341082663 ], [ 26.663404288869604, -19.550030024378195 ], [ 26.66335893180872, -19.550077071662642 ], [ 26.663315270451022, -19.550125441485058 ], [ 26.663273115341767, -19.550175059138365 ], [ 26.663232847211937, -19.550225947616713 ], [ 26.663194086371682, -19.550278011686249 ], [ 26.663157119865463, -19.550331164744939 ], [ 26.663122042681746, -19.550385426087704 ], [ 26.663088570898882, -19.550440665592536 ], [ 26.663057084988996, -19.550496924314334 ], [ 26.663027587164621, -19.550554048739997 ], [ 26.662999982049143, -19.550612046667592 ], [ 26.662974271204941, -19.550670809735099 ], [ 26.662950454633513, -19.550730337943538 ], [ 26.662928629145526, -19.550790524164029 ], [ 26.662908795133006, -19.550851341306764 ], [ 26.662891143744506, -19.550912746688009 ], [ 26.662875486437205, -19.550974602388116 ], [ 26.662861823213124, -19.551036908407802 ], [ 26.66285034561156, -19.551099594972502 ], [ 26.662840768410437, -19.551162622261689 ], [ 26.662833474556436, -19.551225859755707 ], [ 26.66282827368558, -19.551289295957996 ], [ 26.662825071462553, -19.551352866423848 ], [ 26.662824059427258, -19.551416501378402 ], [ 26.662825238623039, -19.551480128579932 ], [ 26.66282841907589, -19.551543709440836 ], [ 26.662833792195912, -19.551607183216294 ], [ 26.662841169179853, -19.551670430046297 ], [ 26.662850740917577, -19.551733425306896 ], [ 26.662862317434787, -19.551796130410196 ], [ 26.662875995023263, -19.55185847434743 ], [ 26.662891775246614, -19.551920348755313 ], [ 26.662909467609722, -19.551981751166785 ], [ 26.662929359292146, -19.552042585948872 ], [ 26.662951260319037, -19.552102814513283 ], [ 26.662975076614529, -19.552162354353932 ], [ 26.663000904210058, -19.552221152522083 ], [ 26.663028647988813, -19.552279198753439 ], [ 26.663058310034081, -19.552336348563269 ], [ 26.663089794968531, -19.55239260974772 ], [ 26.663123294462636, -19.552447903500365 ], [ 26.663158332662974, -19.552502196562973 ], [ 26.663195387377211, -19.552555386738167 ], [ 26.663234077089957, -19.552607505212741 ], [ 26.663274594381878, -19.552658409968206 ], [ 26.663316748755658, -19.552708098536993 ], [ 26.663360541122646, -19.552756507706214 ], [ 26.663405876884639, -19.552803591090321 ], [ 26.663452661183069, -19.552849320364238 ], [ 26.663501180806765, -19.552893626984247 ], [ 26.663551054758763, -19.552936506016522 ], [ 26.663602189350449, -19.552977847863769 ], [ 26.663654774560193, -19.553017691112036 ], [ 26.663708526200242, -19.553055923697837 ], [ 26.663763730408661, -19.553092522228344 ], [ 26.663820101046383, -19.55312751009394 ], [ 26.663877544423862, -19.553160777697503 ], [ 26.663935965030532, -19.553192341865397 ], [ 26.663995554274752, -19.5532221418506 ], [ 26.664056026016624, -19.553250201043962 ], [ 26.664117382075403, -19.553276393020905 ], [ 26.664179621149234, -19.55330080808287 ], [ 26.664242554557873, -19.553323317339633 ], [ 26.664306372148715, -19.553343968407106 ], [ 26.664370693311497, -19.553362729262517 ], [ 26.664435709323776, -19.553379548188921 ], [ 26.664501134174486, -19.553394439547933 ], [ 26.664567063761272, -19.553407359420198 ], [ 26.664633402312223, -19.553418342693409 ], [ 26.664700150345176, -19.55342735324583 ], [ 26.664767022498648, -19.553434360288502 ], [ 26.664834208879732, -19.553439393376703 ], [ 26.664901424256794, -19.553442412691528 ], [ 26.664968667977384, -19.553443463383946 ] ] ] } },
{ "type": "Feature", "properties": { "fid": 46, "RIV_BND_": 3845, "RIV_BND_ID": 3872, "NAME": null, "IMPORTANT": 0 }, "geometry": { "type": "MultiLineString", "coordinates": [ [ [ 26.762767344036583, -19.618538927926103 ], [ 26.76444462027672, -19.616678713606639 ], [ 26.764566971966058, -19.612862001326594 ], [ 26.76220406526744, -19.610881579068689 ], [ 26.760967402084738, -19.611608835663056 ], [ 26.760759259254165, -19.618097129439267 ], [ 26.762767344036583, -19.618538927926103 ] ] ] } },
{ "type": "Feature", "properties": { "fid": 47, "RIV_BND_": 3848, "RIV_BND_ID": 104, "NAME": null, "IMPORTANT": 0 }, "geometry": { "type": "MultiLineString", "coordinates": [ [ [ 26.361689142423614, -19.616089451075812 ], [ 26.363840729890136, -19.612338636714586 ], [ 26.360324260880969, -19.608788573433841 ], [ 26.357018554536939, -19.61072241559657 ] ], [ [ 26.357959688975889, -19.615269278706826 ], [ 26.358861827815648, -19.615998953392474 ], [ 26.361689142423614, -19.616089451075812 ] ] ] } },
{ "type": "Feature", "properties": { "fid": 48, "RIV_BND_": 3857, "RIV_BND_ID": 102, "NAME": null, "IMPORTANT": 0 }, "geometry": { "type": "MultiLineString", "coordinates": [ [ [ 26.519283808540358, -19.631375103374985 ], [ 26.51645592494534, -19.631287037938367 ], [ 26.515673395762271, -19.630498706492062 ], [ 26.516205735651404, -19.626695425547535 ], [ 26.517430418037939, -19.626351510330075 ], [ 26.519803159631401, -19.627953325950369 ], [ 26.519283808540358, -19.631375103374985 ] ] ] } },
{ "type": "Feature", "properties": { "fid": 49, "RIV_BND_": 3968, "RIV_BND_ID": 29, "NAME": "Gwabazabuya", "IMPORTANT": 1 }, "geometry": { "type": "MultiLineString", "coordinates": [ [ [ 26.732191198482269, -19.563378644666916 ], [ 26.723096061730153, -19.569600924805769 ], [ 26.720549255292458, -19.573344884202108 ], [ 26.712603112923027, -19.581511083249659 ], [ 26.706065941470527, -19.583606875273325 ], [ 26.697335523565023, -19.590984760979172 ], [ 26.693258677656274, -19.592007997942527 ], [ 26.689610652521072, -19.592280059827189 ], [ 26.685446843040257, -19.595974687150715 ], [ 26.682066134676987, -19.600456888711353 ], [ 26.680425279964972, -19.601171373874962 ], [ 26.672358214910808, -19.60054549381282 ], [ 26.660313758051981, -19.59788865769449 ], [ 26.653055047737613, -19.597286465651912 ], [ 26.652663581660349, -19.596892570843167 ], [ 26.649698290841677, -19.601004663804709 ], [ 26.640989631383253, -19.607616097095178 ], [ 26.634842083831678, -19.610103010229462 ], [ 26.625487778216566, -19.611727860292717 ], [ 26.618456435987763, -19.616479260015289 ], [ 26.609795983414703, -19.621562498280596 ], [ 26.60767510490064, -19.6245536212178 ], [ 26.605907803604005, -19.629083584779554 ], [ 26.604923125121907, -19.634401499228517 ], [ 26.598483392231898, -19.6456641690752 ], [ 26.591790674274229, -19.652334702040218 ], [ 26.581536593317885, -19.656603421908851 ], [ 26.57768420958195, -19.662978710207334 ], [ 26.577013420471907, -19.670980018718222 ], [ 26.575712264027445, -19.673613945635037 ], [ 26.57196077416884, -19.676936258676559 ], [ 26.557612215940328, -19.682605030993351 ], [ 26.552192633434288, -19.687403276851114 ], [ 26.549865358386391, -19.696498988160219 ], [ 26.549303209954005, -19.71328925019991 ], [ 26.551885429006855, -19.732850882139168 ], [ 26.558068604701994, -19.753669965740453 ], [ 26.560328543613142, -19.758705798264121 ], [ 26.561111673544698, -19.759494003279297 ] ] ] } },
{ "type": "Feature", "properties": { "fid": 50, "RIV_BND_": 3990, "RIV_BND_ID": 819, "NAME": "Gwabazabuya", "IMPORTANT": 1 }, "geometry": { "type": "MultiLineString", "coordinates": [ [ [ 26.561111673544698, -19.759494003279297 ], [ 26.560932926560213, -19.764836442009408 ], [ 26.557391573552891, -19.773894607234393 ], [ 26.557199752680596, -19.779618547225105 ], [ 26.557662118984226, -19.782434557302754 ] ] ] } },
{ "type": "Feature", "properties": { "fid": 51, "RIV_BND_": 3629, "RIV_BND_ID": 3090, "NAME": null, "IMPORTANT": 0 }, "geometry": { "type": "MultiLineString", "coordinates": [ [ [ 26.175365733735156, -19.339264389331944 ], [ 26.175459058783908, -19.339263299655862 ], [ 26.175552146579484, -19.339259416168328 ], [ 26.175644996495663, -19.339252774976977 ], [ 26.175737608372351, -19.339243385108638 ], [ 26.175829982360131, -19.339231237536058 ], [ 26.175921737480596, -19.339216362468299 ], [ 26.176013254547414, -19.339198738723287 ], [ 26.176103961940147, -19.33917842064227 ], [ 26.176193859654322, -19.33915540822592 ], [ 26.176282851976193, -19.339129736108465 ], [ 26.176371318787758, -19.339101437269321 ], [ 26.176458689245877, -19.339070520916525 ], [ 26.176544867792632, -19.339037012657826 ], [ 26.17662985333715, -19.339000975683454 ], [ 26.176713455544498, -19.33896241607318 ], [ 26.176796244318027, -19.338921378781613 ], [ 26.176877172754914, -19.33887790175589 ], [ 26.176956810293099, -19.338832057031755 ], [ 26.177034871510685, -19.338783849215439 ], [ 26.177111259919783, -19.338733358077658 ], [ 26.177185879653976, -19.338680627281317 ], [ 26.177258730400805, -19.338625674882394 ], [ 26.177329906004232, -19.338568574572701 ], [ 26.177398929005438, -19.338509436335897 ], [ 26.17746599020002, -19.338448227013952 ], [ 26.177530992325895, -19.338385071513212 ], [ 26.177593934451082, -19.338320023997884 ], [ 26.177654531001775, -19.338253098103063 ], [ 26.177713065223021, -19.338184415603191 ], [ 26.177768965347568, -19.338114039874604 ], [ 26.177822800970439, -19.338042033923497 ], [ 26.177874285898309, -19.337968447493136 ], [ 26.177923133317702, -19.337893366435246 ], [ 26.177969341678192, -19.337816881022245 ], [ 26.178013196088695, -19.337739004703845 ], [ 26.178054407874356, -19.337659931655882 ], [ 26.178092882726286, -19.337579615272002 ], [ 26.178128807717659, -19.337498239041274 ], [ 26.178161992676706, -19.337415800018846 ], [ 26.178192245259368, -19.337332421638106 ], [ 26.178219849644247, -19.337248171509959 ], [ 26.178244803817101, -19.337163166987256 ], [ 26.178266536638478, -19.337077435339825 ], [ 26.178285807256795, -19.336991078625651 ], [ 26.178301852341825, -19.3369042385192 ], [ 26.178315242729994, -19.336816905807268 ], [ 26.178325690371459, -19.336729238557474 ], [ 26.178333193874067, -19.336641318014046 ], [ 26.17833794217443, -19.336553219340416 ], [ 26.178339458912419, -19.336464989333443 ], [ 26.178338311819743, -19.336376799319176 ], [ 26.178333835605024, -19.336288620931814 ], [ 26.178326787862325, -19.336200646497492 ], [ 26.178316977026284, -19.336112954313183 ], [ 26.178303927203753, -19.336025564094076 ], [ 26.178288207211278, -19.335938583976404 ], [ 26.178269434690552, -19.335852125418363 ], [ 26.178247703025782, -19.335766289189962 ], [ 26.178223297325143, -19.335681088737335 ], [ 26.178196214799549, -19.335596686546062 ], [ 26.178166169418802, -19.335513123330866 ], [ 26.178133444738577, -19.335430502807597 ], [ 26.178097944280076, -19.335348904745164 ], [ 26.178059857908778, -19.335268350142904 ], [ 26.178018992663024, -19.33518899853928 ], [ 26.177975442856368, -19.335110896541135 ], [ 26.177929492663317, -19.335034111755956 ], [ 26.177880854811814, -19.334958757113316 ], [ 26.177829814406863, -19.334884846058554 ], [ 26.177776368967773, -19.334812523021995 ], [ 26.177720518496763, -19.334741788001743 ], [ 26.17766254654547, -19.334672744713171 ], [ 26.177601881360445, -19.334605456529765 ], [ 26.177539472401907, -19.334540019426878 ], [ 26.177474843311813, -19.334476480197246 ], [ 26.177407803144234, -19.334414881026518 ], [ 26.177339016411331, -19.334355295416177 ], [ 26.177268387251623, -19.334297767025568 ], [ 26.177195628546386, -19.334242399755624 ], [ 26.17712131111762, -19.334189184391796 ], [ 26.177045242776032, -19.334138235335647 ], [ 26.17696732843547, -19.334089551111077 ], [ 26.176887852108564, -19.334043208352892 ], [ 26.176807193513358, -19.333999249062067 ], [ 26.176724685965322, -19.333957726108785 ], [ 26.176641185228444, -19.333918652755365 ], [ 26.176556215098625, -19.33388206676532 ], [ 26.17647034437574, -19.333848076277246 ], [ 26.176383193958838, -19.333816603177286 ], [ 26.176294857066818, -19.333787757261209 ], [ 26.176205809121239, -19.33376154589752 ], [ 26.176116144582259, -19.333738006666795 ], [ 26.176025578191364, -19.333717135145001 ], [ 26.175934014394027, -19.333698956937063 ], [ 26.175842498964691, -19.333683497285158 ], [ 26.175750270598865, -19.333670780502089 ], [ 26.17565742437715, -19.333660808060593 ], [ 26.175564530338256, -19.333653615886735 ], [ 26.175471493858645, -19.333649175424441 ], [ 26.175378219227621, -19.3336475213063 ], [ 26.175284897386746, -19.333648611345566 ], [ 26.17519181343037, -19.3336524589925 ], [ 26.175098966111065, -19.333659136462753 ], [ 26.175006357443372, -19.333668526405237 ], [ 26.174913986645901, -19.33368067395466 ], [ 26.174822234829819, -19.333695539875222 ], [ 26.174730625634393, -19.33371317095478 ], [ 26.174639921286861, -19.333733488722533 ], [ 26.174550121627433, -19.333756502206278 ], [ 26.174461037103548, -19.333782172348858 ], [ 26.174372573247567, -19.333810461567765 ], [ 26.174285300408869, -19.33384138774111 ], [ 26.174199124430945, -19.333874895233123 ], [ 26.174114046242302, -19.333910929882951 ], [ 26.174030541419022, -19.333949490041078 ], [ 26.173947754815401, -19.333990526323614 ], [ 26.173866733449671, -19.334033991771079 ], [ 26.173787192685886, -19.334079845851488 ], [ 26.173709133142896, -19.334128052458546 ], [ 26.173632746231409, -19.334178542328981 ], [ 26.173558127811294, -19.33423127180539 ], [ 26.173485278191464, -19.334286222835736 ], [ 26.173414104150243, -19.334343285622609 ], [ 26.173345081422337, -19.334402449492199 ], [ 26.173278020613719, -19.33446366636062 ], [ 26.173213018984853, -19.334526811328036 ], [ 26.173150076846067, -19.334591866342713 ], [ 26.173089480229894, -19.334658790699304 ], [ 26.173030945746248, -19.334727471649099 ], [ 26.17297504515059, -19.334797845833585 ], [ 26.172921208864828, -19.334869850238071 ], [ 26.172869723078421, -19.334943435130537 ], [ 26.172820874758777, -19.335018505644427 ], [ 26.172774664995956, -19.335094998593291 ], [ 26.172730809934755, -19.33517282830865 ], [ 26.172689595766368, -19.335251945058822 ], [ 26.172651024203471, -19.335332249549257 ], [ 26.172615192200055, -19.33541363493449 ], [ 26.172582005139848, -19.335496072659584 ], [ 26.172551655374047, -19.335579439301053 ], [ 26.172524048442291, -19.3356636972768 ], [ 26.172499186835921, -19.335748702157076 ], [ 26.17247745136838, -19.335834432767413 ], [ 26.172458178619749, -19.335920752398376 ], [ 26.172442034972519, -19.336007626250044 ], [ 26.172428642264361, -19.336094922041397 ], [ 26.172418286690498, -19.336182590040487 ], [ 26.172410779482952, -19.336270546053264 ], [ 26.172406028048108, -19.336358644172861 ], [ 26.172404508132274, -19.33644687372766 ], [ 26.172405652022341, -19.336535063375155 ], [ 26.172410030551358, -19.336623203919803 ], [ 26.172417169536935, -19.336711215764719 ], [ 26.172426977162889, -19.336798907867671 ], [ 26.172440023796714, -19.33688629811347 ], [ 26.1724557406353, -19.336973278347717 ], [ 26.172474510050769, -19.337059737124886 ], [ 26.172496143740908, -19.337145563168455 ], [ 26.172520546934614, -19.337230736947724 ], [ 26.172547625949065, -19.337315175743161 ], [ 26.172577763623465, -19.337398741027705 ], [ 26.172610485772402, -19.337481353203348 ], [ 26.17264588841952, -19.337562959583636 ], [ 26.172684067432982, -19.33764351650882 ], [ 26.172724930373164, -19.337722869042924 ], [ 26.172768478176561, -19.337800963022843 ], [ 26.172814426829358, -19.337877721802634 ], [ 26.172863062217569, -19.337953113701523 ], [ 26.172914100948763, -19.338027025965612 ], [ 26.172967544891225, -19.33809935026952 ], [ 26.173023394047199, -19.338170086611406 ], [ 26.17308126977996, -19.338239129788342 ], [ 26.173141934655259, -19.338306383283214 ], [ 26.173204437957036, -19.338371823306321 ], [ 26.173269065881083, -19.338435400121991 ], [ 26.173336010624322, -19.338496999329319 ], [ 26.173404892459541, -19.338556578914236 ], [ 26.173475521678284, -19.338614108841789 ], [ 26.173548280496128, -19.338669486689678 ], [ 26.173622598387428, -19.33872270360034 ], [ 26.173698667547512, -19.338773645172662 ], [ 26.173776582752236, -19.33882233093394 ], [ 26.173856060136533, -19.338868675211799 ], [ 26.173936719814265, -19.338912645020255 ], [ 26.174019228796741, -19.338954169444179 ], [ 26.174102636204246, -19.338993233724835 ], [ 26.174187608581502, -19.339029794027617 ], [ 26.174273575709897, -19.339063823443023 ], [ 26.17436072822855, -19.33909529783919 ], [ 26.174449067377832, -19.339124144998245 ], [ 26.174538117714917, -19.339150357541072 ], [ 26.174627784769868, -19.339173897882944 ], [ 26.174718353802778, -19.339194770448273 ], [ 26.174809825276046, -19.339212948154284 ], [ 26.174901438792588, -19.339228401143576 ], [ 26.174993670098861, -19.339241118737164 ], [ 26.175086519190618, -19.339251100933517 ], [ 26.175179416467532, -19.339258284718948 ], [ 26.175272360992686, -19.33926272425467 ], [ 26.175365733735156, -19.339264389331944 ] ] ] } },
{ "type": "Feature", "properties": { "fid": 52, "RIV_BND_": 3456, "RIV_BND_ID": 164, "NAME": null, "IMPORTANT": 0 }, "geometry": { "type": "MultiLineString", "coordinates": [ [ [ 26.233715366806813, -19.138726867672602 ], [ 26.229688549076947, -19.138596226054602 ], [ 26.228184178464279, -19.135491829672421 ], [ 26.230277438887192, -19.133268091602854 ], [ 26.233082922546238, -19.133741055554761 ], [ 26.235392736586665, -19.136871529274952 ], [ 26.233715366806813, -19.138726867672602 ] ] ] } },
{ "type": "Feature", "properties": { "fid": 53, "RIV_BND_": 2804, "RIV_BND_ID": 5087, "NAME": "Deka", "IMPORTANT": 1 }, "geometry": { "type": "MultiLineString", "coordinates": [ [ [ 26.167164408415584, -18.494132564129959 ], [ 26.163527771644929, -18.49477852396279 ], [ 26.150484349331403, -18.511924353815552 ], [ 26.145485123557229, -18.517108917583641 ], [ 26.144484011167268, -18.52280546471011 ], [ 26.144391189799354, -18.525476046271812 ], [ 26.141141885004497, -18.526516035034653 ], [ 26.138011809212806, -18.524122366289383 ], [ 26.134520539241549, -18.520571070502367 ], [ 26.129706510047015, -18.520414036091161 ], [ 26.123555786002104, -18.524032563946548 ], [ 26.121456888911815, -18.526637529644617 ] ] ] } },
{ "type": "Feature", "properties": { "fid": 54, "RIV_BND_": 2813, "RIV_BND_ID": 5464, "NAME": null, "IMPORTANT": 0 }, "geometry": { "type": "MultiLineString", "coordinates": [ [ [ 25.867018299625773, -18.49943824745014 ], [ 25.885618145819542, -18.506943897804074 ], [ 25.899129741693937, -18.510838752894553 ], [ 25.913996865989972, -18.510577717666806 ], [ 25.925822935145206, -18.516705127185109 ], [ 25.934951882209393, -18.519685964607351 ], [ 25.94013883624768, -18.52062434447522 ], [ 25.949145608234744, -18.527037460267124 ], [ 25.953461940135991, -18.529855715309743 ], [ 25.954187980966765, -18.531363101865065 ] ] ] } },
{ "type": "Feature", "properties": { "fid": 55, "RIV_BND_": 2826, "RIV_BND_ID": 944, "NAME": "Deka", "IMPORTANT": 1 }, "geometry": { "type": "MultiLineString", "coordinates": [ [ [ 26.121456888911815, -18.526637529644617 ], [ 26.122166181420479, -18.529334277994458 ], [ 26.126486393565198, -18.532149017363174 ], [ 26.128840374692249, -18.533753632937547 ], [ 26.128760755546068, -18.536042653475644 ], [ 26.124187777621785, -18.540476555578472 ], [ 26.121767155758331, -18.540779360017268 ] ] ] } },
{ "type": "Feature", "properties": { "fid": 56, "RIV_BND_": 2862, "RIV_BND_ID": 1839, "NAME": "Deka", "IMPORTANT": 1 }, "geometry": { "type": "MultiLineString", "coordinates": [ [ [ 26.121767155758331, -18.540779360017268 ], [ 26.110907627286078, -18.541187902692506 ], [ 26.105036924221928, -18.548252301953458 ], [ 26.101359093348474, -18.550041346949847 ], [ 26.096771809138573, -18.554855902593445 ], [ 26.094591876012139, -18.559749390931191 ], [ 26.093200952401588, -18.565050711497602 ], [ 26.091903495628273, -18.56768158405151 ] ] ] } },
{ "type": "Feature", "properties": { "fid": 57, "RIV_BND_": 2864, "RIV_BND_ID": 1021, "NAME": null, "IMPORTANT": 0 }, "geometry": { "type": "MultiLineString", "coordinates": [ [ [ 25.954187980966765, -18.531363101865065 ], [ 25.952643248752228, -18.5324631860477 ], [ 25.950055842923252, -18.532987129574053 ], [ 25.949206100839163, -18.533656533622811 ], [ 25.947311228627349, -18.535337752291841 ], [ 25.946174154720648, -18.536346496583146 ], [ 25.945144137253632, -18.536922603808431 ], [ 25.943140958321177, -18.536506387670599 ], [ 25.940063148852065, -18.535356170245997 ], [ 25.934884482915045, -18.533960838307987 ], [ 25.933421509476883, -18.533824402462034 ], [ 25.930119851918022, -18.533800602671999 ], [ 25.928470893626834, -18.533745149521351 ], [ 25.926452074778823, -18.533764446136558 ], [ 25.923055524395298, -18.533824575262024 ], [ 25.920837654608551, -18.53427329494933 ], [ 25.918344503357911, -18.534783480870313 ], [ 25.91678136971737, -18.533585050319871 ], [ 25.897154144643277, -18.532157314934032 ], [ 25.891857088614511, -18.534269095866343 ], [ 25.881026884115862, -18.533901529414816 ], [ 25.868869063564102, -18.536925068984093 ], [ 25.861635097443827, -18.537060622594058 ], [ 25.85336289693662, -18.543652275981728 ], [ 25.844688949671976, -18.550229778852763 ], [ 25.835184191002313, -18.557542112274067 ], [ 25.828915905517768, -18.564201039924821 ], [ 25.807626744080398, -18.564234119874651 ] ] ] } },
{ "type": "Feature", "properties": { "fid": 58, "RIV_BND_": 2865, "RIV_BND_ID": 412, "NAME": "Deka", "IMPORTANT": 1 }, "geometry": { "type": "MultiLineString", "coordinates": [ [ [ 26.091903495628273, -18.56768158405151 ], [ 26.074996422486649, -18.568652869567284 ], [ 26.070916627196524, -18.570427996182158 ] ] ] } },
{ "type": "Feature", "properties": { "fid": 59, "RIV_BND_": 2867, "RIV_BND_ID": 5124, "NAME": null, "IMPORTANT": 0 }, "geometry": { "type": "MultiLineString", "coordinates": [ [ [ 25.954187980966765, -18.531363101865065 ], [ 25.954209607297916, -18.531408422061904 ], [ 25.960933448078404, -18.534307361318156 ], [ 25.962898002748418, -18.535518939740779 ], [ 25.968956096710016, -18.534576298004144 ], [ 25.975041594191421, -18.53287053262758 ], [ 25.981017916143863, -18.534216159160501 ], [ 25.990455323561971, -18.539878129958257 ], [ 25.998451605979941, -18.54090875263962 ], [ 26.00239538667962, -18.54294978447647 ], [ 26.00961679564158, -18.543190319510714 ], [ 26.013466163581032, -18.547901330289662 ], [ 26.018893202004858, -18.55342861073283 ], [ 26.032570977946978, -18.564194565471386 ], [ 26.043657572685113, -18.568763191207008 ], [ 26.04891413208453, -18.567791487129281 ], [ 26.051362165854052, -18.566726722570216 ], [ 26.056565193792775, -18.567280704320336 ], [ 26.065659731748386, -18.571400316306377 ], [ 26.070916627196524, -18.570427996182158 ] ] ] } },
{ "type": "Feature", "properties": { "fid": 60, "RIV_BND_": 2921, "RIV_BND_ID": 1279, "NAME": "Deka", "IMPORTANT": 1 }, "geometry": { "type": "MultiLineString", "coordinates": [ [ [ 26.070916627196524, -18.570427996182158 ], [ 26.075784136746076, -18.580518536537603 ], [ 26.074432666554436, -18.584675158639257 ], [ 26.071034152271633, -18.589910020936127 ], [ 26.062057160098291, -18.593814769405615 ], [ 26.056678368915279, -18.598220024903505 ], [ 26.051380122355152, -18.600336232370232 ], [ 26.047177992417065, -18.605543958568116 ], [ 26.044125253696031, -18.612317309291463 ], [ 26.043146929915814, -18.617249805928921 ], [ 26.036134349675379, -18.622363955458173 ], [ 26.034420780474303, -18.625362364912867 ] ] ] } },
{ "type": "Feature", "properties": { "fid": 61, "RIV_BND_": 2924, "RIV_BND_ID": 3678, "NAME": "Deka", "IMPORTANT": 1 }, "geometry": { "type": "MultiLineString", "coordinates": [ [ [ 26.034420780474303, -18.625362364912867 ], [ 26.021494889868965, -18.627224154368953 ], [ 26.009882079315616, -18.626073546668724 ], [ 26.005507766331352, -18.624781914085716 ], [ 25.996262799119901, -18.624855174425598 ], [ 25.995432829128319, -18.625591263100461 ] ] ] } },
{ "type": "Feature", "properties": { "fid": 62, "RIV_BND_": 2930, "RIV_BND_ID": 2253, "NAME": "Deka", "IMPORTANT": 1 }, "geometry": { "type": "MultiLineString", "coordinates": [ [ [ 25.995432829128319, -18.625591263100461 ], [ 25.99144623417256, -18.624694210228373 ], [ 25.981303002623246, -18.627409982187963 ], [ 25.971255344793494, -18.627455091921789 ], [ 25.96647988442335, -18.626149136660178 ], [ 25.95723503200464, -18.626220451098398 ], [ 25.948254244162207, -18.630119111708517 ] ] ] } },
{ "type": "Feature", "properties": { "fid": 63, "RIV_BND_": 2931, "RIV_BND_ID": 4697, "NAME": null, "IMPORTANT": 0 }, "geometry": { "type": "MultiLineString", "coordinates": [ [ [ 25.855596940823656, -18.581533833763089 ], [ 25.860908117217313, -18.590116231929969 ], [ 25.863466353749168, -18.597077205263208 ], [ 25.866952623941941, -18.600632925308066 ], [ 25.878132364801637, -18.602541172285637 ], [ 25.88434542415872, -18.597406153642904 ], [ 25.893173174894216, -18.597706022350369 ], [ 25.898693969962444, -18.600566495186705 ], [ 25.908394635870444, -18.610060502858964 ], [ 25.918580327785769, -18.617279175646456 ], [ 25.932447566236746, -18.622712236046596 ], [ 25.938690439740903, -18.627887388603142 ], [ 25.948254244162207, -18.630119111708517 ] ] ] } },
{ "type": "Feature", "properties": { "fid": 64, "RIV_BND_": 2948, "RIV_BND_ID": 433, "NAME": null, "IMPORTANT": 0 }, "geometry": { "type": "MultiLineString", "coordinates": [ [ [ 26.266826159128065, -18.645541471541744 ], [ 26.263121159640946, -18.648096693481619 ], [ 26.263056182922956, -18.650004450128908 ] ] ] } },
{ "type": "Feature", "properties": { "fid": 65, "RIV_BND_": 2954, "RIV_BND_ID": 890, "NAME": "Deka", "IMPORTANT": 1 }, "geometry": { "type": "MultiLineString", "coordinates": [ [ [ 25.948254244162207, -18.630119111708517 ], [ 25.947784247199792, -18.632012745097587 ], [ 25.941142473191434, -18.637899259485973 ], [ 25.928050753749822, -18.644331437937375 ], [ 25.921226986519059, -18.64410074260929 ], [ 25.908479776325446, -18.640995980418836 ], [ 25.9052133490198, -18.642412751447772 ], [ 25.897767217465667, -18.648270228465122 ], [ 25.887289806788385, -18.649059837355431 ], [ 25.881573458809591, -18.651538486468674 ], [ 25.874404149798291, -18.64976680044008 ], [ 25.87163616399636, -18.648526830402876 ], [ 25.866805833953276, -18.64874396686162 ], [ 25.862293224462004, -18.651263054855324 ], [ 25.859871066934343, -18.651562194242899 ] ] ] } },
{ "type": "Feature", "properties": { "fid": 66, "RIV_BND_": 2955, "RIV_BND_ID": 41, "NAME": null, "IMPORTANT": 0 }, "geometry": { "type": "MultiLineString", "coordinates": [ [ [ 25.796932505212592, -18.592887282299092 ], [ 25.795940857920943, -18.60889105546574 ], [ 25.796659018979582, -18.611206941923637 ], [ 25.807142175692725, -18.621114437942076 ], [ 25.81699187429566, -18.62641737093238 ], [ 25.827313911586646, -18.629826748325584 ], [ 25.832708467186347, -18.636121621178606 ], [ 25.837757883144803, -18.640877106124428 ], [ 25.854031896440141, -18.646398359981948 ], [ 25.859871066934343, -18.651562194242899 ] ] ] } },
{ "type": "Feature", "properties": { "fid": 67, "RIV_BND_": 2976, "RIV_BND_ID": 2403, "NAME": "Deka", "IMPORTANT": 1 }, "geometry": { "type": "MultiLineString", "coordinates": [ [ [ 25.859871066934343, -18.651562194242899 ], [ 25.858541434023007, -18.654953634083473 ], [ 25.854014796373423, -18.657853862706862 ], [ 25.845473857346335, -18.660616585744066 ], [ 25.830996084085868, -18.660884054989914 ], [ 25.821610040875296, -18.664762189059523 ], [ 25.810758560704674, -18.664770764319311 ], [ 25.803407247476649, -18.667954250329313 ], [ 25.794915618181506, -18.668351700984264 ] ] ] } },
{ "type": "Feature", "properties": { "fid": 68, "RIV_BND_": 2982, "RIV_BND_ID": 3850, "NAME": null, "IMPORTANT": 0 }, "geometry": { "type": "MultiLineString", "coordinates": [ [ [ 26.263056182922956, -18.650004450128908 ], [ 26.260464348859305, -18.655269004944824 ], [ 26.253132264692827, -18.658089800008604 ], [ 26.249387592869297, -18.661789342611851 ], [ 26.247663632028331, -18.665171690645298 ], [ 26.243944941552815, -18.668107985179734 ], [ 26.23508444164661, -18.66858714030127 ], [ 26.224097615096174, -18.672434962203969 ], [ 26.218653732665356, -18.678752733977035 ], [ 26.217291407862472, -18.683292236609219 ] ] ] } },
{ "type": "Feature", "properties": { "fid": 69, "RIV_BND_": 2996, "RIV_BND_ID": 5447, "NAME": null, "IMPORTANT": 0 }, "geometry": { "type": "MultiLineString", "coordinates": [ [ [ 26.030939900466496, -18.689408125949249 ], [ 26.032185094209161, -18.688303811499487 ], [ 26.029884378119355, -18.685171989983758 ], [ 26.027421055437035, -18.686617666577948 ], [ 26.028129185668252, -18.689314617682193 ], [ 26.030939900466496, -18.689408125949249 ] ] ] } },
{ "type": "Feature", "properties": { "fid": 70, "RIV_BND_": 3035, "RIV_BND_ID": 3157, "NAME": null, "IMPORTANT": 0 }, "geometry": { "type": "MultiLineString", "coordinates": [ [ [ 26.167164408415584, -18.494132564129959 ], [ 26.170925250933312, -18.501511479724638 ], [ 26.170405571869729, -18.504932174344088 ], [ 26.169537342106505, -18.506813784930923 ], [ 26.168846067296144, -18.515194249176041 ], [ 26.165866075762963, -18.520062935652664 ], [ 26.166180177296336, -18.534205159518841 ], [ 26.164580270088653, -18.54561164492727 ], [ 26.168531670921244, -18.559108070064347 ], [ 26.172037795727519, -18.562277391487015 ], [ 26.179234578461351, -18.563274580549674 ], [ 26.184892339043429, -18.562311974674948 ], [ 26.18767498045915, -18.563165925618552 ], [ 26.189977569533962, -18.566296018093492 ], [ 26.191773544223164, -18.572465354613268 ], [ 26.192938032266305, -18.573648847617562 ], [ 26.191964180174896, -18.578582755367492 ], [ 26.188569096844216, -18.583820237103932 ], [ 26.188477070649377, -18.586490907683039 ], [ 26.18926562081889, -18.588366217448531 ], [ 26.189933913944824, -18.589959799566618 ], [ 26.190485518315967, -18.591942613631286 ], [ 26.191560026272164, -18.593745818244063 ], [ 26.193127157684209, -18.596252708968148 ], [ 26.195113983181848, -18.598576593583445 ], [ 26.196347583696795, -18.601760403395716 ], [ 26.196944719846627, -18.605414976960798 ], [ 26.198185484085059, -18.608402521123356 ], [ 26.20004530395347, -18.611410040087858 ], [ 26.200493796928193, -18.613389538328828 ], [ 26.20011275602911, -18.615440507144488 ], [ 26.199635626329417, -18.617291877733344 ], [ 26.19905142859059, -18.619238047103043 ], [ 26.199203829771619, -18.620815010150231 ], [ 26.199868896448418, -18.622506732458152 ], [ 26.200451143904008, -18.623606246344586 ], [ 26.201856172285812, -18.624830593741052 ], [ 26.202465402106913, -18.625144994799825 ], [ 26.204631455482975, -18.626218529999253 ], [ 26.205973980017141, -18.626779626644112 ], [ 26.207099729667309, -18.629107679015931 ], [ 26.206652240790692, -18.642079676163807 ], [ 26.196594954770188, -18.653977001865226 ], [ 26.19356011328572, -18.66037193872215 ], [ 26.187365336676486, -18.665136566843021 ], [ 26.177971288223237, -18.669415182321124 ], [ 26.175910632752625, -18.670876052003386 ], [ 26.174829502163973, -18.678861812500092 ], [ 26.179021648320177, -18.685491036812241 ], [ 26.191581743540635, -18.694301349832962 ], [ 26.194274335569077, -18.697826148277613 ], [ 26.193286175503676, -18.703141408260294 ], [ 26.185112513158035, -18.718536198040351 ] ] ] } },
{ "type": "Feature", "properties": { "fid": 71, "RIV_BND_": 3045, "RIV_BND_ID": 2649, "NAME": null, "IMPORTANT": 0 }, "geometry": { "type": "MultiLineString", "coordinates": [ [ [ 25.995432829128319, -18.625591263100461 ], [ 25.992486807895677, -18.629311824368447 ], [ 25.990037568899563, -18.630375638341736 ], [ 25.980464559389429, -18.639602754125836 ], [ 25.976565167162374, -18.647491936555451 ], [ 25.974699392037188, -18.65468548802491 ], [ 25.969581273798912, -18.662915478722514 ], [ 25.952517854772289, -18.679145072414098 ], [ 25.949432608212557, -18.68667899293413 ], [ 25.949836575839942, -18.697767497647366 ], [ 25.94443801287094, -18.702550044502242 ], [ 25.939952444313331, -18.70430809360586 ], [ 25.928744304354581, -18.714376963503589 ], [ 25.919724496988998, -18.718899459534828 ], [ 25.912358087854333, -18.722468549300249 ], [ 25.903551454315242, -18.721405839416956 ] ] ] } },
{ "type": "Feature", "properties": { "fid": 72, "RIV_BND_": 3055, "RIV_BND_ID": 1355, "NAME": null, "IMPORTANT": 0 }, "geometry": { "type": "MultiLineString", "coordinates": [ [ [ 26.121767155758331, -18.540779360017268 ], [ 26.122638423415147, -18.550356255716242 ], [ 26.127856958047015, -18.561984955791505 ], [ 26.126814879070235, -18.568825777603081 ], [ 26.125504369405778, -18.571838452343581 ], [ 26.12562626595227, -18.579863097909328 ], [ 26.127125240738557, -18.582967614881412 ], [ 26.13178141192067, -18.587703002998129 ], [ 26.131462047544218, -18.596859102382897 ], [ 26.132934443195428, -18.600726563702349 ], [ 26.140682821413005, -18.609000253883536 ], [ 26.140496748365365, -18.614341370065819 ], [ 26.139909323281159, -18.619669317151061 ], [ 26.149198148318419, -18.629902786359729 ], [ 26.150551446175687, -18.637203777034959 ], [ 26.150687300802293, -18.644847033430441 ], [ 26.150152894001934, -18.648649023710515 ], [ 26.146247068743214, -18.656924287980598 ], [ 26.144335393522177, -18.665646489078181 ], [ 26.143212851031734, -18.674776387763043 ], [ 26.139425821683112, -18.679617863308977 ], [ 26.134447123327273, -18.684038330535039 ], [ 26.134220415467034, -18.690523836728467 ], [ 26.135265112817756, -18.69514125252962 ], [ 26.128332178736393, -18.709427849947108 ], [ 26.122990737212671, -18.712690202165106 ], [ 26.120166097816185, -18.712979491424225 ], [ 26.1147574534942, -18.718149030960067 ], [ 26.114248604492332, -18.732645692912822 ], [ 26.11463658845819, -18.733040369070803 ] ] ] } },
{ "type": "Feature", "properties": { "fid": 73, "RIV_BND_": 3068, "RIV_BND_ID": 190, "NAME": null, "IMPORTANT": 0 }, "geometry": { "type": "MultiLineString", "coordinates": [ [ [ 25.855166623732412, -18.73617637586127 ], [ 25.853962110505108, -18.736135109380907 ], [ 25.852024118340172, -18.734159405611486 ], [ 25.852136006792982, -18.731108308933727 ], [ 25.853784361141155, -18.730019146356561 ], [ 25.855764174357446, -18.73085066797676 ], [ 25.856441500754269, -18.734310665212401 ], [ 25.855166623732412, -18.73617637586127 ] ] ] } },
{ "type": "Feature", "properties": { "fid": 74, "RIV_BND_": 3076, "RIV_BND_ID": 3145, "NAME": null, "IMPORTANT": 0 }, "geometry": { "type": "MultiLineString", "coordinates": [ [ [ 26.081891419350846, -18.635335177451548 ], [ 26.084259789381775, -18.636558986072998 ], [ 26.084138659261118, -18.639992348017973 ], [ 26.081997237004522, -18.643741006089279 ], [ 26.081019660138889, -18.648673820827224 ], [ 26.076415453675192, -18.653868880570247 ], [ 26.075731359079576, -18.66186666285309 ], [ 26.076507514322177, -18.66265615782028 ], [ 26.076238195501968, -18.670285717153789 ], [ 26.075394899399676, -18.671403668778602 ], [ 26.075058322286413, -18.680940615235485 ], [ 26.065512973557958, -18.689409299076694 ], [ 26.057572835838073, -18.69793058839285 ], [ 26.056260030069669, -18.7009424246775 ], [ 26.054956516991897, -18.715030178869853 ], [ 26.053548688151889, -18.72071224600538 ], [ 26.055340420212005, -18.726882333519995 ], [ 26.059916631151861, -18.733908550698473 ], [ 26.060061543524796, -18.741169779148809 ], [ 26.061546417033192, -18.744656247924624 ], [ 26.065856639714752, -18.747854372848394 ], [ 26.072604283522733, -18.750369219944655 ], [ 26.074170751294144, -18.751566801798727 ] ] ] } },
{ "type": "Feature", "properties": { "fid": 75, "RIV_BND_": 3082, "RIV_BND_ID": 5009, "NAME": null, "IMPORTANT": 0 }, "geometry": { "type": "MultiLineString", "coordinates": [ [ [ 26.081891419350846, -18.635335177451548 ], [ 26.07846489345857, -18.641332978768247 ], [ 26.069752042171061, -18.649065764805801 ], [ 26.061186749618688, -18.652601827779883 ], [ 26.052098031141213, -18.659557395085443 ], [ 26.047438434087436, -18.666277451734842 ], [ 26.040450887431149, -18.670628562629123 ], [ 26.03870921237127, -18.674389846881716 ], [ 26.037288041723524, -18.680453275313109 ], [ 26.03427409828592, -18.686081795347427 ], [ 26.032573060138525, -18.688698624096116 ], [ 26.032437320096289, -18.692513247695071 ], [ 26.027789782484515, -18.698851092066501 ], [ 26.018948940111002, -18.710013851877818 ], [ 26.01805055229643, -18.712657257062187 ], [ 26.01265297191928, -18.717441969397658 ], [ 26.009800967762274, -18.71849245822251 ], [ 26.005247098614117, -18.722159374141683 ], [ 26.002591983071152, -18.728944880696005 ], [ 26.002250730870713, -18.738481080149079 ], [ 26.001644083649705, -18.744189351713871 ], [ 25.998198597107148, -18.750566377528674 ], [ 25.997203989859468, -18.755879715971524 ] ] ] } },
{ "type": "Feature", "properties": { "fid": 76, "RIV_BND_": 2933, "RIV_BND_ID": 4757, "NAME": null, "IMPORTANT": 0 }, "geometry": { "type": "MultiLineString", "coordinates": [ [ [ 26.091903495628273, -18.56768158405151 ], [ 26.094217395739967, -18.570431155339861 ], [ 26.092491758093086, -18.573811812459375 ], [ 26.086311739322209, -18.578191735091167 ], [ 26.086164353691803, -18.582388090892966 ], [ 26.08994972067012, -18.589005392095167 ], [ 26.088504590239992, -18.595832563161153 ], [ 26.093012525083982, -18.604765176750401 ], [ 26.092878766509518, -18.60858009195865 ], [ 26.081318424817319, -18.617365763454583 ], [ 26.077825063664385, -18.625271028746337 ], [ 26.078439764701862, -18.630638254235453 ], [ 26.081891419350846, -18.635335177451548 ] ] ] } },
{ "type": "Feature", "properties": { "fid": 77, "RIV_BND_": 3151, "RIV_BND_ID": 1792, "NAME": null, "IMPORTANT": 0 }, "geometry": { "type": "MultiLineString", "coordinates": [ [ [ 26.034420780474303, -18.625362364912867 ], [ 26.034325857106904, -18.628032648017665 ], [ 26.031020150052889, -18.630596227903702 ], [ 26.023284945778098, -18.633394313906646 ], [ 26.020366535448616, -18.636352475030368 ], [ 26.018462387039687, -18.644691126635127 ], [ 26.01626503804145, -18.649964654585855 ], [ 26.01480266280954, -18.657172211013254 ], [ 26.011918117751446, -18.670442823497396 ], [ 25.996048158640694, -18.687098451959351 ], [ 25.992562718069482, -18.694619891454479 ], [ 25.988452078032431, -18.697155559047669 ], [ 25.987968258794528, -18.699430772558731 ], [ 25.984190497532104, -18.703886966346221 ], [ 25.979098047706064, -18.711354157031259 ], [ 25.972964895215057, -18.714203428749361 ], [ 25.963148688692101, -18.718838055445506 ], [ 25.956655008750296, -18.720528912930671 ], [ 25.952889630489839, -18.724602864306931 ], [ 25.950785103559443, -18.727205175612596 ], [ 25.938129115106413, -18.7325063094139 ], [ 25.924891100488423, -18.742751320239844 ], [ 25.9186175683163, -18.749412655305335 ], [ 25.912121914656922, -18.762176285573776 ], [ 25.899822321029944, -18.768632130985736 ], [ 25.895223253509172, -18.773440007987549 ], [ 25.89392085900305, -18.776068809295513 ], [ 25.894071923236051, -18.782947732189776 ], [ 25.894833764571313, -18.784119305629222 ], [ 25.894680708164881, -18.788314745050279 ], [ 25.889539781685603, -18.796922698027597 ], [ 25.8885413508963, -18.802234908590272 ], [ 25.891574086513597, -18.807302685213621 ] ] ] } },
{ "type": "Feature", "properties": { "fid": 78, "RIV_BND_": 3181, "RIV_BND_ID": 4025, "NAME": null, "IMPORTANT": 0 }, "geometry": { "type": "MultiLineString", "coordinates": [ [ [ 26.210778858866373, -18.839587061024375 ], [ 26.210927065959417, -18.839582021171569 ], [ 26.211074581323338, -18.839567191355261 ], [ 26.211220550483741, -18.839542631015103 ], [ 26.211364213027277, -18.83950844615234 ], [ 26.211505375887242, -18.839464841567892 ], [ 26.211642613668243, -18.839411994577489 ], [ 26.211775732263749, -18.839350173180566 ], [ 26.211904062644734, -18.839279692445299 ], [ 26.212026840830223, -18.83920087504973 ], [ 26.212143586068162, -18.839114120155038 ], [ 26.212253627849243, -18.839019833112182 ], [ 26.212356294326685, -18.838918500523491 ], [ 26.212451483089524, -18.838810581397944 ], [ 26.212538426151919, -18.838696642169715 ], [ 26.212616546038827, -18.838577197946165 ], [ 26.212685832921181, -18.838452844572565 ], [ 26.212746086765605, -18.838324211166082 ], [ 26.212796539156091, -18.838191891244751 ], [ 26.212836989470745, -18.838056550035951 ], [ 26.212867711415463, -18.837918841806061 ], [ 26.212887840735693, -18.83777942184604 ], [ 26.212898124273632, -18.837639005681762 ], [ 26.212897792733319, -18.837498240992911 ], [ 26.212887024276462, -18.837357825759618 ], [ 26.212866281628472, -18.837218453189781 ], [ 26.212834984808403, -18.837080791851854 ], [ 26.212793691643448, -18.836945518313652 ], [ 26.212742865600404, -18.836813280639053 ], [ 26.212682116454335, -18.836684741201612 ], [ 26.212612477091682, -18.836560520465767 ], [ 26.212533558475247, -18.83644120857976 ], [ 26.212446204173336, -18.836327405111842 ], [ 26.212350500208586, -18.836219644109285 ], [ 26.212247575298928, -18.836118484258069 ], [ 26.212137137285207, -18.836024390732476 ], [ 26.212020032103467, -18.83593781865466 ], [ 26.21189682157048, -18.835859200833433 ], [ 26.211768542115472, -18.835788941064529 ], [ 26.211634999201053, -18.835727334413125 ], [ 26.211497419900248, -18.835674724321304 ], [ 26.211356274489791, -18.835631343570601 ], [ 26.211212223149595, -18.835597409727598 ], [ 26.211066211363139, -18.835573090453376 ], [ 26.210918900945348, -18.835558504013047 ], [ 26.210770480584831, -18.835553707406937 ], [ 26.210622182408137, -18.835558737145838 ], [ 26.210474955024242, -18.835573571317376 ], [ 26.210329084011743, -18.835598141959469 ], [ 26.210185140703661, -18.83563230412215 ], [ 26.2100441703043, -18.835675928987108 ], [ 26.209906745939477, -18.835728763276176 ], [ 26.209773819505408, -18.835790586478506 ], [ 26.209645585961507, -18.835861076443663 ], [ 26.209522714886486, -18.835939882014141 ], [ 26.20940606576897, -18.836026636820268 ], [ 26.209296024976766, -18.83612091322399 ], [ 26.209193263741302, -18.836222260767364 ], [ 26.20909816993052, -18.836330161536644 ], [ 26.209011225922172, -18.836444117094992 ], [ 26.208932820637006, -18.836563546335299 ], [ 26.208863437356513, -18.836687896654652 ], [ 26.208803560560263, -18.836816543228323 ], [ 26.208753105905135, -18.83694885270431 ], [ 26.208712273463938, -18.837084195992983 ], [ 26.208681927690904, -18.837221908813373 ], [ 26.208661510974395, -18.837361305565707 ], [ 26.208651508107387, -18.837501743365017 ], [ 26.20865183610119, -18.837642507603412 ], [ 26.208662506324846, -18.837782912175793 ], [ 26.20868334023918, -18.837922286188288 ], [ 26.208714538674062, -18.838059955402642 ], [ 26.208755544167307, -18.838195225180925 ], [ 26.208806746560331, -18.838327460234819 ], [ 26.208867113763745, -18.838455994928022 ], [ 26.208937129823511, -18.838580231501027 ], [ 26.209015762046647, -18.838699540426006 ], [ 26.209103304415549, -18.838813348181372 ], [ 26.209198723035254, -18.838921097459494 ], [ 26.209302026569279, -18.839022264639858 ], [ 26.209412464336967, -18.839116368899173 ], [ 26.20952957007022, -18.839202933677228 ], [ 26.209652402423007, -18.839281538503656 ], [ 26.209781062312555, -18.839351814649149 ], [ 26.209914607041906, -18.839413422893866 ], [ 26.210052093611267, -18.839466042075298 ], [ 26.210193336569912, -18.839509416564141 ], [ 26.210337106255302, -18.839543356355151 ], [ 26.21048312121162, -18.839567676623187 ], [ 26.210630719414198, -18.839582268111876 ], [ 26.210778858866373, -18.839587061024375 ] ] ] } },
{ "type": "Feature", "properties": { "fid": 79, "RIV_BND_": 3191, "RIV_BND_ID": 5770, "NAME": null, "IMPORTANT": 0 }, "geometry": { "type": "MultiLineString", "coordinates": [ [ [ 25.97576585617384, -18.842827130405713 ], [ 25.975959203818295, -18.842820809986062 ], [ 25.976151547745715, -18.842801715795137 ], [ 25.976341748513679, -18.842769937662258 ], [ 25.976529234439113, -18.842725628815312 ], [ 25.976713053394732, -18.84266900853315 ], [ 25.976892347235705, -18.84260034276744 ], [ 25.977065877213612, -18.842519972548697 ], [ 25.977233162080779, -18.842428296356523 ], [ 25.977393530048449, -18.842325763749098 ], [ 25.977545834585666, -18.84221286172048 ], [ 25.977689307350293, -18.84209013758041 ], [ 25.97782355818849, -18.841958198951929 ], [ 25.977947532792239, -18.841817678789827 ], [ 25.978061313344, -18.841669282673095 ], [ 25.978163370319482, -18.841513708071453 ], [ 25.978254258721357, -18.841351731439378 ], [ 25.978332542535277, -18.841184123993539 ], [ 25.978398680856714, -18.841011723828647 ], [ 25.978451616026788, -18.840835353444636 ], [ 25.978491901290891, -18.840655888574627 ], [ 25.97851857314172, -18.840474189357675 ], [ 25.978531900308603, -18.840291135932336 ], [ 25.978531961140337, -18.840107650486619 ], [ 25.978518361022687, -18.839924593357882 ], [ 25.978491368203752, -18.839742871753785 ], [ 25.978450966894101, -18.839563370211579 ], [ 25.978397615720255, -18.839386953880446 ], [ 25.978331299050744, -18.839214498265736 ], [ 25.978252571100139, -18.839046824920036 ], [ 25.978161511824407, -18.83888476575218 ], [ 25.978059150166768, -18.838729104873444 ], [ 25.977945377631784, -18.838580607929742 ], [ 25.977821034709397, -18.838439992770287 ], [ 25.977686488599609, -18.838307933445972 ], [ 25.977542960213515, -18.838185081752435 ], [ 25.97739062813509, -18.838072054506451 ], [ 25.97723005202414, -18.837969366368746 ], [ 25.977062834173541, -18.837877548929782 ], [ 25.976888872023437, -18.83779703387194 ], [ 25.976709675491524, -18.837728215861837 ], [ 25.976525807281838, -18.837671438073688 ], [ 25.97633811606584, -18.837626958042321 ], [ 25.976147924921246, -18.837595013925359 ], [ 25.975955705309897, -18.837575748795597 ], [ 25.975762308801784, -18.837569257731111 ], [ 25.975569346539316, -18.837575575924919 ], [ 25.975377008695254, -18.837594670348565 ], [ 25.975186813889461, -18.837626448301862 ], [ 25.974999049182994, -18.83767076096612 ], [ 25.974815235624447, -18.837727380262326 ], [ 25.974636231093005, -18.837796049283916 ], [ 25.974462610895323, -18.837876407222296 ], [ 25.974295045451097, -18.837968076760028 ], [ 25.974134964923085, -18.83807061167423 ], [ 25.97398275732796, -18.838183521722296 ], [ 25.973839191285698, -18.838306241593074 ], [ 25.973705035908683, -18.83843817890012 ], [ 25.973580681983535, -18.838578689965967 ], [ 25.973467279720854, -18.838727080260515 ], [ 25.973364936536058, -18.838882647330259 ], [ 25.97327432969746, -18.839044634786479 ], [ 25.973195758308517, -18.839212225920857 ], [ 25.973129805512649, -18.83938462669941 ], [ 25.973076581339026, -18.839560990251893 ], [ 25.973036670075444, -18.839740459360854 ], [ 25.973009708153288, -18.839922161394217 ], [ 25.97299628051578, -18.840105203026976 ], [ 25.97299659264133, -18.840288702818217 ], [ 25.973010186666855, -18.840471759509029 ], [ 25.973037173447704, -18.840653481085546 ], [ 25.973077473942539, -18.840832990499926 ], [ 25.97313091448391, -18.841009400134109 ], [ 25.973197131180857, -18.841181855387795 ], [ 25.973275949227212, -18.841349531818043 ], [ 25.973366625252346, -18.841511586705735 ], [ 25.973469362780545, -18.841667246896993 ], [ 25.97358313245029, -18.841815755303085 ], [ 25.973707378505331, -18.841956380591657 ], [ 25.973841639322892, -18.842088429073623 ], [ 25.973985546766659, -18.8422112808063 ], [ 25.974137879281461, -18.842324320029238 ], [ 25.974298077684647, -18.84242700495037 ], [ 25.974465582301605, -18.842518820855211 ], [ 25.974639262944255, -18.842599343069743 ], [ 25.974818842508554, -18.842668160788008 ], [ 25.975002714912506, -18.842724949946888 ], [ 25.975190031886008, -18.842769425889454 ], [ 25.97538060753828, -18.842801377924651 ], [ 25.975572832860411, -18.842820644465068 ], [ 25.97576585617384, -18.842827130405713 ] ] ] } },
{ "type": "Feature", "properties": { "fid": 80, "RIV_BND_": 3199, "RIV_BND_ID": 1274, "NAME": null, "IMPORTANT": 0 }, "geometry": { "type": "MultiLineString", "coordinates": [ [ [ 26.038287930262339, -18.848632723704341 ], [ 26.038522469170221, -18.848624989727011 ], [ 26.038755478666339, -18.848601746548766 ], [ 26.038986387211196, -18.848563138564597 ], [ 26.039213769778641, -18.848509314650695 ], [ 26.039436577839645, -18.848440583171786 ], [ 26.039653763186301, -18.84835723444538 ], [ 26.039864369878735, -18.848259704724278 ], [ 26.040067251756927, -18.848148463355958 ], [ 26.040261735701854, -18.848024041390111 ], [ 26.040446104098542, -18.847887052585932 ], [ 26.04062025040902, -18.847738163416476 ], [ 26.040782834324855, -18.847578101995783 ], [ 26.04093336824171, -18.847407637087382 ], [ 26.041071078593156, -18.847227623197632 ], [ 26.041194907276868, -18.84703891933906 ], [ 26.041305027759641, -18.846842449249877 ], [ 26.041400190784444, -18.846639159192168 ], [ 26.041479999636174, -18.846430045097271 ], [ 26.041544531111821, -18.846216137508325 ], [ 26.04159281894561, -18.845998468442282 ], [ 26.041625413450788, -18.845778103050293 ], [ 26.041641442536811, -18.845556110955872 ], [ 26.041641171663422, -18.845333579861293 ], [ 26.041624582063918, -18.845111583917543 ], [ 26.041591749609406, -18.844891207804597 ], [ 26.041542844965377, -18.84467353770485 ], [ 26.041477849838788, -18.844459620677021 ], [ 26.041397599402398, -18.844250499283966 ], [ 26.041301886240525, -18.844047190483003 ], [ 26.041191546305377, -18.84385069169717 ], [ 26.041067226584637, -18.843661961227021 ], [ 26.040929290466153, -18.843481907717305 ], [ 26.040778480822478, -18.843311427785157 ], [ 26.040615352352688, -18.843151333794072 ], [ 26.040441123936208, -18.843002412550696 ], [ 26.0402562568819, -18.8428653936719 ], [ 26.040061687882375, -18.842740933072783 ], [ 26.039858543839962, -18.842629653578747 ], [ 26.039647763800719, -18.842532075711908 ], [ 26.03943028743468, -18.842448683890815 ], [ 26.039207150304861, -18.842379900859601 ], [ 26.038979674404779, -18.84232603654657 ], [ 26.038748613436081, -18.842287364757834 ], [ 26.038515575818018, -18.842264082611965 ], [ 26.038281318251371, -18.842256292422963 ], [ 26.038047072509013, -18.842264040865764 ], [ 26.037814072104592, -18.842287275331262 ], [ 26.037583172171061, -18.842325892050113 ], [ 26.037355798344542, -18.842379697019947 ], [ 26.037132713503841, -18.842448440551731 ], [ 26.036915535572312, -18.842531778224977 ], [ 26.036704935339127, -18.842629305404326 ], [ 26.036502058834081, -18.842740552792847 ], [ 26.036307863934745, -18.84286496684307 ], [ 26.03612321452653, -18.843001947370375 ], [ 26.035949070407217, -18.843150832518454 ], [ 26.035786487446703, -18.843310889733186 ], [ 26.035635953398266, -18.843481341299896 ], [ 26.035498241357335, -18.843661359875686 ], [ 26.035374314969157, -18.843850066980632 ], [ 26.035264569761207, -18.84404653897084 ], [ 26.035169401745755, -18.844249825122233 ], [ 26.035089302689482, -18.844458922061332 ], [ 26.035025048750569, -18.844672830943328 ], [ 26.034976469104201, -18.844890483662088 ], [ 26.03494415081002, -18.84511085126838 ], [ 26.034927828734428, -18.845332837059932 ], [ 26.034928090581225, -18.845555375975184 ], [ 26.034944955607216, -18.845777375834633 ], [ 26.034977494961392, -18.845997738378248 ], [ 26.035026675214962, -18.846215422625555 ], [ 26.035091377605664, -18.84642934533997 ], [ 26.035171904976959, -18.846638463986817 ], [ 26.035267232081829, -18.846841769042388 ], [ 26.035377566007316, -18.847038270611712 ], [ 26.035501975494544, -18.84722700580593 ], [ 26.035640192211208, -18.847407058409388 ], [ 26.03579099906478, -18.847577542235328 ], [ 26.035953841413058, -18.847737644850202 ], [ 26.03612835403823, -18.847886565864691 ], [ 26.0363132218482, -18.848023598106359 ], [ 26.036507508606793, -18.848148058495852 ], [ 26.036710940215496, -18.848259355758763 ], [ 26.036921724872339, -18.848356928626551 ], [ 26.037139206737056, -18.848440324212035 ], [ 26.037361970954411, -18.84850911366085 ], [ 26.037589549042231, -18.848562973478764 ], [ 26.037820617915681, -18.848601647828975 ], [ 26.038053663939287, -18.848624932020801 ], [ 26.038287930262339, -18.848632723704341 ] ] ] } },
{ "type": "Feature", "properties": { "fid": 81, "RIV_BND_": 2947, "RIV_BND_ID": 1176, "NAME": null, "IMPORTANT": 0 }, "geometry": { "type": "MultiLineString", "coordinates": [ [ [ 26.266826159128065, -18.645541471541744 ], [ 26.271190843318532, -18.647208865357491 ], [ 26.271540409195584, -18.648747892311022 ], [ 26.270296673249881, -18.649854052957629 ], [ 26.263056182922956, -18.650004450128908 ] ] ] } },
{ "type": "Feature", "properties": { "fid": 82, "RIV_BND_": 3231, "RIV_BND_ID": 1063, "NAME": null, "IMPORTANT": 0 }, "geometry": { "type": "MultiLineString", "coordinates": [ [ [ 25.961290240561102, -18.8899828374287 ], [ 25.961357212022875, -18.889982090433062 ], [ 25.961424314116559, -18.889979361116257 ], [ 25.961491073066433, -18.88997462547599 ], [ 25.961557583373814, -18.88996790221216 ], [ 25.96162412949257, -18.889959195075292 ], [ 25.96169004738482, -18.889948512161915 ], [ 25.96175581096821, -18.889935869350349 ], [ 25.9618209460271, -18.889921267008923 ], [ 25.961885926120797, -18.88990474087214 ], [ 25.961949992772997, -18.889886276727733 ], [ 25.962013429753533, -18.889865916234285 ], [ 25.962076047124153, -18.889843673439376 ], [ 25.962138129013201, -18.889819570144724 ], [ 25.962199390343468, -18.889793636898609 ], [ 25.962259736136861, -18.889765881176604 ], [ 25.962318975966905, -18.889736344104005 ], [ 25.962377299148979, -18.889705045931759 ], [ 25.962434515256845, -18.889672027785291 ], [ 25.962490623637549, -18.889637325768266 ], [ 25.962545529167077, -18.889600955479825 ], [ 25.962599230899556, -18.88956296927002 ], [ 25.962651822995582, -18.889523404793049 ], [ 25.962702925745479, -18.889482281119918 ], [ 25.962752632821577, -18.889439662982184 ], [ 25.962800848807547, -18.889395582225617 ], [ 25.962847573035226, -18.889350075856761 ], [ 25.96289289920988, -18.889303206801923 ], [ 25.962936732045911, -18.889254999686301 ], [ 25.962978785850144, -18.889205519358065 ], [ 25.963019154768144, -18.889154804374247 ], [ 25.963057743058997, -18.88910290463226 ], [ 25.963094834184929, -18.889049878938234 ], [ 25.963129858177734, -18.88899577846427 ], [ 25.963163193638582, -18.888940645515227 ], [ 25.963194744485222, -18.888884548942578 ], [ 25.96322450975784, -18.888827541999056 ], [ 25.963252204090921, -18.888769671481917 ], [ 25.963278205759991, -18.888710997747012 ], [ 25.963302039432389, -18.888651583445359 ], [ 25.963323893790839, -18.888591484027319 ], [ 25.963343672900809, -18.888530760221236 ], [ 25.963361660257622, -18.888469469027321 ], [ 25.963377570155025, -18.888407676196806 ], [ 25.963391211992864, -18.888345432784778 ], [ 25.963402963769834, -18.888282814490079 ], [ 25.963412729730994, -18.888219872112519 ], [ 25.963420413779613, -18.888156675405842 ], [ 25.963425635544709, -18.888093280448171 ], [ 25.963429152600153, -18.888029751086435 ], [ 25.963430299974959, -18.887966147774396 ], [ 25.963429360985344, -18.887902537439803 ], [ 25.963426429355124, -18.88783898210518 ], [ 25.963421314175761, -18.88777554997402 ], [ 25.963414204276425, -18.887712288372366 ], [ 25.963404908618507, -18.887649272724143 ], [ 25.963393615705399, -18.887586568406721 ], [ 25.963380229782899, -18.88752422621922 ], [ 25.963364749729958, -18.887462308438923 ], [ 25.963347458861605, -18.887400881993003 ], [ 25.963327787054062, -18.88734000707937 ], [ 25.963306397212229, -18.887279737870866 ], [ 25.963282813975656, -18.887220138822933 ], [ 25.963257226026073, -18.887161265384211 ], [ 25.963229821882042, -18.887103182028952 ], [ 25.963200600421828, -18.887045951033997 ], [ 25.963169371404803, -18.886989603596394 ], [ 25.963136228195381, -18.88693422159422 ], [ 25.96310135963709, -18.886879851450153 ], [ 25.963065049352217, -18.88682654294222 ], [ 25.963026537757468, -18.886774344141237 ], [ 25.962986297951954, -18.886723316048272 ], [ 25.962944803050306, -18.88667351876202 ], [ 25.962901199081287, -18.886624975335884 ], [ 25.962856433233355, -18.886577752716619 ], [ 25.9628098408817, -18.886531892401269 ], [ 25.962761705940441, -18.886487427921438 ], [ 25.962712406434413, -18.886444433169604 ], [ 25.96266156277586, -18.886402920897861 ], [ 25.962609268815559, -18.886362945906839 ], [ 25.962555713703921, -18.886324537470429 ], [ 25.962501275741484, -18.886287754137829 ], [ 25.962445290759714, -18.886252612132928 ], [ 25.962388042557073, -18.886219151305536 ], [ 25.962330004570415, -18.88618741370404 ], [ 25.962270986834142, -18.886157415180676 ], [ 25.962210704131788, -18.886129194406404 ], [ 25.962149819668529, -18.886102788407669 ], [ 25.962088048830211, -18.886078202460439 ], [ 25.962025296185338, -18.886055469310779 ], [ 25.961961940488489, -18.886034622236807 ], [ 25.961897981591367, -18.886015669360795 ], [ 25.961833419019822, -18.885998636856407 ], [ 25.961768157765462, -18.885983534002921 ], [ 25.961702576793858, -18.885970382345768 ], [ 25.961636391490511, -18.885959187160406 ], [ 25.961570170573204, -18.885949965873571 ], [ 25.961503629280667, -18.885942731883961 ], [ 25.961436767757288, -18.885937477067728 ], [ 25.961369870140729, -18.885934222323069 ], [ 25.961302936412327, -18.885932968552183 ], [ 25.961235871905288, -18.885933706080614 ], [ 25.961168866108991, -18.885936445230421 ], [ 25.961102108952606, -18.885941171954428 ], [ 25.96103531583773, -18.885947890625239 ], [ 25.960969055774722, -18.885956602425708 ], [ 25.960903044670264, -18.885967283748823 ], [ 25.960837377463385, -18.885979928925138 ], [ 25.96077214915827, -18.885994528674992 ], [ 25.960707265381533, -18.886011057077948 ], [ 25.96064320021868, -18.886029520085174 ], [ 25.96057966985363, -18.886049878745744 ], [ 25.960517053838057, -18.886072122116328 ], [ 25.960454973267939, -18.88609622503829 ], [ 25.960393807841811, -18.886122168445439 ], [ 25.960333368587548, -18.886149913132915 ], [ 25.960274224679466, -18.886179451260944 ], [ 25.960215807722061, -18.886210747347302 ], [ 25.960158592584108, -18.886243764021529 ], [ 25.96010257988355, -18.886278466986919 ], [ 25.960047390700513, -18.886314831986791 ], [ 25.959993689657075, -18.886352817533929 ], [ 25.959941382430113, -18.886392395000776 ], [ 25.959890280341753, -18.886433508936168 ], [ 25.959840573649267, -18.886476127244208 ], [ 25.959792357978269, -18.886520206349193 ], [ 25.959745633947744, -18.886565711954706 ], [ 25.959700307707795, -18.886612589258526 ], [ 25.959656475014931, -18.886660787464503 ], [ 25.95961432630676, -18.886710264548906 ], [ 25.959574051988643, -18.886760980293335 ], [ 25.959535463383759, -18.886812879246403 ], [ 25.959498371847825, -18.886865904151431 ], [ 25.959463252530632, -18.886920002296797 ], [ 25.959429632027881, -18.886975129821433 ], [ 25.959398175292165, -18.887031227189592 ], [ 25.959368693647306, -18.887088238949687 ], [ 25.9593409036381, -18.887146106292821 ], [ 25.959314995818055, -18.887204780877529 ], [ 25.959291066288095, -18.887264192953953 ], [ 25.959269210807026, -18.887324291726216 ], [ 25.959249146050215, -18.887385011164504 ], [ 25.959231441883958, -18.887446305525398 ], [ 25.959215530662824, -18.887508097804801 ], [ 25.959201697818379, -18.887570337603051 ], [ 25.959190134215412, -18.887632959429986 ], [ 25.959180461603456, -18.887695902021228 ], [ 25.959172776035491, -18.887759098334367 ], [ 25.959167457902637, -18.887822491398644 ], [ 25.95916393926516, -18.887886020455529 ], [ 25.959162790285024, -18.887949623515308 ], [ 25.959163727653898, -18.888013233644852 ], [ 25.959166752466547, -18.888076790372356 ], [ 25.959171486602067, -18.888140225212254 ], [ 25.959178974267605, -18.888203484838129 ], [ 25.95918817349451, -18.888266498924835 ], [ 25.959199559617538, -18.888329204832917 ], [ 25.959212943813661, -18.888391555232104 ], [ 25.959228422478994, -18.888453464125398 ], [ 25.959245711814866, -18.888514891655952 ], [ 25.959265287336098, -18.888575765255695 ], [ 25.959286770578313, -18.888636035392448 ], [ 25.959310257627713, -18.888695633217623 ], [ 25.959335844260806, -18.888754507031329 ], [ 25.959363247150947, -18.888812590802068 ], [ 25.959392467261864, -18.888869831277695 ], [ 25.959423790141599, -18.888926171739207 ], [ 25.959456837503652, -18.888981552725955 ], [ 25.959491420506776, -18.889035927809825 ], [ 25.959528109316103, -18.889089234999481 ], [ 25.959566620131067, -18.889141434437615 ], [ 25.959606574810671, -18.88919245854056 ], [ 25.959648353405601, -18.889242269289607 ], [ 25.959691957025541, -18.889290805308956 ], [ 25.959736722470822, -18.889338028656748 ], [ 25.959783314377177, -18.889383897846677 ], [ 25.959831449268574, -18.889428354970196 ], [ 25.959880748529567, -18.889471358618351 ], [ 25.959931497544396, -18.889512861096829 ], [ 25.959983886265093, -18.889552847456756 ], [ 25.960037157312733, -18.889591243004872 ], [ 25.960091880021167, -18.889628031779218 ], [ 25.96014786541615, -18.889663174572132 ], [ 25.960205019303512, -18.889696635532992 ], [ 25.960263152561723, -18.889728383577566 ], [ 25.960322171142856, -18.889758374732306 ], [ 25.960382454640623, -18.889786596248911 ], [ 25.960443339834729, -18.88981301109003 ], [ 25.960505111798916, -18.889837588709511 ], [ 25.96056777067848, -18.889860320983114 ], [ 25.960631127481228, -18.889881169606422 ], [ 25.960695087571576, -18.88990012309868 ], [ 25.960759746233624, -18.889917156836013 ], [ 25.960824913985775, -18.889932259591372 ], [ 25.960890496175779, -18.889945420786827 ], [ 25.960956398477254, -18.889956611793192 ], [ 25.961022905474557, -18.889965829140721 ], [ 25.961089448139195, -18.889973071643656 ], [ 25.961156406178361, -18.889978320234867 ], [ 25.961223305392874, -18.889981574377842 ], [ 25.961290240561102, -18.8899828374287 ] ] ] } },
{ "type": "Feature", "properties": { "fid": 83, "RIV_BND_": 3393, "RIV_BND_ID": 1514, "NAME": null, "IMPORTANT": 0 }, "geometry": { "type": "MultiLineString", "coordinates": [ [ [ 25.968356296589533, -19.07060724680111 ], [ 25.968423340754335, -19.070606517252422 ], [ 25.968490421383777, -19.070603784001058 ], [ 25.968557253562576, -19.070599051387035 ], [ 25.968624121708395, -19.070592342146558 ], [ 25.968690456485898, -19.070583637883697 ], [ 25.968756827061338, -19.070572966019615 ], [ 25.968822378858139, -19.070560330550794 ], [ 25.96888787103925, -19.070545752995816 ], [ 25.968952544437045, -19.070529211836675 ], [ 25.969016682812534, -19.07051076591193 ], [ 25.969080286163489, -19.070490415221812 ], [ 25.969143259243175, -19.07046817625638 ], [ 25.969205126647672, -19.070444086336938 ], [ 25.969266458036209, -19.070418145806929 ], [ 25.969326872757044, -19.07039040257488 ], [ 25.969386180647778, -19.070360871570045 ], [ 25.969444571046427, -19.070329582992567 ], [ 25.969501853298269, -19.070296578848613 ], [ 25.969558217069874, -19.070261871287016 ], [ 25.969613186630188, -19.070225515681756 ], [ 25.969667046397969, -19.070187534768497 ], [ 25.969719320971031, -19.070147965870593 ], [ 25.969770579023905, -19.070106863483652 ], [ 25.969820250567164, -19.070064245318921 ], [ 25.96986852444725, -19.070020168653233 ], [ 25.969915684590767, -19.069974683298568 ], [ 25.969960686429388, -19.069927799161924 ], [ 25.970004667641078, -19.06987960718088 ], [ 25.970046773325826, -19.069830129410384 ], [ 25.970087192494955, -19.069779414101486 ], [ 25.970125734003943, -19.069727530338369 ], [ 25.970162967019942, -19.069674505538568 ], [ 25.970198035823881, -19.069620406885939 ], [ 25.97023169892217, -19.069565291996152 ], [ 25.970263291248731, -19.0695091860471 ], [ 25.970292811163446, -19.069452179295997 ], [ 25.970320542758138, -19.069394312528559 ], [ 25.970346484885074, -19.069335648924973 ], [ 25.970370446893721, -19.069276230492786 ], [ 25.970392332392919, -19.069216136902678 ], [ 25.97041242531041, -19.069155417965586 ], [ 25.970430155005925, -19.069094127497625 ], [ 25.970446089825597, -19.069032338042803 ], [ 25.970459943876019, -19.068970108099066 ], [ 25.970471526507886, -19.06890747967401 ], [ 25.970481215743831, -19.068844549266725 ], [ 25.97048891601403, -19.068781351419567 ], [ 25.970494246346604, -19.068717952095579 ], [ 25.970497775086855, -19.068654423837927 ], [ 25.970498931596723, -19.068590820462738 ], [ 25.97049799947564, -19.068527209831313 ], [ 25.970495262158568, -19.068463668830432 ], [ 25.970490244415601, -19.068400225759859 ], [ 25.970483039523312, -19.068336972436256 ], [ 25.970473836493781, -19.068273957108882 ], [ 25.970462254520537, -19.068211236714642 ], [ 25.970448766868245, -19.068148891261032 ], [ 25.970433657299182, -19.068086979583235 ], [ 25.970416070432396, -19.068025550815083 ], [ 25.970396384781274, -19.06796467437773 ], [ 25.970374884272008, -19.067904400080543 ], [ 25.97035137759994, -19.067844806032291 ], [ 25.970325769031849, -19.067785935799844 ], [ 25.970298342329304, -19.067727848218048 ], [ 25.970269096345255, -19.067670606465438 ], [ 25.970237745352783, -19.067614260013052 ], [ 25.970204952771319, -19.067558873938097 ], [ 25.970170053051156, -19.067504500494529 ], [ 25.970133330281197, -19.067451180465746 ], [ 25.970094878064319, -19.067398987616251 ], [ 25.970054790659649, -19.067347959608181 ], [ 25.970012972168988, -19.067298149033391 ], [ 25.969969421772674, -19.067249601018801 ], [ 25.969924518144289, -19.067202375959873 ], [ 25.96987788097033, -19.06715650371487 ], [ 25.969830078588405, -19.06711205682646 ], [ 25.969780446270253, -19.067069042419163 ], [ 25.969729552517109, -19.067027524010179 ], [ 25.969677111765474, -19.066987542043748 ], [ 25.969623882672444, -19.066949145108055 ], [ 25.96956901068139, -19.066912337205117 ], [ 25.969512969213945, -19.066877189317402 ], [ 25.969455757941187, -19.066843719494784 ], [ 25.969397565869848, -19.066811975986063 ], [ 25.969338487584725, -19.066781978402357 ], [ 25.969278237685888, -19.066753758161784 ], [ 25.969217290578346, -19.066727332094061 ], [ 25.969155360697812, -19.06670274064285 ], [ 25.96909263737842, -19.066680014006039 ], [ 25.969029215696803, -19.066659144718109 ], [ 25.968965189416032, -19.066640197518456 ], [ 25.968900463948707, -19.06662315279376 ], [ 25.968835228628347, -19.066608040742302 ], [ 25.968769578038529, -19.066594880975714 ], [ 25.968703606926926, -19.066583684080214 ], [ 25.968637030549647, -19.066574445371 ], [ 25.968570417731172, -19.066567210317881 ], [ 25.968503484220086, -19.066561947159464 ], [ 25.968436419349278, -19.066558686094698 ], [ 25.968369413108313, -19.066557421220608 ], [ 25.968302370580922, -19.066558150975357 ], [ 25.968235291600479, -19.066560884384138 ], [ 25.968168461234548, -19.066565608080303 ], [ 25.968101879316482, -19.066572331089311 ], [ 25.968035261594956, -19.066581021649359 ], [ 25.967969177550657, -19.066591689130377 ], [ 25.967903342275431, -19.066604337872946 ], [ 25.967838136407714, -19.066618919970669 ], [ 25.967773464538634, -19.066635460938862 ], [ 25.967709042909771, -19.066653901938764 ], [ 25.967645441002102, -19.066674252341652 ], [ 25.967582754220153, -19.066696486633347 ], [ 25.96752060323486, -19.066720580515533 ], [ 25.967459273114379, -19.066746520623298 ], [ 25.967399144333754, -19.066774268077488 ], [ 25.967339552822402, -19.066803793893499 ], [ 25.9672811636331, -19.066835072903984 ], [ 25.967223882178946, -19.066868085496679 ], [ 25.967167804193846, -19.066902788106717 ], [ 25.967112835419687, -19.066939143070606 ], [ 25.96705897634806, -19.066977123312476 ], [ 25.967006322549004, -19.067016694293109 ], [ 25.966955159913677, -19.067057797521375 ], [ 25.966905488769999, -19.067100414947237 ], [ 25.966857215189105, -19.067144490856201 ], [ 25.966810339991973, -19.067189980121405 ], [ 25.966764958585266, -19.067236857229652 ], [ 25.966721072283207, -19.0672850499775 ], [ 25.966679251392247, -19.067334522612846 ], [ 25.966638547263884, -19.067385232435857 ], [ 25.966599910354631, -19.067437122867663 ], [ 25.966562771837065, -19.067490148432359 ], [ 25.966527702511691, -19.067544246301644 ], [ 25.966494323543937, -19.067599365098797 ], [ 25.966462730670507, -19.06765546125968 ], [ 25.966432925042636, -19.067712471606409 ], [ 25.96640519255487, -19.067770337648895 ], [ 25.966379154536938, -19.067828998984435 ], [ 25.966355286548296, -19.067888409273802 ], [ 25.966341455603931, -19.067926384149395 ] ], [ [ 25.966370641173636, -19.069310536126952 ], [ 25.966374321339302, -19.069319829392363 ], [ 25.966399928413786, -19.06937870903127 ], [ 25.966427353850293, -19.069436797034733 ], [ 25.966456598636675, -19.06949403924876 ], [ 25.966487853591484, -19.069550384644774 ], [ 25.966521024787134, -19.069605777505924 ], [ 25.966555923544668, -19.069660151527032 ], [ 25.966592645602621, -19.069713463142168 ], [ 25.966630812286205, -19.069765651946369 ], [ 25.966671183578253, -19.069816694337735 ], [ 25.96671300147009, -19.069866505609486 ], [ 25.96675626661975, -19.069915049658498 ], [ 25.966801169845102, -19.069962275455534 ], [ 25.966847806884196, -19.070008139434247 ], [ 25.966895893647742, -19.070052600803443 ], [ 25.966945241126133, -19.070095611309178 ], [ 25.966996134888344, -19.070137130510055 ], [ 25.967048480840262, -19.070177111714472 ], [ 25.967102089807419, -19.070215515694013 ], [ 25.967156962282434, -19.070252315370773 ], [ 25.96721262450696, -19.070287457803712 ], [ 25.967269931380564, -19.07032092095109 ], [ 25.967328123739698, -19.070352683286895 ], [ 25.967387202897719, -19.070382672605625 ], [ 25.96744745343717, -19.070410902618658 ], [ 25.967508401598472, -19.070437320385562 ], [ 25.967570617204931, -19.070461917227632 ], [ 25.967633056671787, -19.070484648882513 ], [ 25.967696479818493, -19.07050550077037 ], [ 25.967760506979239, -19.070524466641359 ], [ 25.967825138809349, -19.070541510392328 ], [ 25.967890470387328, -19.070556624558847 ], [ 25.967956122375355, -19.070569784840632 ], [ 25.96802237968398, -19.070580986897401 ], [ 25.968088672978539, -19.070590212330863 ], [ 25.968155287169459, -19.070597456800922 ], [ 25.968222222418731, -19.070602711281275 ], [ 25.968289193811316, -19.070605980111242 ], [ 25.968356296589533, -19.07060724680111 ] ] ] } },
{ "type": "Feature", "properties": { "fid": 84, "RIV_BND_": 3406, "RIV_BND_ID": 5446, "NAME": null, "IMPORTANT": 0 }, "geometry": { "type": "MultiLineString", "coordinates": [ [ [ 25.97041664530785, -19.079592795107462 ], [ 25.970500027748638, -19.079591891621536 ], [ 25.970583170752029, -19.079588492351775 ], [ 25.970666073657384, -19.079582633400346 ], [ 25.970748926468158, -19.079574308864114 ], [ 25.970831349494617, -19.07956351249754 ], [ 25.970913152397443, -19.079550268255041 ], [ 25.970994809616233, -19.079534592968461 ], [ 25.971075846047309, -19.079516505908533 ], [ 25.971156261851288, -19.079495998050088 ], [ 25.971235961282265, -19.079473112960304 ], [ 25.971314754001376, -19.079447874594514 ], [ 25.971392639841177, -19.07942029197897 ], [ 25.971469807820583, -19.07939041336428 ], [ 25.971545688243644, -19.079358238411224 ], [ 25.971620564886894, -19.079323825957168 ], [ 25.97169415249083, -19.07928719839731 ], [ 25.971766735324696, -19.079248387492012 ], [ 25.971837742708644, -19.079207447057001 ], [ 25.97190736415504, -19.079164398266396 ], [ 25.971975598512923, -19.079119304300697 ], [ 25.972042255445366, -19.079072189116854 ], [ 25.97210761840169, -19.07902312960287 ], [ 25.972170832760547, -19.078972129766441 ], [ 25.972232561821031, -19.078919263712308 ], [ 25.972292614426649, -19.078864600525762 ], [ 25.97235061023536, -19.078808170069099 ], [ 25.972406927946889, -19.07875003273945 ], [ 25.972461091642241, -19.078690252941307 ], [ 25.972513574942546, -19.078628892631958 ], [ 25.972563617658572, -19.078565984458518 ], [ 25.972611692919539, -19.07850161745484 ], [ 25.972657704492256, -19.078435862267256 ], [ 25.972701366958265, -19.078368750319221 ], [ 25.972742678513914, -19.078300380894323 ], [ 25.972781923103046, -19.078230803802839 ], [ 25.972818814487617, -19.078160095596392 ], [ 25.972853351520978, -19.078088319455937 ], [ 25.972885532728416, -19.078015556613533 ], [ 25.972914977444653, -19.077941854984193 ], [ 25.972942158471266, -19.077867321651482 ], [ 25.972966979905497, -19.077792009210416 ], [ 25.972989155675506, -19.077715985187151 ], [ 25.973008968741436, -19.07763935354475 ], [ 25.973026038603578, -19.077562153172519 ], [ 25.973040553301743, -19.077484486473335 ], [ 25.973052606611237, -19.077406418187472 ], [ 25.973061817377118, -19.077328023306606 ], [ 25.973068848569351, -19.077249393981702 ], [ 25.973072939351781, -19.077170598964504 ], [ 25.973074373340982, -19.077091706114814 ], [ 25.973073433660922, -19.077012810369066 ], [ 25.973069834241979, -19.076933979252765 ], [ 25.973063573447448, -19.076855303022423 ], [ 25.973054555376784, -19.076776834272039 ], [ 25.973042968069496, -19.076698675403254 ], [ 25.973028905300939, -19.076620891155279 ], [ 25.973012555274092, -19.076543574903855 ], [ 25.972993157648514, -19.076466768323201 ], [ 25.972971375063072, -19.076390581614071 ], [ 25.972947301620614, -19.076315061463994 ], [ 25.972920460592647, -19.076240317405698 ], [ 25.972891231169658, -19.076166382755108 ], [ 25.972859611386081, -19.076093365818728 ], [ 25.972825600260592, -19.076021320749383 ], [ 25.97278919648361, -19.075950319750937 ], [ 25.972750683504195, -19.075880439707188 ], [ 25.972709585578571, -19.075811735996293 ], [ 25.972666281075, -19.075744287061848 ], [ 25.972620863602572, -19.07567816666738 ], [ 25.972573142504086, -19.075613416819504 ], [ 25.972523495982369, -19.075550124987451 ], [ 25.972471543377115, -19.075488339083009 ], [ 25.972417757973862, -19.075428139109867 ], [ 25.972361854523612, -19.075369547462905 ], [ 25.972304115980279, -19.075312668102459 ], [ 25.972244542016341, -19.07525751907805 ], [ 25.972183226238755, -19.075204174152965 ], [ 25.972120072908229, -19.075152676893225 ], [ 25.972055080876252, -19.075103090476116 ], [ 25.971988914083735, -19.075055452898646 ], [ 25.971920906948153, -19.075009816416163 ], [ 25.971851438488592, -19.07496622337047 ], [ 25.971780602966664, -19.07492471142254 ], [ 25.971708399396583, -19.0748853347242 ], [ 25.971634827284678, -19.074848120350413 ], [ 25.971560455486152, -19.074813113764776 ], [ 25.971484523991784, -19.074780338583981 ], [ 25.97140788641272, -19.07474984495348 ], [ 25.971330067824344, -19.074721643120188 ], [ 25.971251352324202, -19.074695773866544 ], [ 25.971171929254833, -19.074672267389282 ], [ 25.971091608775993, -19.074651120565516 ], [ 25.971010674820342, -19.074632383204062 ], [ 25.970929317222165, -19.074616058425228 ], [ 25.97084744056713, -19.074602171744012 ], [ 25.97076485501465, -19.074590720037367 ], [ 25.970682224663651, -19.074581732281715 ], [ 25.970599264590494, -19.074575212819127 ], [ 25.970516259547487, -19.074571166331729 ], [ 25.970432924610957, -19.074569597161336 ], [ 25.970349829453088, -19.074570505648094 ], [ 25.970266689150144, -19.074573896133941 ], [ 25.970183503862554, -19.074579759592705 ], [ 25.970100843426543, -19.074588087340139 ], [ 25.97001851816534, -19.074598867228282 ], [ 25.969936337909651, -19.074612114185548 ], [ 25.969854778233948, -19.074627781865029 ], [ 25.969773743887583, -19.074645886756848 ], [ 25.96969352044383, -19.074666388417668 ], [ 25.969613918390433, -19.074689265673907 ], [ 25.969535127725429, -19.074714512623473 ], [ 25.969457149102393, -19.074742093164641 ], [ 25.969380077929468, -19.074771981782931 ], [ 25.969304104533531, -19.074804154525641 ], [ 25.969229324651593, -19.074838567827701 ], [ 25.969155643854954, -19.074875193051653 ], [ 25.969083157716689, -19.074913995657997 ], [ 25.969012056728747, -19.074954942669201 ], [ 25.968942152201283, -19.074997967783823 ], [ 25.968874013644619, -19.07504308037451 ], [ 25.968807263188921, -19.075090174913843 ], [ 25.968742280507644, -19.075139257651106 ], [ 25.968678782157212, -19.075190251697414 ], [ 25.968616958959654, -19.075243106024782 ], [ 25.968556906654221, -19.075297777069078 ], [ 25.968498911311102, -19.075354197313828 ], [ 25.968442688666098, -19.075412334997722 ], [ 25.968388524789987, -19.075472122604403 ], [ 25.968336326078187, -19.075533486368972 ], [ 25.968285903514364, -19.075596378040778 ], [ 25.96823792268205, -19.075660745378425 ], [ 25.968192195058553, -19.07572651305475 ], [ 25.968148531956789, -19.075793614768006 ], [ 25.968106934692234, -19.075861978315242 ], [ 25.968067689009441, -19.075931554231882 ], [ 25.968030796388902, -19.076002261289556 ], [ 25.967996542740433, -19.076074040998389 ], [ 25.967964359865125, -19.076146811780788 ], [ 25.967934534001703, -19.07622049709552 ], [ 25.967907351225119, -19.076295029427072 ], [ 25.967882812524167, -19.076370354623663 ], [ 25.967860445112091, -19.076446365592773 ], [ 25.967840914578133, -19.076523010094594 ], [ 25.967823747806989, -19.076600199087466 ], [ 25.967809040871519, -19.076677870956164 ], [ 25.967797175096685, -19.076755941696497 ], [ 25.967787772286606, -19.07683432382899 ], [ 25.967781023434362, -19.076912957300731 ], [ 25.967776930186982, -19.076991751856934 ], [ 25.967775113854987, -19.07707064709431 ], [ 25.967776430856663, -19.077149539744877 ], [ 25.967780027739124, -19.077228370617497 ], [ 25.967786285828797, -19.077307055707436 ], [ 25.967795206772958, -19.077385504759317 ], [ 25.967806601557076, -19.077463669520117 ], [ 25.967820566912557, -19.077541452271277 ], [ 25.967837293998056, -19.077618783933595 ], [ 25.967856309531374, -19.077695584488961 ], [ 25.967878089760212, -19.077771771494724 ], [ 25.967902255993405, -19.077847284546436 ], [ 25.96792909463851, -19.07792203807583 ], [ 25.967958322088403, -19.077995964215376 ], [ 25.967989939825223, -19.078068981734269 ], [ 25.968023854081892, -19.078141025890055 ], [ 25.968060255852468, -19.078212036628017 ], [ 25.968099051862723, -19.078281922128845 ], [ 25.96813995850394, -19.078350614524727 ], [ 25.968183261526111, -19.078418064348703 ], [ 25.968228867325639, -19.078484197832314 ], [ 25.968276397536549, -19.078548936519578 ], [ 25.968326232829227, -19.078612232505673 ], [ 25.968377994672711, -19.078674016360132 ], [ 25.968432063901734, -19.078734231152222 ], [ 25.968487682136939, -19.078792810227341 ], [ 25.968545420054326, -19.078849699779457 ], [ 25.96860518371982, -19.078904844090868 ], [ 25.968666499350896, -19.078958190220199 ], [ 25.968729652696336, -19.079009688699234 ], [ 25.968794359979068, -19.079059280685847 ], [ 25.968860812026662, -19.079106915149413 ], [ 25.968928819489509, -19.07915256188673 ], [ 25.968998098753683, -19.079196153030427 ], [ 25.969069124916693, -19.079237669312885 ], [ 25.969141139758264, -19.079277035055984 ], [ 25.969214618047076, -19.079314249043161 ], [ 25.969289370596361, -19.079349272045977 ], [ 25.969365018869322, -19.079382034635582 ], [ 25.969441942713164, -19.079412534032848 ], [ 25.969519763097733, -19.07944072788581 ], [ 25.969598195420865, -19.079466602481691 ], [ 25.96967790495059, -19.079490123624417 ], [ 25.969757847877922, -19.079511256080838 ], [ 25.969838878656429, -19.079530004880585 ], [ 25.969920428411889, -19.079546324549092 ], [ 25.970002402055428, -19.079560222549087 ], [ 25.97008470531928, -19.07957166121556 ], [ 25.970167243114318, -19.079580648011561 ], [ 25.970250205608412, -19.079587168008217 ], [ 25.970333592798045, -19.079591221204499 ], [ 25.97041664530785, -19.079592795107462 ] ] ] } },
{ "type": "Feature", "properties": { "fid": 85, "RIV_BND_": 3482, "RIV_BND_ID": 161, "NAME": null, "IMPORTANT": 0 }, "geometry": { "type": "MultiLineString", "coordinates": [ [ [ 26.165727577645924, -19.180431184240465 ], [ 26.16500287005594, -19.178115809243234 ], [ 26.167473226983738, -19.17666918486265 ], [ 26.169473422362785, -19.177116740547451 ], [ 26.1689630059644, -19.180155453218592 ], [ 26.165727577645924, -19.180431184240465 ] ] ] } },
{ "type": "Feature", "properties": { "fid": 86, "RIV_BND_": 3532, "RIV_BND_ID": 2604, "NAME": null, "IMPORTANT": 0 }, "geometry": { "type": "MultiLineString", "coordinates": [ [ [ 26.169447407390148, -19.166421797263936 ], [ 26.156398612967749, -19.170576460228123 ], [ 26.148503632610019, -19.177191435977107 ], [ 26.134394124775138, -19.177108287055919 ], [ 26.129385154459424, -19.181907921609433 ], [ 26.125140718366417, -19.187878417545303 ], [ 26.114546563023229, -19.190965172688284 ], [ 26.105884453440879, -19.196406875788359 ], [ 26.090319754409389, -19.203146326678784 ], [ 26.084865090823339, -19.209075434791732 ], [ 26.082802578786431, -19.221609826921533 ], [ 26.077196377043482, -19.231734565825189 ], [ 26.071739918664754, -19.237663065666258 ] ] ] } },
{ "type": "Feature", "properties": { "fid": 87, "RIV_BND_": 3543, "RIV_BND_ID": 1494, "NAME": null, "IMPORTANT": 0 }, "geometry": { "type": "MultiLineString", "coordinates": [ [ [ 26.06186677793993, -19.258127182387391 ], [ 26.061991900604315, -19.258125772268194 ], [ 26.06211670910519, -19.258120655224367 ], [ 26.062241298787399, -19.258111814730889 ], [ 26.062365764191547, -19.258099279393356 ], [ 26.06248934473378, -19.258083055041897 ], [ 26.062612610595874, -19.258063150842801 ], [ 26.062735181160068, -19.258039587764003 ], [ 26.062856865872245, -19.258012389829396 ], [ 26.062977378825099, -19.25798159758839 ], [ 26.06309681472084, -19.257947230621962 ], [ 26.063215458325129, -19.257909311565435 ], [ 26.063332357866585, -19.25786790638282 ], [ 26.063448083367248, -19.257823033265716 ], [ 26.063562158858044, -19.257774729710881 ], [ 26.063674488014613, -19.257723066403017 ], [ 26.063785070187738, -19.257668079449353 ], [ 26.063893904246203, -19.257609832035531 ], [ 26.064000419191508, -19.257548360133971 ], [ 26.064105278631892, -19.25748376469739 ], [ 26.064207816377664, -19.257416089198127 ], [ 26.064307936589707, -19.257345377243855 ], [ 26.064405542625757, -19.257271717573438 ], [ 26.064500727906903, -19.25719520197898 ], [ 26.064593681850248, -19.257115869621725 ], [ 26.06468364195289, -19.257033834659861 ], [ 26.06477070244134, -19.256949143755048 ], [ 26.064855146479896, -19.256861909804762 ], [ 26.064936687527943, -19.256772209469315 ], [ 26.065014944175445, -19.256680108857275 ], [ 26.065090294297949, -19.2565857404445 ], [ 26.06516235680812, -19.256489152287305 ], [ 26.065231319359491, -19.256390482834952 ], [ 26.065296990606779, -19.256289801248716 ], [ 26.065359083692655, -19.256187202242597 ], [ 26.065417976494516, -19.256082818291382 ], [ 26.065473287286029, -19.255976733556871 ], [ 26.065525109495599, -19.255869039830767 ], [ 26.065573155626016, -19.25575986793195 ], [ 26.065617614137299, -19.255649311177809 ], [ 26.065658483107033, -19.255537477886115 ], [ 26.065695570712908, -19.255424464296588 ], [ 26.065728779039379, -19.2553104313582 ], [ 26.065758486929457, -19.255195457386588 ], [ 26.06578393221977, -19.25507963849283 ], [ 26.065805967620069, -19.254963132830383 ], [ 26.065823736420114, -19.254846007905918 ], [ 26.065837711208715, -19.254728415769378 ], [ 26.06584789038736, -19.254610446684616 ], [ 26.065854176203398, -19.254492252573087 ], [ 26.06585656721947, -19.254373914672026 ], [ 26.065854776105816, -19.254255554772602 ], [ 26.065849465830858, -19.254137309922005 ], [ 26.065839969106595, -19.254019286782157 ], [ 26.065826664293667, -19.253901590744267 ], [ 26.065809074004171, -19.253784340547263 ], [ 26.065788051424374, -19.253667667262238 ], [ 26.065763024297379, -19.253551679075805 ], [ 26.065734180762973, -19.253436487353049 ], [ 26.0657015189018, -19.253322200407549 ], [ 26.065665131502293, -19.253208946130687 ], [ 26.065625016805246, -19.253096823809361 ], [ 26.065580887482298, -19.252985955231757 ], [ 26.065533597517025, -19.252876426336769 ], [ 26.065482289085185, -19.252768367810415 ], [ 26.065427720979248, -19.25266187309176 ], [ 26.065369605548391, -19.252557082020505 ], [ 26.065307846966711, -19.252454038199133 ], [ 26.065242822945081, -19.252352883120761 ], [ 26.065174531560633, -19.252253725096825 ], [ 26.06510287666482, -19.252156625781634 ], [ 26.065028236448072, -19.252061699589554 ], [ 26.064950228872302, -19.25196904872799 ], [ 26.064869327636956, -19.25187876205846 ], [ 26.064785341241969, -19.251790917761113 ], [ 26.064698553328437, -19.251705601645707 ], [ 26.064609152347558, -19.251622907022409 ], [ 26.064517041665333, -19.251542922623198 ], [ 26.06442212512955, -19.25146571010113 ], [ 26.064324876434508, -19.251391358318461 ], [ 26.06422510423803, -19.251319936428285 ], [ 26.064122997309539, -19.251251519688346 ], [ 26.064018650032573, -19.251186145725516 ], [ 26.06391225037164, -19.251123934928803 ], [ 26.063803703135527, -19.251064894793913 ], [ 26.063693577041334, -19.251009115711241 ], [ 26.063581396142983, -19.250956635175385 ], [ 26.063467539422291, -19.250907522471774 ], [ 26.063352291314608, -19.250861818281265 ], [ 26.063235366089067, -19.250819554125073 ], [ 26.06311723807455, -19.250780782763982 ], [ 26.062997906300616, -19.250745558351934 ], [ 26.062877560655256, -19.250713892965621 ], [ 26.062755915406402, -19.25068581812598 ], [ 26.062633730284674, -19.250661373124181 ], [ 26.062510529663179, -19.25064057740121 ], [ 26.062386978404902, -19.250623459696438 ], [ 26.06226269623161, -19.250610022925361 ], [ 26.062138157950752, -19.250600292774191 ], [ 26.062013173499441, -19.250594266186617 ], [ 26.061888503249012, -19.250591946353705 ], [ 26.061763386329055, -19.25059335715989 ], [ 26.061638488244103, -19.250598491243558 ], [ 26.061513904656174, -19.250607314026965 ], [ 26.061389539886136, -19.250619860086633 ], [ 26.061265679811545, -19.25063608887428 ], [ 26.061142609827581, -19.250655986920925 ], [ 26.061020140032088, -19.250679542145217 ], [ 26.060898460953972, -19.25070673052458 ], [ 26.060777857988807, -19.250737538591292 ], [ 26.060658142039188, -19.250771909133434 ], [ 26.06053988406584, -19.250809806189658 ], [ 26.060422988873139, -19.250851237259887 ], [ 26.060307172980622, -19.2508961074995 ], [ 26.060193197404875, -19.250944384005447 ], [ 26.060080872084686, -19.250996063723619 ], [ 26.059970294133041, -19.251051030844756 ], [ 26.05986136835574, -19.251109292868975 ], [ 26.059754571976541, -19.251170740101372 ], [ 26.059650000500906, -19.251235346995351 ], [ 26.059547560345209, -19.251303030790154 ], [ 26.059447347498526, -19.251373738860714 ], [ 26.059349553782798, -19.25144737498033 ], [ 26.059254274705406, -19.251523913602849 ], [ 26.059161702733505, -19.25160322239768 ], [ 26.059071648292569, -19.251685271232361 ], [ 26.058984303689932, -19.251769936802472 ], [ 26.05890023989619, -19.251857183155426 ], [ 26.058818698459348, -19.25194689877549 ], [ 26.058740156611144, -19.252038973971928 ], [ 26.058664805534963, -19.252133348624199 ], [ 26.058592647002968, -19.252229923448926 ], [ 26.058523777815882, -19.252328600691946 ], [ 26.058458389803178, -19.252429284128521 ], [ 26.058395914569981, -19.252531865299048 ], [ 26.05833739936115, -19.252636252716787 ], [ 26.058334455816517, -19.252641888640291 ] ], [ [ 26.060635885021636, -19.257937748850502 ], [ 26.060637612223445, -19.257938315491263 ], [ 26.060757043124724, -19.257973552599513 ], [ 26.060877678353947, -19.258005224595223 ], [ 26.060998948358996, -19.258033286199829 ], [ 26.061121518514611, -19.258057739083558 ], [ 26.0612444391416, -19.258078531855059 ], [ 26.061368280743707, -19.258095655629781 ], [ 26.06149247312355, -19.258109101235704 ], [ 26.061617111787456, -19.258118843120677 ], [ 26.061741721729888, -19.25812486461621 ], [ 26.06186677793993, -19.258127182387391 ] ] ] } },
{ "type": "Feature", "properties": { "fid": 88, "RIV_BND_": 3560, "RIV_BND_ID": 4031, "NAME": null, "IMPORTANT": 0 }, "geometry": { "type": "MultiLineString", "coordinates": [ [ [ 26.070777151408951, -19.267958832949542 ], [ 26.070767907020311, -19.267921557364279 ], [ 26.070743563695888, -19.267836377535527 ], [ 26.070716260091395, -19.267751944765958 ], [ 26.070686184040579, -19.267668388470234 ], [ 26.070653525141896, -19.267585738774411 ], [ 26.070618186275023, -19.267504111494375 ], [ 26.070580071443075, -19.267423559262141 ], [ 26.07053927360132, -19.26734420094159 ], [ 26.070495792111345, -19.267266072636147 ], [ 26.070449910324072, -19.267189278205453 ], [ 26.070401721835477, -19.267113900408237 ], [ 26.070350750818381, -19.267039967726568 ], [ 26.070297375339379, -19.266967603596438 ], [ 26.070241594437768, -19.26689686217334 ], [ 26.070183407313134, -19.26682778858639 ], [ 26.070123097153456, -19.26676049572114 ], [ 26.070060663157484, -19.266695028706778 ], [ 26.069995819251467, -19.266631437125241 ], [ 26.06992922925269, -19.266569812881233 ], [ 26.069860417333356, -19.266510184455203 ], [ 26.069789572284211, -19.266452627103476 ], [ 26.069717168167312, -19.266397211629901 ], [ 26.069642633956935, -19.266343974016035 ], [ 26.069566634109528, -19.266292970062601 ], [ 26.069489072302666, -19.266244270452663 ], [ 26.069409663103098, -19.266197888662372 ], [ 26.069328785694193, -19.266153884945236 ], [ 26.06924662934528, -19.266112307479709 ], [ 26.069163003017195, -19.266073207371392 ], [ 26.069078381731465, -19.266036601268361 ], [ 26.068992194461622, -19.26600252515053 ], [ 26.068905105820573, -19.265971025794762 ], [ 26.06881711516289, -19.265942139304066 ], [ 26.068728127127351, -19.265915882204101 ], [ 26.068638236426157, -19.26589227407046 ], [ 26.068617665150512, -19.265887519625107 ] ] ] } },
{ "type": "Feature", "properties": { "fid": 89, "RIV_BND_": 3587, "RIV_BND_ID": 2789, "NAME": null, "IMPORTANT": 0 }, "geometry": { "type": "MultiLineString", "coordinates": [ [ [ 26.218767085431004, -19.303143684488301 ], [ 26.218834236351658, -19.303142875414849 ], [ 26.218901421319796, -19.303140053215483 ], [ 26.218968354510118, -19.303135249650467 ], [ 26.219035320979685, -19.303128478095882 ], [ 26.219101751064947, -19.303119684717405 ], [ 26.219168213966583, -19.303108950431167 ], [ 26.219234139715752, -19.303096239457947 ], [ 26.219299433391988, -19.303081541321312 ], [ 26.219364188384567, -19.303064956772022 ], [ 26.219428406217663, -19.303046395536725 ], [ 26.219492084599437, -19.3030259930262 ], [ 26.219555129678124, -19.303003675572555 ], [ 26.219617064877127, -19.302979508148809 ], [ 26.21967846077127, -19.30295349042391 ], [ 26.219738936160145, -19.302925670765546 ], [ 26.219798300595421, -19.302896064330891 ], [ 26.21985674406416, -19.302864683046444 ], [ 26.219914074744782, -19.302831623315765 ], [ 26.219970483387552, -19.302796851928417 ], [ 26.220025493722432, -19.302760415804144 ], [ 26.220079390197096, -19.302722364427975 ], [ 26.220131697305021, -19.302682699583279 ], [ 26.220182983485035, -19.3026415473208 ], [ 26.220232679228648, -19.302598844783638 ], [ 26.220281257751608, -19.30255472560065 ], [ 26.220328148935614, -19.302509163024784 ], [ 26.220373446630262, -19.302462230725201 ], [ 26.220417055002173, -19.302413972391097 ], [ 26.220459258652348, -19.302364428479585 ], [ 26.220499580703159, -19.302313682021602 ], [ 26.220538496812036, -19.302261722207351 ], [ 26.220575435031549, -19.302208630619351 ], [ 26.220610774118075, -19.302154503327337 ], [ 26.220644134096318, -19.302099316482987 ], [ 26.22067570327706, -19.302043181313266 ], [ 26.220705195687945, -19.301986138610324 ], [ 26.220733181293735, -19.301928224149037 ], [ 26.220758803243655, -19.301869497112019 ], [ 26.220782725199726, -19.301810075968952 ], [ 26.2208045674932, -19.30174991881702 ], [ 26.220824613047739, -19.301689165413396 ], [ 26.220842290682157, -19.301627852204703 ], [ 26.22085816975077, -19.301566051074545 ], [ 26.220871965045493, -19.301503757678169 ], [ 26.220883769197656, -19.301441117902815 ], [ 26.220893106249804, -19.301378160616274 ], [ 26.22090073569554, -19.301314960598599 ], [ 26.220906276494794, -19.301251557193325 ], [ 26.220909442372857, -19.30118800924722 ], [ 26.2209105173213, -19.301124393325058 ], [ 26.220909785941437, -19.301060749882041 ], [ 26.220906675376845, -19.300997214665802 ], [ 26.220901566671454, -19.300933748333446 ], [ 26.220894267095314, -19.300870501453598 ], [ 26.220884966942609, -19.300807467895801 ], [ 26.220873568705571, -19.300744790649656 ], [ 26.220859977927322, -19.300682432157096 ], [ 26.220844382308627, -19.300620539752853 ], [ 26.220826781851777, -19.300559113436655 ], [ 26.220806984742357, -19.300498249612488 ], [ 26.220785370649931, -19.30043799018323 ], [ 26.220761748217512, -19.30037840447055 ], [ 26.220736306823017, -19.300319540507758 ], [ 26.220708759735203, -19.300261484222574 ], [ 26.220679106193415, -19.300204280751178 ], [ 26.22064791615685, -19.300147965865968 ], [ 26.220614712908404, -19.300092613570051 ], [ 26.220579686130282, -19.300038253841748 ], [ 26.220542834603567, -19.29998495889917 ], [ 26.220504157109175, -19.299932800960331 ], [ 26.220464033314034, -19.29988182192805 ], [ 26.220422082332927, -19.299832052116521 ], [ 26.220378683374651, -19.299783560510733 ], [ 26.220333360332596, -19.299736385003339 ], [ 26.220286588246793, -19.299690550891061 ], [ 26.220238651256107, -19.299646125710471 ], [ 26.220188787437156, -19.299603179117302 ], [ 26.220137852256755, -19.299561733176027 ], [ 26.220085560508384, -19.299521783539383 ], [ 26.220031910361044, -19.29948343853464 ], [ 26.219976901967001, -19.299446689133148 ], [ 26.219920724089988, -19.299411619477613 ], [ 26.21986366208781, -19.299378224886166 ], [ 26.219805335532484, -19.299346508589501 ], [ 26.219745837660806, -19.299316580363712 ], [ 26.219685739188321, -19.29928843084647 ], [ 26.219624374328603, -19.29926206794886 ], [ 26.219562312576119, -19.299237554527718 ], [ 26.219499458555585, -19.299214907187814 ], [ 26.219435907639124, -19.299194109322443 ], [ 26.21937175397785, -19.299175216543979 ], [ 26.219306902043666, -19.299158254484485 ], [ 26.219241542124159, -19.299143217013949 ], [ 26.219175769133152, -19.299130114608154 ], [ 26.219109676915988, -19.299119020934505 ], [ 26.219043266691415, -19.299109863773445 ], [ 26.218976252183619, -19.299102701968007 ], [ 26.218909489463808, -19.299097521479212 ], [ 26.218842312440284, -19.299094348270835 ], [ 26.218774912010641, -19.299093140104134 ], [ 26.218707762751166, -19.299093949362586 ], [ 26.218640579454217, -19.299096771697755 ], [ 26.218573552864662, -19.299101573898849 ], [ 26.218506873269437, -19.299108349837486 ], [ 26.218440159629324, -19.2991171388522 ], [ 26.218374078183729, -19.299127905953199 ], [ 26.218308153893688, -19.299140625837907 ], [ 26.218242862404018, -19.29915528769989 ], [ 26.218178108338691, -19.299171908144583 ], [ 26.218113607406288, -19.299190428658839 ], [ 26.218049929862197, -19.299210866968778 ], [ 26.217987171994125, -19.299233152306027 ], [ 26.217924952304976, -19.299257351090638 ], [ 26.217863558288247, -19.299283332262309 ], [ 26.217803369299624, -19.299311155785528 ], [ 26.217743720774518, -19.299340757347395 ], [ 26.217685278342934, -19.299372138070879 ], [ 26.217627948003837, -19.299405233315436 ], [ 26.21757173051936, -19.299439997945239 ], [ 26.217516816483325, -19.299476407779281 ], [ 26.217462920689108, -19.299514458468227 ], [ 26.217410233883435, -19.299554116803797 ], [ 26.217359043256387, -19.299595269781904 ], [ 26.217309252822435, -19.299637970117672 ], [ 26.217260959787698, -19.299682092879511 ], [ 26.217214163846364, -19.299727656123263 ], [ 26.217168771151343, -19.299774586181066 ], [ 26.217125162740746, -19.299822843718381 ], [ 26.217083054019614, -19.299872388276185 ], [ 26.217042350835751, -19.299923164241047 ], [ 26.217003720197908, -19.299975091493259 ], [ 26.21696687659508, -19.300028183737698 ], [ 26.216931536960026, -19.300082310241365 ], [ 26.21689817633191, -19.300137496312221 ], [ 26.216866606407134, -19.300193630722401 ], [ 26.216836827950484, -19.300250668336208 ], [ 26.216809126628117, -19.300308586424254 ], [ 26.216783123387792, -19.30036730696677 ], [ 26.21675929479775, -19.300426764998598 ], [ 26.216737451943882, -19.300486885401007 ], [ 26.216717690355221, -19.300547642543464 ], [ 26.216699726201309, -19.300608950828959 ], [ 26.216684130356846, -19.30067079187997 ], [ 26.216670239173311, -19.300733047214841 ], [ 26.216658528609475, -19.300795687977978 ], [ 26.216648809751316, -19.300858639050084 ], [ 26.21664155840563, -19.300921880602989 ], [ 26.216636016006781, -19.30098528367655 ], [ 26.216632848500364, -19.301048831343856 ], [ 26.216631486695036, -19.30111244268252 ], [ 26.216632502231537, -19.301176054178214 ], [ 26.21663551544594, -19.301239623919109 ], [ 26.216640718160086, -19.301303055506008 ], [ 26.216648016070899, -19.301366302351635 ], [ 26.21665731456962, -19.301429335923334 ], [ 26.216668710561471, -19.301492049343594 ], [ 26.216682205271113, -19.301554370393664 ], [ 26.21669779870096, -19.301616299073299 ], [ 26.216715493297798, -19.301677690944768 ], [ 26.216735003701984, -19.301738550683098 ], [ 26.216756806486561, -19.301798813322478 ], [ 26.216780522749751, -19.301858391813674 ], [ 26.216805962659375, -19.301917265200281 ], [ 26.216833508482711, -19.301975321928705 ], [ 26.216862875623157, -19.302032521537061 ], [ 26.216894254222318, -19.302088866925885 ], [ 26.216927551350786, -19.302144230260897 ], [ 26.21696257778671, -19.302198554476021 ], [ 26.21699942844873, -19.302251850048329 ], [ 26.217037724891004, -19.302304002846522 ], [ 26.217078228286432, -19.302354988364595 ], [ 26.217120178686308, -19.302404758887828 ], [ 26.21716357716063, -19.302453251223831 ], [ 26.217208899213801, -19.302500463596612 ], [ 26.217255290894812, -19.302546283649999 ], [ 26.21730360844715, -19.302590688327616 ], [ 26.217353091920042, -19.302633629915341 ], [ 26.217404406805727, -19.302675118564881 ], [ 26.217456604233856, -19.302715031442961 ], [ 26.217510349696564, -19.302753378701016 ], [ 26.217565358440719, -19.302790128904711 ], [ 26.217621441699592, -19.302825197906124 ], [ 26.21767859886149, -19.302858621813506 ], [ 26.217736831452957, -19.302890310352311 ], [ 26.217796425142737, -19.302920240789806 ], [ 26.217856524447924, -19.302948391045717 ], [ 26.217917890236851, -19.302974754665779 ], [ 26.217979857930757, -19.302999267333629 ], [ 26.21804252229316, -19.30302194855328 ], [ 26.218106075143485, -19.30304270192293 ], [ 26.218170515105687, -19.303061608687692 ], [ 26.218235273281337, -19.303078569872927 ], [ 26.218300444433623, -19.303093604982706 ], [ 26.218366218854513, -19.303106707888787 ], [ 26.218432597763517, -19.303117806371432 ], [ 26.218499009512865, -19.303126963949442 ], [ 26.218565739770391, -19.303134157889897 ], [ 26.218632789907961, -19.303139306945916 ], [ 26.218699872878915, -19.303142515095896 ], [ 26.218767085431004, -19.303143684488301 ] ] ] } },
{ "type": "Feature", "properties": { "fid": 90, "RIV_BND_": 3605, "RIV_BND_ID": 292, "NAME": null, "IMPORTANT": 0 }, "geometry": { "type": "MultiLineString", "coordinates": [ [ [ 26.082117113692806, -19.306302616299945 ], [ 26.085927312362067, -19.305831032234241 ], [ 26.085936070954858, -19.305583654883087 ], [ 26.090530265620306, -19.301525768439131 ], [ 26.094504064911856, -19.300171709255938 ], [ 26.094512904803398, -19.299924295039798 ], [ 26.101720289104293, -19.295952897750734 ], [ 26.101729117031542, -19.295705481638517 ], [ 26.105937383597933, -19.295102019316126 ], [ 26.106198710287593, -19.295110679004623 ], [ 26.115633797069439, -19.294680188201465 ], [ 26.118238567679089, -19.295014089862597 ], [ 26.122602110328078, -19.297387675238326 ], [ 26.122593313241328, -19.297635096382074 ], [ 26.127714363436866, -19.300776675074093 ], [ 26.136374628972561, -19.300071856677686 ], [ 26.136635971387545, -19.300080473924307 ], [ 26.138691714233502, -19.301139063701967 ], [ 26.139214403086701, -19.301156327747041 ], [ 26.139205630527456, -19.30140371668956 ], [ 26.140955923653156, -19.303690684766206 ], [ 26.140929610280924, -19.304432924804267 ], [ 26.141651795252216, -19.306190585344385 ], [ 26.141634254041975, -19.306685400191569 ], [ 26.14225978739449, -19.311164557139545 ], [ 26.145866355203598, -19.312769602010164 ], [ 26.146118954246536, -19.313025634635711 ], [ 26.148950264835197, -19.314357380208524 ], [ 26.148941503350311, -19.31460477108973 ], [ 26.150700819525149, -19.316644286772409 ], [ 26.152477598311009, -19.318188969822597 ], [ 26.164989691128699, -19.31959120464937 ] ] ] } },
{ "type": "Feature", "properties": { "fid": 91, "RIV_BND_": 3610, "RIV_BND_ID": 4562, "NAME": null, "IMPORTANT": 0 }, "geometry": { "type": "MultiLineString", "coordinates": [ [ [ 26.173391772413691, -19.327662987750468 ], [ 26.17347500791735, -19.327661985621404 ], [ 26.173558285840478, -19.327658519087883 ], [ 26.173641606334666, -19.327652579122322 ], [ 26.173724398287472, -19.327644192982415 ], [ 26.173806947870823, -19.327633310931251 ], [ 26.173889158446229, -19.327620021763625 ], [ 26.173970936171546, -19.327604251788873 ], [ 26.174052089637886, -19.327586070273412 ], [ 26.174132333287439, -19.327565490847373 ], [ 26.174212142367303, -19.327542529912041 ], [ 26.174291040691447, -19.327517225229222 ], [ 26.174369028722591, -19.327489549718734 ], [ 26.174446199830115, -19.327459604152825 ], [ 26.174522269388792, -19.327427348000626 ], [ 26.174597140606163, -19.327392879085586 ], [ 26.174670908871256, -19.327356180829298 ], [ 26.174743478168516, -19.327317305920385 ], [ 26.17481465817805, -19.327276260438243 ], [ 26.174884351953065, -19.327233151233866 ], [ 26.174952939349943, -19.32718801128685 ], [ 26.175019659718483, -19.327140828804279 ], [ 26.175084701977049, -19.327091678952382 ], [ 26.175148350125014, -19.327040638371344 ], [ 26.175210128601048, -19.326987708718814 ], [ 26.175269940770722, -19.326932978792478 ], [ 26.175328261416883, -19.326876492072564 ], [ 26.175384519277312, -19.326818284851228 ], [ 26.175438807724905, -19.326758457901413 ], [ 26.175490936442884, -19.326697017303918 ], [ 26.175541094040657, -19.326634056278625 ], [ 26.175589469282865, -19.32656965901802 ], [ 26.175635205822662, -19.326503848366691 ], [ 26.175678777822906, -19.326436703912137 ], [ 26.175720375135551, -19.326368246657726 ], [ 26.175759614645045, -19.326298633195787 ], [ 26.1757964960427, -19.32622788158212 ], [ 26.175830732536561, -19.326156077667157 ], [ 26.175862893680506, -19.326083284457152 ], [ 26.175892693614195, -19.326009533640331 ], [ 26.175919844615212, -19.325934965229145 ], [ 26.17594434606556, -19.325859615333179 ], [ 26.175966767208354, -19.32578356501185 ], [ 26.175986155380684, -19.32570690785392 ], [ 26.176003270762475, -19.325629682730863 ], [ 26.176017731173282, -19.325551992073262 ], [ 26.176029726155992, -19.32547387493744 ], [ 26.176039063070327, -19.325395472809216 ], [ 26.176045836534353, -19.325316814244026 ], [ 26.176049854373904, -19.325238013646562 ], [ 26.176051495826279, -19.325159140100766 ], [ 26.17605018994977, -19.325080211846807 ], [ 26.176046505054934, -19.325001364104597 ], [ 26.176040059273888, -19.32492268125019 ], [ 26.176031041528546, -19.324844238447 ], [ 26.176019641361279, -19.324766074750205 ], [ 26.17600547659438, -19.324688292589624 ], [ 26.175988736149439, -19.324610967128301 ], [ 26.175969514023301, -19.324534163028513 ], [ 26.175947618042695, -19.324457994693855 ], [ 26.175923047745719, -19.324382489204829 ], [ 26.175896466984895, -19.324307756172942 ], [ 26.17586711435159, -19.324233828943893 ], [ 26.175835368304337, -19.324160821735237 ], [ 26.175801227759685, -19.324088797735119 ], [ 26.175764691478822, -19.324017829158578 ], [ 26.175725758222821, -19.323947988220436 ], [ 26.175684712611037, -19.323879315448583 ], [ 26.175641363245628, -19.323811880110433 ], [ 26.175595517797611, -19.323745805635262 ], [ 26.175547841977959, -19.323681093310434 ], [ 26.175497858996003, -19.323617817009033 ], [ 26.17544604223049, -19.323556101449167 ], [ 26.175391726285174, -19.323495927285855 ], [ 26.175336050556279, -19.323437402472834 ], [ 26.175278159179008, -19.323380522771277 ], [ 26.175218145059965, -19.323325416031043 ], [ 26.175156673285692, -19.323272119648319 ], [ 26.175093362299044, -19.323220699941942 ], [ 26.175028497336264, -19.323171161331757 ], [ 26.174961886997632, -19.323123573084089 ], [ 26.174893720198067, -19.323078010360916 ], [ 26.174824282483222, -19.323034459528571 ], [ 26.174753096751132, -19.322993012511912 ], [ 26.174681018552736, -19.322953691602848 ], [ 26.174607286326303, -19.322916539168798 ], [ 26.174532470075803, -19.322881591133651 ], [ 26.174456569178179, -19.3228488836038 ], [ 26.174379583165504, -19.322818443658566 ], [ 26.174301606182315, -19.322790326932545 ], [ 26.174223018850405, -19.322764521267498 ], [ 26.174143154841722, -19.322741061476592 ], [ 26.174062964316427, -19.322719998409948 ], [ 26.173981876335215, -19.322701350300935 ], [ 26.173900081517719, -19.322685093015991 ], [ 26.173818054786516, -19.322671261007436 ], [ 26.173735605204968, -19.322659896460291 ], [ 26.173652828003213, -19.322650991821202 ], [ 26.173569723022371, -19.32264455611617 ], [ 26.173486290414171, -19.322640580317383 ], [ 26.17340310048932, -19.322639082299442 ], [ 26.173319582929683, -19.322640044186386 ], [ 26.173236307579806, -19.32264351093432 ], [ 26.173153274901864, -19.322649455462155 ], [ 26.173070199812599, -19.322657864317907 ], [ 26.172987653243844, -19.322668719270002 ], [ 26.172905729804029, -19.322682048874711 ], [ 26.172824050263888, -19.3226977840432 ], [ 26.172742899388442, -19.322715956281645 ], [ 26.172662277640182, -19.322736538509336 ], [ 26.172582565950133, -19.322759500519485 ], [ 26.172503669392004, -19.322784831810583 ], [ 26.172425588894775, -19.322812478221461 ], [ 26.172348419222772, -19.32284245928204 ], [ 26.172272352238856, -19.322874678647125 ], [ 26.172197482396914, -19.322909173901014 ], [ 26.172123715703638, -19.32294588038063 ], [ 26.172051148167242, -19.322984745400653 ], [ 26.171979970252874, -19.323025753859326 ], [ 26.171910277658409, -19.323068871125713 ], [ 26.17184207115897, -19.323114052066401 ], [ 26.17177525676227, -19.323161232018467 ], [ 26.171709930788502, -19.323210340243129 ], [ 26.171646282926933, -19.323261406774204 ], [ 26.171584790745058, -19.323314312614524 ], [ 26.171524693147646, -19.323369073040805 ], [ 26.171466658170754, -19.32342555395357 ], [ 26.171410400889222, -19.32348373287331 ], [ 26.171356111926329, -19.32354358567256 ], [ 26.171303698224353, -19.323604993526523 ], [ 26.171253540409108, -19.323667944286825 ], [ 26.17120544925659, -19.32373238084163 ], [ 26.17115952186726, -19.323798187318165 ], [ 26.171115853787292, -19.323865338113325 ], [ 26.171074256259537, -19.323933749034097 ], [ 26.171035300691241, -19.324003374776915 ], [ 26.170998418165762, -19.324074116217258 ], [ 26.170963894232461, -19.324145959731222 ], [ 26.17093173153652, -19.324218751861963 ], [ 26.170902215783702, -19.324292469958731 ], [ 26.170875062983413, -19.32436703737881 ], [ 26.170850273915558, -19.324442408988801 ], [ 26.170828136619036, -19.324518426733366 ], [ 26.170808460316632, -19.324595123769225 ], [ 26.170791342733924, -19.324672348115485 ], [ 26.170776975121207, -19.324750039537118 ], [ 26.17076488332938, -19.324828118437996 ], [ 26.170755544002301, -19.324906519984836 ], [ 26.170748768228918, -19.32498516901024 ], [ 26.170744747726673, -19.325063978197861 ], [ 26.170743388352982, -19.325142891910392 ], [ 26.17074440720549, -19.325221770314858 ], [ 26.170748089370925, -19.325300626867641 ], [ 26.170754532576336, -19.325379309587042 ], [ 26.170763547132861, -19.325457788439703 ], [ 26.170774944750786, -19.325535952149469 ], [ 26.170789392391594, -19.325613729808037 ], [ 26.170805940038893, -19.32569106151702 ], [ 26.170825350667201, -19.325767823682462 ], [ 26.170847243494407, -19.325844037479516 ], [ 26.170871526864971, -19.325919502838186 ], [ 26.170898485244717, -19.325994269321644 ], [ 26.170927456031293, -19.326068155082744 ], [ 26.170959200023571, -19.326141162904186 ], [ 26.170993623855409, -19.326213192012052 ], [ 26.171030158292929, -19.326284161331895 ], [ 26.171068803960491, -19.326354034754889 ], [ 26.171110133207964, -19.32642271281377 ], [ 26.171153576644791, -19.326490123460982 ], [ 26.17119903997007, -19.326556220084274 ], [ 26.171247000297921, -19.326620910766504 ], [ 26.171296696987042, -19.326684183696749 ], [ 26.171348892548213, -19.32674594235915 ], [ 26.171402827582995, -19.3268061027272 ], [ 26.171458882880849, -19.326864643622812 ], [ 26.171516679519772, -19.326921477897194 ], [ 26.17157640812793, -19.326976581419885 ], [ 26.171637879788264, -19.327029879021275 ], [ 26.171701190203507, -19.327081336067668 ], [ 26.171766340617491, -19.327130880341368 ], [ 26.171832666708326, -19.327178429293213 ], [ 26.171900833263415, -19.327224038387765 ], [ 26.171970557060749, -19.327267585844751 ], [ 26.17204145824228, -19.327309038677985 ], [ 26.172113917907417, -19.327348357654238 ], [ 26.172187556663854, -19.327385482706589 ], [ 26.172262184037095, -19.327420428935913 ], [ 26.172338276518055, -19.327453140530199 ], [ 26.172414978997661, -19.327483568098881 ], [ 26.172492956885065, -19.327511730996871 ], [ 26.172571926955413, -19.327537507444923 ], [ 26.172651412712852, -19.327560953252661 ], [ 26.172731890336902, -19.327582030661489 ], [ 26.172813075047703, -19.327600708162485 ], [ 26.172894491592, -19.327616969350366 ], [ 26.172976616459831, -19.327630758412294 ], [ 26.173058973154443, -19.32764213115917 ], [ 26.173142037544277, -19.32765106788565 ], [ 26.17322514483471, -19.32765751312882 ], [ 26.173308294866619, -19.327661475915161 ], [ 26.173391772413691, -19.327662987750468 ] ] ] } },
{ "type": "Feature", "properties": { "fid": 92, "RIV_BND_": 3628, "RIV_BND_ID": 563, "NAME": null, "IMPORTANT": 0 }, "geometry": { "type": "MultiLineString", "coordinates": [ [ [ 26.095229943775536, -19.336790764138886 ], [ 26.095252174203146, -19.336753978348931 ], [ 26.095283791549569, -19.336697871447214 ], [ 26.095313618489229, -19.336640824061213 ], [ 26.095341368026567, -19.336582930932426 ], [ 26.09536713396496, -19.336524265789276 ], [ 26.09539101138569, -19.336464830149328 ], [ 26.095413188532884, -19.336404735362635 ], [ 26.095432999370857, -19.33634399789409 ], [ 26.09545101294216, -19.336282708080464 ], [ 26.0954666582915, -19.336220883903096 ], [ 26.095480599061624, -19.336158644294027 ], [ 26.095492359217506, -19.336096017777312 ], [ 26.095502127642686, -19.336033079597321 ], [ 26.095509523542159, -19.335969850768198 ], [ 26.095515020239336, -19.335906456215056 ], [ 26.095518236939537, -19.335842916951982 ], [ 26.09551964776443, -19.335779312772036 ], [ 26.095518776041612, -19.335715708304637 ], [ 26.095515716214145, -19.335652141171892 ], [ 26.095510561606897, -19.335588712180254 ], [ 26.095503407141834, -19.335525431872558 ], [ 26.09549406026709, -19.335462432611525 ], [ 26.095482711143521, -19.335399717429816 ], [ 26.095469263256852, -19.335337366048268 ], [ 26.095453715171992, -19.335275459703858 ], [ 26.095436066412162, -19.335214025475477 ], [ 26.095416600619505, -19.335153158175391 ], [ 26.095394841762278, -19.335092886326901 ], [ 26.095371168721169, -19.335033297232108 ], [ 26.095345770697591, -19.334974448081468 ], [ 26.09531826657923, -19.334916377940701 ], [ 26.095288655729235, -19.334859122914434 ], [ 26.095257601784422, -19.334802801933115 ], [ 26.095224438875228, -19.334747422433843 ], [ 26.095189356202578, -19.334693041606677 ], [ 26.095152637247004, -19.334639763289999 ], [ 26.095114281849924, -19.334587596509227 ], [ 26.095073909538197, -19.334536544223884 ], [ 26.095031993310073, -19.334486749410619 ], [ 26.094988532846816, -19.334438230121126 ], [ 26.094943337193339, -19.33439102845302 ], [ 26.094896881263612, -19.33434517906705 ], [ 26.094848593309106, -19.334300745073474 ], [ 26.094798853644146, -19.334257732537338 ], [ 26.094747850508696, -19.334216252806932 ], [ 26.094695678980969, -19.334176307397826 ], [ 26.094641958108248, -19.334137926347605 ], [ 26.094587067724426, -19.334101142800773 ], [ 26.094530911951892, -19.334066000371156 ], [ 26.094473869825055, -19.334032577335357 ], [ 26.094415561189692, -19.334000858598881 ], [ 26.094356080484182, -19.333970881782577 ], [ 26.09429590245951, -19.333942690574819 ], [ 26.094280161364527, -19.333935915935189 ] ] ] } },
{ "type": "Feature", "properties": { "fid": 93, "RIV_BND_": 3706, "RIV_BND_ID": 4343, "NAME": null, "IMPORTANT": 0 }, "geometry": { "type": "MultiLineString", "coordinates": [ [ [ 26.254382884642421, -19.439411269399777 ], [ 26.254450093236287, -19.439410454044548 ], [ 26.254517335698196, -19.439407625533057 ], [ 26.254584325960248, -19.439402815652731 ], [ 26.254651349933475, -19.439396001643168 ], [ 26.254717835636519, -19.439387238052472 ], [ 26.254784355045793, -19.439376470332284 ], [ 26.25485005087388, -19.439363739681848 ], [ 26.2549156840359, -19.439349075681314 ], [ 26.254980493612003, -19.439332448751212 ], [ 26.255044764146795, -19.43931391737863 ], [ 26.255108495789894, -19.439293472536427 ], [ 26.255171592779146, -19.439271148894417 ], [ 26.2552335787421, -19.439246975361112 ], [ 26.255295024744296, -19.439220951552073 ], [ 26.25535554926245, -19.439193125871313 ], [ 26.255414961686022, -19.439163513493998 ], [ 26.255473451559464, -19.439132162439051 ], [ 26.255530828727885, -19.439099060799247 ], [ 26.255587282128683, -19.439064292703396 ], [ 26.255642336149688, -19.439027841923885 ], [ 26.255696275032925, -19.438989785002292 ], [ 26.255748622407776, -19.438950150849049 ], [ 26.255799949036469, -19.438908957133382 ], [ 26.255849682485579, -19.43886628549085 ], [ 26.255898298820298, -19.438822125067794 ], [ 26.255945225000676, -19.438776593610207 ], [ 26.255990652545535, -19.438729621779284 ], [ 26.256034293417496, -19.438681358724022 ], [ 26.256076432466632, -19.43863184487542 ], [ 26.256116879692016, -19.438581059299814 ], [ 26.25615582327379, -19.438529131263213 ], [ 26.25619269260239, -19.43847603407265 ], [ 26.256228057074384, -19.438421866643441 ], [ 26.256261439411833, -19.438366712052755 ], [ 26.256293029920158, -19.438310573181273 ], [ 26.256322542385259, -19.43825349084846 ], [ 26.256350546051799, -19.438195572996474 ], [ 26.256376183338233, -19.438136878888816 ], [ 26.25640012031069, -19.438077418604635 ], [ 26.256421974541556, -19.438017294716133 ], [ 26.25644203103332, -19.437956538625883 ], [ 26.256459717510367, -19.437895222944331 ], [ 26.256475604431113, -19.437833383392832 ], [ 26.256489404520874, -19.437771123983378 ], [ 26.256501212326654, -19.437708482266348 ], [ 26.256510550877763, -19.437645523264408 ], [ 26.256518180935668, -19.437582285577669 ], [ 26.256523434467706, -19.437518876487101 ], [ 26.2565268819314, -19.437455331713185 ], [ 26.25652795120515, -19.437391714838995 ], [ 26.256526926532633, -19.437328102403686 ], [ 26.25652409276406, -19.437264534836306 ], [ 26.256518972474876, -19.437201104241801 ], [ 26.256511660667538, -19.437137821087372 ], [ 26.256502345371555, -19.437074823664886 ], [ 26.25649093143786, -19.43701211053477 ], [ 26.256477417503319, -19.436949762944469 ], [ 26.256461802204758, -19.436887862141457 ], [ 26.256444085089388, -19.436826435207994 ], [ 26.256424264642249, -19.436765572418899 ], [ 26.256402625712393, -19.436705314202523 ], [ 26.256378976633766, -19.436645738926849 ], [ 26.25635350680038, -19.436586903635657 ], [ 26.256325930002017, -19.436528849147052 ], [ 26.25629624563383, -19.436471611570337 ], [ 26.256265118085999, -19.436415300284899 ], [ 26.256231785392959, -19.436359948910358 ], [ 26.256196722856284, -19.436305591726658 ], [ 26.256159833505457, -19.436252335623323 ], [ 26.256121212492744, -19.436200182039141 ], [ 26.256080954363178, -19.436149168522842 ], [ 26.256038962145901, -19.436099401963872 ], [ 26.255995520839019, -19.436050913762859 ], [ 26.25595015393046, -19.436003741857498 ], [ 26.255903336719594, -19.435957920527933 ], [ 26.255855353444886, -19.435913526312621 ], [ 26.255805538051469, -19.435870549131693 ], [ 26.255754459622661, -19.435829105952987 ], [ 26.255702213308936, -19.435789198215314 ], [ 26.255648417900431, -19.435750856267902 ], [ 26.255593358393465, -19.435714111511725 ], [ 26.25553712917927, -19.435679010523081 ], [ 26.255480014494569, -19.435645629840781 ], [ 26.255421634039859, -19.435613945648747 ], [ 26.255362081902391, -19.435584022578254 ], [ 26.255301928832143, -19.435555878296011 ], [ 26.255240508470983, -19.435529520775447 ], [ 26.255178391416774, -19.435504976710948 ], [ 26.255115480999585, -19.435482334936541 ], [ 26.255051873127158, -19.435461551753846 ], [ 26.254987661885544, -19.435442691794623 ], [ 26.25492275303332, -19.435425699452782 ], [ 26.254857335351268, -19.435410667882909 ], [ 26.254791503835801, -19.435397607552087 ], [ 26.254725354242382, -19.435386483789948 ], [ 26.254658600510584, -19.435377328384607 ], [ 26.254591813084573, -19.43537017706036 ], [ 26.254524992417419, -19.435365002734372 ], [ 26.254457471847374, -19.435361831432616 ], [ 26.25439029878439, -19.4353606338627 ], [ 26.254323091865658, -19.435361449399792 ], [ 26.254255851088715, -19.435364278043565 ], [ 26.254188862509231, -19.435369088005668 ], [ 26.254122125669177, -19.435375906368598 ], [ 26.254055356178235, -19.435384665617629 ], [ 26.2539891237207, -19.435395446617012 ], [ 26.253923144210059, -19.435408163797231 ], [ 26.253857798093108, -19.435422831949055 ], [ 26.253792990065389, -19.435439458659541 ], [ 26.253728435584943, -19.435457985441325 ], [ 26.253664705399345, -19.435478429967539 ], [ 26.253601895264261, -19.43550075756982 ], [ 26.253539625183969, -19.435524926374899 ], [ 26.253478180455453, -19.43555094973371 ], [ 26.253417942589468, -19.435578779246253 ], [ 26.253358245835727, -19.435608386770763 ], [ 26.253299756852432, -19.43563974628568 ], [ 26.253242380791558, -19.435672838295787 ], [ 26.253186213561559, -19.43570761910577 ], [ 26.253131160466477, -19.435744060192988 ], [ 26.253077222264672, -19.435782116420789 ], [ 26.253024494865024, -19.435821744093989 ], [ 26.252973263869894, -19.435862938510027 ], [ 26.252923530797815, -19.43590560939526 ], [ 26.252875200193944, -19.435949773364506 ], [ 26.252828274184736, -19.435995304033991 ], [ 26.252782846704999, -19.43604227506615 ], [ 26.252739205789098, -19.436090537319281 ], [ 26.252697066593175, -19.436140050360304 ], [ 26.252656333662834, -19.436190830803724 ], [ 26.252617675179895, -19.436242762356599 ], [ 26.25258080538925, -19.436295858750622 ], [ 26.25254544035889, -19.436350025387405 ], [ 26.252512057362527, -19.436405179201124 ], [ 26.252480466099751, -19.436461317309774 ], [ 26.25245066733131, -19.436518394577039 ], [ 26.252422948182339, -19.436576316026681 ], [ 26.252396929266542, -19.436635003673242 ], [ 26.252373086339688, -19.436694464726145 ], [ 26.252351230925214, -19.436754587973304 ], [ 26.252331458631712, -19.436815347774928 ], [ 26.252313485375772, -19.436876658559392 ], [ 26.252297597068075, -19.436938497570303 ], [ 26.252284080987447, -19.437000760804022 ], [ 26.252272271686547, -19.437063402058971 ], [ 26.252262550835461, -19.437126363910512 ], [ 26.25225529995296, -19.437189597961684 ], [ 26.252249759351837, -19.437253002403768 ], [ 26.252246595700608, -19.437316551219979 ], [ 26.252245239310071, -19.437380163540038 ], [ 26.25224626230602, -19.437443775795341 ], [ 26.252249379845075, -19.437507347550778 ], [ 26.252254498449986, -19.437570778062497 ], [ 26.252261808577959, -19.43763406118677 ], [ 26.252271122208231, -19.437697058627741 ], [ 26.252282534494679, -19.437759771827267 ], [ 26.252296046655523, -19.437822128565429 ], [ 26.252311660516888, -19.437884020512268 ], [ 26.252329376081143, -19.437945447667527 ], [ 26.252348909567377, -19.438006306403153 ], [ 26.252370832495671, -19.438066569259739 ], [ 26.252394194567032, -19.43812614959889 ], [ 26.252419948668344, -19.438184980590773 ], [ 26.25244752419519, -19.438243035529027 ], [ 26.252476921909174, -19.438300269275665 ], [ 26.252508333787379, -19.438356585411196 ], [ 26.252541665439541, -19.438411937355617 ], [ 26.252576727019278, -19.438466295142149 ], [ 26.252613615503485, -19.438519551881946 ], [ 26.252651950285433, -19.438571701807177 ], [ 26.252692493190178, -19.43862272034055 ], [ 26.252734484826146, -19.438672487617698 ], [ 26.252777925649852, -19.438720976555235 ], [ 26.252823292182295, -19.438768149222824 ], [ 26.252869823510963, -19.43881397603139 ], [ 26.252918092220558, -19.438858366327153 ], [ 26.252967622094584, -19.438901339983481 ], [ 26.253018700565065, -19.438942783966596 ], [ 26.253071232479783, -19.438982696833694 ], [ 26.253125028141778, -19.439021039590521 ], [ 26.253180088006502, -19.439057785153519 ], [ 26.253235937071317, -19.439092881176869 ], [ 26.253293432770267, -19.439126277439886 ], [ 26.253351814035554, -19.43915795338248 ], [ 26.253411081321872, -19.439187881921217 ], [ 26.253471520845014, -19.439216022241546 ], [ 26.253532656537669, -19.43924238519072 ], [ 26.253595060224825, -19.439266925250429 ], [ 26.253657686291007, -19.43928956337335 ], [ 26.253721295346828, -19.43931034719845 ], [ 26.253785793301514, -19.439329212090954 ], [ 26.253850703479131, -19.439346205008967 ], [ 26.253915837091522, -19.439361232794749 ], [ 26.25398167005131, -19.43937429362553 ], [ 26.254048106596308, -19.439385422169305 ], [ 26.254114576416299, -19.439394573669169 ], [ 26.254181365422426, -19.439401725365254 ], [ 26.254248473156718, -19.439406904339339 ], [ 26.254315614766448, -19.439410070158178 ], [ 26.254382884642421, -19.439411269399777 ] ] ] } },
{ "type": "Feature", "properties": { "fid": 94, "RIV_BND_": 3634, "RIV_BND_ID": 2185, "NAME": null, "IMPORTANT": 0 }, "geometry": { "type": "MultiLineString", "coordinates": [ [ [ 26.836709829898492, -19.351589684294861 ], [ 26.836793300806182, -19.351588381708702 ], [ 26.836876613939832, -19.351584611213472 ], [ 26.836959768938431, -19.351578399903627 ], [ 26.837042671488454, -19.351569683427904 ], [ 26.837125226085565, -19.351558487750658 ], [ 26.837207336511121, -19.351544893025569 ], [ 26.837289003833032, -19.351528817969076 ], [ 26.83737013183281, -19.351510342735121 ], [ 26.83745053033941, -19.35148945603235 ], [ 26.837530294016432, -19.351466195117624 ], [ 26.837609136835535, -19.351440601759109 ], [ 26.837687059507768, -19.351412621768439 ], [ 26.837764250649911, -19.351382383847966 ], [ 26.837840139518711, -19.351349872187466 ], [ 26.837915011541043, -19.351315090177827 ], [ 26.837988580451494, -19.351278097651456 ], [ 26.838061130962991, -19.351238952188286 ], [ 26.838132091976281, -19.351197665074015 ], [ 26.838201843585832, -19.351154276955274 ], [ 26.838269909479081, -19.351108827342685 ], [ 26.838336574250711, -19.351061382847753 ], [ 26.838401647137072, -19.351011977338853 ], [ 26.838464841636888, -19.350960688712895 ], [ 26.838526538559311, -19.350907503426694 ], [ 26.838586260641652, -19.350852533244456 ], [ 26.838644292955415, -19.350795808651082 ], [ 26.838700349476515, -19.350737371417605 ], [ 26.838754333634338, -19.350677328795186 ], [ 26.838806531095674, -19.35061566611056 ], [ 26.838856369338195, -19.350552503031132 ], [ 26.838904323362989, -19.350487899394672 ], [ 26.83895001200489, -19.350421895843461 ], [ 26.838993434432361, -19.350354555600212 ], [ 26.839034589695174, -19.350285950919066 ], [ 26.839073571866912, -19.350216164214888 ], [ 26.839110190307178, -19.350145220325576 ], [ 26.839144348091139, -19.350073253596957 ], [ 26.839176234911406, -19.350000311446539 ], [ 26.839205564985939, -19.349926417583202 ], [ 26.839232431556759, -19.349851717642316 ], [ 26.83925673888951, -19.349776255654021 ], [ 26.839278676558219, -19.349700088066982 ], [ 26.839298052853863, -19.349623321002941 ], [ 26.83931477204273, -19.349545998491784 ], [ 26.839329023104359, -19.349468222139738 ], [ 26.839340614806233, -19.349390061942078 ], [ 26.839349546676225, -19.349311554025935 ], [ 26.839355911481451, -19.349232880152108 ], [ 26.839359805081166, -19.349153987260856 ], [ 26.83936103457842, -19.349075071788949 ], [ 26.839359504954043, -19.348996123576356 ], [ 26.83935549985376, -19.348917281483509 ], [ 26.839348828402848, -19.348838588410555 ], [ 26.839339394630855, -19.348760106449422 ], [ 26.839327482539932, -19.348681947365645 ], [ 26.839313091063254, -19.348604192443098 ], [ 26.839295934184744, -19.348526883452376 ], [ 26.839276486308208, -19.348450125385053 ], [ 26.839254270658547, -19.348373993879839 ], [ 26.839229571950565, -19.348298546512353 ], [ 26.839202388879325, -19.348223882628965 ], [ 26.83917272109128, -19.348150029323595 ], [ 26.839140661828004, -19.348077132229221 ], [ 26.839106306114822, -19.348005201505476 ], [ 26.839069462720303, -19.347934307145593 ], [ 26.839030320264655, -19.347864577848267 ], [ 26.838988878631337, -19.347796022643788 ], [ 26.838945136514294, -19.347728740877891 ], [ 26.838899188462101, -19.347662778836042 ], [ 26.838851128785119, -19.34759820086677 ], [ 26.83880095605759, -19.347535115347146 ], [ 26.838748670280939, -19.347473522275639 ], [ 26.838694365170003, -19.347413531158331 ], [ 26.838638135509882, -19.347355170217444 ], [ 26.838579980230669, -19.347298520735265 ], [ 26.838519898976038, -19.347243609804611 ], [ 26.838458176217181, -19.347190513064035 ], [ 26.838394621196542, -19.347139264379301 ], [ 26.83832942324382, -19.347089938259742 ], [ 26.838262677023415, -19.347042571959086 ], [ 26.838194286561073, -19.346997227567055 ], [ 26.838124537159075, -19.346953917501658 ], [ 26.83805323770201, -19.346912702723031 ], [ 26.837980768156225, -19.346873632905265 ], [ 26.837906938000856, -19.34683672385065 ], [ 26.837832031941957, -19.346802033135585 ], [ 26.837755859339349, -19.346769585593798 ], [ 26.837678800277079, -19.346739421868612 ], [ 26.837600664114603, -19.346711566793743 ], [ 26.837521736151899, -19.346686032788501 ], [ 26.837441920650658, -19.346662863879452 ], [ 26.837361502434248, -19.346642108612549 ], [ 26.837280196792431, -19.346623709407652 ], [ 26.837198478472033, -19.346607744165411 ], [ 26.837116347469678, -19.346594212884963 ], [ 26.837033613263063, -19.346583131368391 ], [ 26.836950846333956, -19.346574533489743 ], [ 26.836867666474234, -19.346568387633386 ], [ 26.836784263603924, -19.346564723153435 ], [ 26.836700828357198, -19.34656351521501 ], [ 26.836617455156283, -19.346564819137228 ], [ 26.836534145068988, -19.346568553635894 ], [ 26.836450897019901, -19.346574799994681 ], [ 26.836367997021625, -19.346583516446696 ], [ 26.836285540567978, -19.346594677027888 ], [ 26.836203432157635, -19.346608307702638 ], [ 26.836121672144131, -19.346624381376483 ], [ 26.836040546540367, -19.346642856283484 ], [ 26.83596015084051, -19.346663706460205 ], [ 26.835880484564715, -19.346686968033389 ], [ 26.835801643326416, -19.346712606008229 ], [ 26.835723628194344, -19.346740539101699 ], [ 26.835646533710239, -19.346770813602951 ], [ 26.835570551581409, -19.346803323396138 ], [ 26.835495776469028, -19.346838105739376 ], [ 26.835422114063917, -19.346875096282265 ], [ 26.835349660099698, -19.346914250999198 ], [ 26.835278605331634, -19.346955536027206 ], [ 26.835208950234243, -19.346998915241645 ], [ 26.835140790303587, -19.347044362680364 ], [ 26.835074221631764, -19.347091807223762 ], [ 26.835009149553393, -19.347141211616176 ], [ 26.834945765420802, -19.34719249683765 ], [ 26.834884259275992, -19.347245683215327 ], [ 26.834824347245391, -19.347300649947453 ], [ 26.834766505389322, -19.347357375597269 ], [ 26.834710353740615, -19.347415810483955 ], [ 26.834656369432921, -19.34747585188736 ], [ 26.834604266805862, -19.347537514478375 ], [ 26.834554238167478, -19.347600646985551 ], [ 26.834506378301729, -19.347665277636555 ], [ 26.834460783899889, -19.347731290154858 ], [ 26.83441717037471, -19.347798617927172 ], [ 26.83437601402812, -19.347867221454905 ], [ 26.834337125771849, -19.34793700816158 ], [ 26.834300506322855, -19.348007923859651 ], [ 26.834266251539301, -19.348079915493095 ], [ 26.834234553374515, -19.348152858885342 ], [ 26.834205222025549, -19.348226715648611 ], [ 26.834178353112897, -19.34830145078984 ], [ 26.83415394854665, -19.348376919805911 ], [ 26.834132008925753, -19.348453077540583 ], [ 26.834112725608755, -19.348529844974639 ], [ 26.834095909031543, -19.348607165656706 ], [ 26.834081655650071, -19.348684941372703 ], [ 26.834070061563001, -19.348763101003126 ], [ 26.83406103258617, -19.348841571164865 ], [ 26.834054664699213, -19.348920289769755 ], [ 26.834050959455769, -19.348999139408637 ], [ 26.83404972693398, -19.349078090723964 ], [ 26.834051253873952, -19.349157047764635 ], [ 26.834055256523548, -19.349235880694341 ], [ 26.834061925408424, -19.349314573713784 ], [ 26.834071261486223, -19.349393054570807 ], [ 26.834083075907717, -19.349471212623627 ], [ 26.83409765505607, -19.349548979015147 ], [ 26.83411461932111, -19.349626276965918 ], [ 26.834134255086049, -19.349703037618653 ], [ 26.834156468404768, -19.349779169525878 ], [ 26.834180974569776, -19.349854615102643 ], [ 26.834208250487116, -19.349929289691683 ], [ 26.834237821522379, -19.350003106349824 ], [ 26.834269878439802, -19.350076031213565 ], [ 26.834304422553849, -19.35014796493509 ], [ 26.834341264059603, -19.350218869123886 ], [ 26.834380309843894, -19.350288589111216 ], [ 26.834421749836213, -19.3503571542537 ], [ 26.834465490684678, -19.350424427945473 ], [ 26.834511437487357, -19.350490390990412 ], [ 26.834559496057235, -19.350554970003305 ], [ 26.834609667826371, -19.350618056604304 ], [ 26.8346619527962, -19.350679650791797 ], [ 26.834716352279237, -19.350739653217293 ], [ 26.834772486420963, -19.35079800516402 ], [ 26.834830641246057, -19.350854664867061 ], [ 26.834890722327572, -19.350909577003975 ], [ 26.834952445071803, -19.350962674958069 ], [ 26.835016000360252, -19.351013915832723 ], [ 26.83508129376505, -19.351063244305507 ], [ 26.835147945190982, -19.351110619723265 ], [ 26.835216336400624, -19.351155956294143 ], [ 26.835286086583075, -19.351199267554296 ], [ 26.835357386976469, -19.351240483512136 ], [ 26.835429857484172, -19.351279563515071 ], [ 26.835503784129425, -19.351316465797158 ], [ 26.835578691552733, -19.351351157606576 ], [ 26.835654770991329, -19.351383568951636 ], [ 26.835731926704202, -19.351413743857403 ], [ 26.835810064260784, -19.351441627002064 ], [ 26.835888898943907, -19.351467160802208 ], [ 26.835968811919084, -19.351490304622452 ], [ 26.836049231847884, -19.351511087802237 ], [ 26.836130444514165, -19.351529486638409 ], [ 26.836212165080799, -19.351545452579607 ], [ 26.836294393425327, -19.351558994656425 ], [ 26.836376939853409, -19.351570065448776 ], [ 26.836459899385652, -19.351578675118073 ], [ 26.836543081851037, -19.351584812370682 ], [ 26.836626487126793, -19.351588486237517 ], [ 26.836709829898492, -19.351589684294861 ] ] ] } },
{ "type": "Feature", "properties": { "fid": 95, "RIV_BND_": 3640, "RIV_BND_ID": 146, "NAME": null, "IMPORTANT": 0 }, "geometry": { "type": "MultiLineString", "coordinates": [ [ [ 26.529463613970897, -19.363148952955719 ], [ 26.527472331023098, -19.362323365918002 ], [ 26.527561236583857, -19.359652130126364 ], [ 26.529628756574798, -19.358188085397476 ], [ 26.531619910436511, -19.35901364351632 ], [ 26.531947097663252, -19.36131577352478 ], [ 26.529463613970897, -19.363148952955719 ] ] ] } },
{ "type": "Feature", "properties": { "fid": 96, "RIV_BND_": 3656, "RIV_BND_ID": 1512, "NAME": null, "IMPORTANT": 0 }, "geometry": { "type": "MultiLineString", "coordinates": [ [ [ 26.561327240540283, -19.377935732024579 ], [ 26.561420515608045, -19.377934445106952 ], [ 26.561513641939218, -19.377930365394228 ], [ 26.561606713996991, -19.37792353931075 ], [ 26.561699351485036, -19.377913943693382 ], [ 26.56179164926986, -19.377901597877539 ], [ 26.561883702486867, -19.37788650313896 ], [ 26.561974939484319, -19.377868706002168 ], [ 26.562065645946795, -19.377848192235231 ], [ 26.562155631186382, -19.37782498637657 ], [ 26.562244799521061, -19.377799123270417 ], [ 26.562332960128902, -19.377770636485614 ], [ 26.562420208145898, -19.377739527298619 ], [ 26.562506352884828, -19.377705820248998 ], [ 26.562591393132561, -19.377669596605678 ], [ 26.562675233745498, -19.37763085509464 ], [ 26.562757588762828, -19.37758962801059 ], [ 26.562838552380885, -19.377545979838796 ], [ 26.562918124059355, -19.377499946699828 ], [ 26.562996017838302, -19.377451560889138 ], [ 26.563072327646164, -19.377400904951561 ], [ 26.563147053212074, -19.377347996948426 ], [ 26.563219813302901, -19.377292876930454 ], [ 26.563290701982346, -19.377235618413021 ], [ 26.563359718308771, -19.377176284606549 ], [ 26.563426575787219, -19.377114943926763 ], [ 26.563491464024978, -19.377051644074445 ], [ 26.563554287613158, -19.376986401836437 ], [ 26.563614949128542, -19.376919369446327 ], [ 26.563673163152398, -19.376850543082192 ], [ 26.563729118352903, -19.376780033653084 ], [ 26.563782814327855, -19.376707868250566 ], [ 26.563834058784686, -19.376634179774143 ], [ 26.563882756316698, -19.376558985011055 ], [ 26.563928906119855, -19.376482338142214 ], [ 26.563972601052559, -19.376404393950459 ], [ 26.564013650435339, -19.376325176978238 ], [ 26.564051957519958, -19.376244794310409 ], [ 26.564087712050643, -19.376163284617043 ], [ 26.564120626598353, -19.376080779523374 ], [ 26.564150795634202, -19.375997325454637 ], [ 26.564178218221656, -19.375912985620982 ], [ 26.564202892752974, -19.375827868381418 ], [ 26.564224627342604, -19.375742079546107 ], [ 26.564243516193738, -19.375655683599362 ], [ 26.564259463097461, -19.375568751506471 ], [ 26.564272656590433, -19.375481403204329 ], [ 26.564282905459375, -19.375393699353953 ], [ 26.564290113093165, -19.375305738009605 ], [ 26.564294563838729, -19.375217595233213 ], [ 26.564296066349002, -19.375129340715208 ], [ 26.56429452374481, -19.375041090568988 ], [ 26.564290220104191, -19.374952938915651 ], [ 26.564282868807819, -19.37486496320069 ], [ 26.56427256419358, -19.374777218877245 ], [ 26.564259494663535, -19.374689834910715 ], [ 26.56424337333026, -19.374602906805837 ], [ 26.564224390072532, -19.37451646420017 ], [ 26.564202638422081, -19.374430616724911 ], [ 26.564178021633971, -19.374345471462629 ], [ 26.564150633776698, -19.374261101925143 ], [ 26.564120473780392, -19.37417758034989 ], [ 26.564087349761902, -19.374095012544636 ], [ 26.564051737147011, -19.374013422939388 ], [ 26.56401334810856, -19.373932970246042 ], [ 26.5639722775196, -19.373853673797147 ], [ 26.563928713913846, -19.37377565352709 ], [ 26.563882466615837, -19.373698933974943 ], [ 26.56383372375592, -19.373623662164253 ], [ 26.563782485336702, -19.37354983809325 ], [ 26.563728844752802, -19.373477580421675 ], [ 26.56367280079785, -19.373406970415562 ], [ 26.563614543480391, -19.373338028681484 ], [ 26.563553976053004, -19.373270862300235 ], [ 26.563491097711385, -19.37320552544826 ], [ 26.563426192660497, -19.373142103215034 ], [ 26.563359165226366, -19.373080630442903 ], [ 26.563290204609928, -19.373021181917096 ], [ 26.563219405545684, -19.372963785999374 ], [ 26.563146481009877, -19.372908547220689 ], [ 26.563071906688677, -19.372855471952207 ], [ 26.562995585697955, -19.372804676304042 ], [ 26.562917708579675, -19.372756144763979 ], [ 26.562838083849297, -19.372709956048048 ], [ 26.562757091650955, -19.372666142342762 ], [ 26.562674730773704, -19.37262478491397 ], [ 26.56259090607827, -19.372585882484554 ], [ 26.562505902704846, -19.372549456936859 ], [ 26.562419719307346, -19.372515598566647 ], [ 26.56233245061679, -19.372484335736296 ], [ 26.56224428690399, -19.372455670994242 ], [ 26.562155037354202, -19.37242963790743 ], [ 26.562065177648638, -19.372406242850122 ], [ 26.561974421297815, -19.372385554233265 ], [ 26.561883148845446, -19.372367577156417 ], [ 26.56179116961048, -19.372352336156894 ], [ 26.561698864539323, -19.372339809245588 ], [ 26.561606138087591, -19.372330022235367 ], [ 26.56151308458136, -19.372323030579143 ], [ 26.561419990232874, -19.37231878392414 ], [ 26.561326759900656, -19.372317280994132 ], [ 26.561233487507234, -19.372318604331952 ], [ 26.561140364934332, -19.372322648131348 ], [ 26.561047391101948, -19.372329484630068 ], [ 26.560954566139696, -19.372339104798122 ], [ 26.560862366667823, -19.372351451806274 ], [ 26.560770412134403, -19.372366520551264 ], [ 26.560679177815583, -19.372384344502095 ], [ 26.560588474374192, -19.372404857899046 ], [ 26.560498492482733, -19.37242803620526 ], [ 26.560409327004802, -19.372453898757062 ], [ 26.560320978339462, -19.372482418465825 ], [ 26.560233828105666, -19.372513528199224 ], [ 26.560147591426816, -19.372547188010678 ], [ 26.560062553037415, -19.372583446878842 ], [ 26.559978904955805, -19.372622189970922 ], [ 26.559896552445249, -19.372663388922859 ], [ 26.559815400500096, -19.372707033429847 ], [ 26.559735925205555, -19.372753102786426 ], [ 26.559658033708434, -19.372801442212211 ], [ 26.559581629524377, -19.372852140729915 ], [ 26.559507095485721, -19.372905049941942 ], [ 26.559434336453648, -19.372960168573744 ], [ 26.559363449177717, -19.373017389546995 ], [ 26.559294433522126, -19.373076721893554 ], [ 26.559227385833548, -19.373138085624444 ], [ 26.559162497730767, -19.373201392998009 ], [ 26.559099770020637, -19.373266589838028 ], [ 26.559039202972066, -19.373333658087251 ], [ 26.558980894009526, -19.373402445519144 ], [ 26.558924842460787, -19.373472997284647 ], [ 26.558871336563953, -19.373545127592319 ], [ 26.558820090773548, -19.373618841643207 ], [ 26.558771391983065, -19.373694043943342 ], [ 26.558725051264727, -19.373770641643389 ], [ 26.558681544980651, -19.373848595982182 ], [ 26.558640493928621, -19.37392781155609 ], [ 26.558602089866252, -19.374008191594179 ], [ 26.55856642847214, -19.374089701256644 ], [ 26.558533321088635, -19.374172229634116 ], [ 26.55850324475308, -19.374255692817094 ], [ 26.558475819725494, -19.37434003152002 ], [ 26.558451238303508, -19.37442511285294 ], [ 26.558429405891349, -19.374510899421118 ], [ 26.558410419111119, -19.374597293176194 ], [ 26.558394469454079, -19.37468421540644 ], [ 26.558381368128988, -19.374771564231363 ], [ 26.558371211220344, -19.374859277721207 ], [ 26.558363809667625, -19.374947272054623 ], [ 26.558359450908466, -19.375035415618399 ], [ 26.558358041020746, -19.375123625868227 ], [ 26.558359390001776, -19.375211882190534 ], [ 26.558363880831955, -19.375300027159899 ], [ 26.558371133635717, -19.375388010518396 ], [ 26.558381435178777, -19.375475745801012 ], [ 26.558394596669558, -19.375563131125798 ], [ 26.558410523916212, -19.375650102007121 ], [ 26.558429504626982, -19.375736508771276 ], [ 26.558451253256155, -19.375822356615405 ], [ 26.558475962373446, -19.375907494588262 ], [ 26.558503442513413, -19.37599186595585 ], [ 26.558533504613852, -19.376075386895117 ], [ 26.558566530176069, -19.376157999306262 ], [ 26.558602140936586, -19.376239544573306 ], [ 26.558640717723915, -19.376320009744788 ], [ 26.558681690919236, -19.376399305887947 ], [ 26.558725347019315, -19.376477364595285 ], [ 26.558771592906929, -19.37655404914188 ], [ 26.558820238441303, -19.376629347941872 ], [ 26.558871475249038, -19.376703173250554 ], [ 26.558925114803632, -19.376775405125024 ], [ 26.558981157107212, -19.376846043563383 ], [ 26.559039509040836, -19.376914951840309 ], [ 26.559100075466731, -19.376982128676648 ], [ 26.55916285813543, -19.377047456683652 ], [ 26.559227762177652, -19.377110916522625 ], [ 26.5592946942038, -19.377172389527654 ], [ 26.559363654617886, -19.377231848607266 ], [ 26.559434644092853, -19.37728924861046 ], [ 26.559507378824268, -19.377344477347151 ], [ 26.559581953682155, -19.377397554151536 ], [ 26.559658370414734, -19.377448361634563 ], [ 26.559736343601951, -19.377496895963404 ], [ 26.559815779178834, -19.377543083621173 ], [ 26.559896963101085, -19.377586892316859 ], [ 26.559979230330011, -19.37762824990299 ], [ 26.560062961422489, -19.377667161484322 ], [ 26.560148062446942, -19.377703544514265 ], [ 26.560234247846576, -19.377737404190672 ], [ 26.560321518156456, -19.37776870439269 ], [ 26.56040968416951, -19.377797370327432 ], [ 26.56049884102223, -19.377823403269652 ], [ 26.560588894109067, -19.37784676582212 ], [ 26.560679557871808, -19.377867463183847 ], [ 26.560770928253334, -19.377885442451262 ], [ 26.560862719560529, -19.377900717853656 ], [ 26.560955122741525, -19.377913246793494 ], [ 26.561047757769579, -19.377922988045857 ], [ 26.561140813710189, -19.377930025429791 ], [ 26.5612339112086, -19.377934272572219 ], [ 26.561327240540283, -19.377935732024579 ] ] ] } },
{ "type": "Feature", "properties": { "fid": 97, "RIV_BND_": 3586, "RIV_BND_ID": 1882, "NAME": null, "IMPORTANT": 0 }, "geometry": { "type": "MultiLineString", "coordinates": [ [ [ 26.875534366688473, -19.31048452467444 ], [ 26.876827445053113, -19.307847603955761 ], [ 26.876044563024408, -19.307060797167875 ], [ 26.874027902995099, -19.307002302216119 ], [ 26.872331471192727, -19.309627503789784 ], [ 26.875534366688473, -19.31048452467444 ] ] ] } },
{ "type": "Feature", "properties": { "fid": 98, "RIV_BND_": 3696, "RIV_BND_ID": 2510, "NAME": null, "IMPORTANT": 0 }, "geometry": { "type": "MultiLineString", "coordinates": [ [ [ 26.926019614603906, -19.345395952401674 ], [ 26.917809705852157, -19.353350900183077 ], [ 26.915390313513527, -19.358528508049783 ] ], [ [ 26.905847620328583, -19.369950893398439 ], [ 26.901009476932526, -19.374261917955788 ], [ 26.898471388235894, -19.378324523997261 ] ], [ [ 26.894661634513088, -19.384422053150121 ], [ 26.894209842040539, -19.385145103415461 ], [ 26.891266630922082, -19.388880541200201 ], [ 26.89099705808712, -19.389549370925099 ] ], [ [ 26.886656973604989, -19.400013199394408 ], [ 26.8821269078366, -19.410010968504682 ], [ 26.88038038990177, -19.417165386893121 ] ], [ [ 26.872538326457494, -19.42597166533551 ], [ 26.868177078724489, -19.429854667885976 ], [ 26.868093553042904, -19.432526613837513 ] ] ] } },
{ "type": "Feature", "properties": { "fid": 99, "RIV_BND_": 3599, "RIV_BND_ID": 4230, "NAME": null, "IMPORTANT": 0 }, "geometry": { "type": "MultiLineString", "coordinates": [ [ [ 26.447457343008878, -19.316665759849467 ], [ 26.449524779471265, -19.315202637143681 ], [ 26.447989030204162, -19.312862618107108 ], [ 26.444308957242516, -19.314275113600267 ], [ 26.444244572462502, -19.316183025903474 ], [ 26.447457343008878, -19.316665759849467 ] ] ] } },
{ "type": "Feature", "properties": { "fid": 100, "RIV_BND_": 2801, "RIV_BND_ID": 3252, "NAME": null, "IMPORTANT": 0 }, "geometry": { "type": "MultiLineString", "coordinates": [ [ [ 26.482697070892446, -18.498369763483261 ], [ 26.468051333558876, -18.50403097543391 ], [ 26.464327271696607, -18.507354243489193 ], [ 26.463449711054054, -18.509619207150052 ], [ 26.46270979817222, -18.519910665388849 ], [ 26.455272765148703, -18.526175113347847 ] ] ] } },
{ "type": "Feature", "properties": { "fid": 101, "RIV_BND_": 3397, "RIV_BND_ID": 2270, "NAME": null, "IMPORTANT": 0 }, "geometry": { "type": "MultiLineString", "coordinates": [ [ [ 26.830824880254102, -18.919864332217283 ], [ 26.835949032069788, -18.923451902593076 ], [ 26.840481660829973, -18.933135230158662 ], [ 26.842339920444775, -18.938156046441211 ], [ 26.851252769293705, -18.949494556348345 ], [ 26.853123115634567, -18.954133578546813 ], [ 26.854461330827654, -18.962959907774451 ], [ 26.855597880856521, -18.965285246181566 ], [ 26.862263182328576, -18.971209260757334 ], [ 26.869354945823758, -18.976381255338733 ], [ 26.878353889798635, -18.985046682209418 ], [ 26.890253963086579, -18.991120786161691 ], [ 26.900818325579614, -19.001358602594596 ], [ 26.913052892511761, -19.009733423541498 ], [ 26.91857242772819, -19.013712397734693 ], [ 26.92153641989097, -19.02220297035954 ], [ 26.922913498375159, -19.029883921146471 ], [ 26.924016367025978, -19.033354182400132 ], [ 26.936161112200608, -19.044781726122938 ], [ 26.940036674094362, -19.049859416572293 ], [ 26.9571444073793, -19.057224473139357 ], [ 26.962217728232766, -19.062717913501739 ], [ 26.961698871350951, -19.066523963327533 ], [ 26.960386155844432, -19.069925354345859 ], [ 26.963515464950309, -19.073070992432307 ], [ 26.969429589654531, -19.077441930949043 ], [ 26.970866943745484, -19.083213965875931 ], [ 26.973617144053534, -19.08558452480268 ], [ 26.97967079217862, -19.085374147493624 ], [ 26.983249907223435, -19.087003900783788 ] ] ] } },
{ "type": "Feature", "properties": { "fid": 102, "RIV_BND_": 2849, "RIV_BND_ID": 1604, "NAME": "Lukozi", "IMPORTANT": 1 }, "geometry": { "type": "MultiLineString", "coordinates": [ [ [ 26.482697070892446, -18.498369763483261 ], [ 26.482873327773902, -18.505251445928259 ], [ 26.478635783180291, -18.511997311991049 ], [ 26.478724469939401, -18.521550406868279 ], [ 26.477420281072661, -18.524566371312556 ], [ 26.46797694675454, -18.530769519226748 ], [ 26.460239014246895, -18.533968747124966 ], [ 26.456513812589058, -18.537291715230921 ], [ 26.456098482980668, -18.562109448107282 ] ] ] } },
{ "type": "Feature", "properties": { "fid": 103, "RIV_BND_": 2852, "RIV_BND_ID": 5408, "NAME": null, "IMPORTANT": 0 }, "geometry": { "type": "MultiLineString", "coordinates": [ [ [ 26.455272765148703, -18.526175113347847 ], [ 26.448914679387382, -18.52406841371149 ], [ 26.44570425471694, -18.523969044440179 ], [ 26.437852675622956, -18.530601892601734 ], [ 26.434253455389971, -18.530108223438159 ], [ 26.430742567971773, -18.526943242453033 ], [ 26.423907606638323, -18.527112934948772 ], [ 26.418099844798398, -18.532662379365998 ], [ 26.413884158091545, -18.538643191660242 ], [ 26.39741737380735, -18.538511682211642 ], [ 26.390155345511548, -18.539430794097164 ], [ 26.38498909972169, -18.53774122017936 ], [ 26.380147994674076, -18.538353626631917 ], [ 26.372771241908119, -18.542706371079142 ], [ 26.357577467775439, -18.552543011805511 ], [ 26.349734232862133, -18.558789990827979 ], [ 26.333086239899714, -18.563994757524927 ], [ 26.327493002730844, -18.563054058187998 ], [ 26.315205909973685, -18.558081488177255 ], [ 26.309975683116345, -18.558297752147951 ], [ 26.302259915680747, -18.56072683535891 ] ] ] } },
{ "type": "Feature", "properties": { "fid": 104, "RIV_BND_": 2858, "RIV_BND_ID": 4560, "NAME": null, "IMPORTANT": 0 }, "geometry": { "type": "MultiLineString", "coordinates": [ [ [ 26.781276585368335, -18.53329708590077 ], [ 26.793331556776998, -18.533266472529792 ], [ 26.798172547860066, -18.532643241856668 ], [ 26.806543806445045, -18.534797009628274 ], [ 26.816227198635122, -18.546540308875098 ], [ 26.816003599282794, -18.553793239264163 ], [ 26.820314300738083, -18.557356920595257 ], [ 26.829466849691336, -18.56029656510476 ], [ 26.838584493758677, -18.564381001258273 ], [ 26.846451166472889, -18.569957249037536 ], [ 26.854801946395931, -18.572872587521406 ], [ 26.860388552644846, -18.574179730732848 ], [ 26.873779851322883, -18.569979708179094 ], [ 26.881845774749106, -18.569064848327354 ] ] ] } },
{ "type": "Feature", "properties": { "fid": 105, "RIV_BND_": 2869, "RIV_BND_ID": 3102, "NAME": "Lukozi", "IMPORTANT": 1 }, "geometry": { "type": "MultiLineString", "coordinates": [ [ [ 26.456098482980668, -18.562109448107282 ], [ 26.447629909379032, -18.57521758265888 ], [ 26.447152626774805, -18.57749483508421 ], [ 26.445496800046438, -18.578971528696822 ] ] ] } },
{ "type": "Feature", "properties": { "fid": 106, "RIV_BND_": 2891, "RIV_BND_ID": 199, "NAME": null, "IMPORTANT": 0 }, "geometry": { "type": "MultiLineString", "coordinates": [ [ [ 26.894349832086828, -18.607249367038175 ], [ 26.891951495567604, -18.606798635796864 ], [ 26.890804670701023, -18.604855401126617 ], [ 26.892079282739438, -18.602599363376807 ], [ 26.894879101150465, -18.603061597072802 ], [ 26.896829338161112, -18.6050277905649 ], [ 26.894349832086828, -18.607249367038175 ] ] ] } },
{ "type": "Feature", "properties": { "fid": 107, "RIV_BND_": 2893, "RIV_BND_ID": 2656, "NAME": null, "IMPORTANT": 0 }, "geometry": { "type": "MultiLineString", "coordinates": [ [ [ 26.696259096069944, -18.528122226368584 ], [ 26.688098686584212, -18.53208278584442 ], [ 26.687151292837409, -18.536639298448723 ], [ 26.680146287129695, -18.542161961612607 ], [ 26.677825250837149, -18.55202626219695 ], [ 26.67570919619439, -18.555401782602086 ], [ 26.674311562735529, -18.561472959524064 ], [ 26.670906210495911, -18.567484357175978 ], [ 26.671065751783562, -18.575130085693196 ], [ 26.667331292807578, -18.578839279349264 ], [ 26.665896548633992, -18.586055371728353 ], [ 26.660044825101433, -18.593139657769516 ], [ 26.657818711749375, -18.599949995813311 ], [ 26.65078565343039, -18.606234523991557 ] ] ] } },
{ "type": "Feature", "properties": { "fid": 108, "RIV_BND_": 2896, "RIV_BND_ID": 5531, "NAME": null, "IMPORTANT": 0 }, "geometry": { "type": "MultiLineString", "coordinates": [ [ [ 26.455272765148703, -18.526175113347847 ], [ 26.448449459594723, -18.538188305936785 ], [ 26.441387444090267, -18.545227671582623 ], [ 26.432143529410549, -18.545322931846023 ], [ 26.427264324195821, -18.547081400620687 ], [ 26.425820330805617, -18.55429458840177 ], [ 26.420902495381526, -18.557197670338084 ], [ 26.418092903144068, -18.557110227030869 ], [ 26.40213514914803, -18.565780766228173 ], [ 26.385901622441128, -18.5706212601375 ], [ 26.37646558505827, -18.57643751173369 ], [ 26.363129817605987, -18.578692774000221 ], [ 26.354948126576041, -18.583019298140073 ], [ 26.346326263156012, -18.588477501800398 ], [ 26.335423826709953, -18.59004340277102 ], [ 26.330503766130434, -18.59294378828746 ], [ 26.320831052176466, -18.593783717618937 ], [ 26.313592812959175, -18.59393637343118 ], [ 26.310730986789252, -18.595373533525404 ], [ 26.302781003126974, -18.604670604405026 ] ] ] } },
{ "type": "Feature", "properties": { "fid": 109, "RIV_BND_": 2899, "RIV_BND_ID": 1023, "NAME": "Gwayi", "IMPORTANT": 1 }, "geometry": { "type": "MultiLineString", "coordinates": [ [ [ 27.177149983479531, -18.520941740526059 ], [ 27.175773318068309, -18.522219794299058 ] ], [ [ 27.148282123462181, -18.555001087792643 ], [ 27.146893837417622, -18.558283552502736 ] ], [ [ 27.13593055717698, -18.572495846608309 ], [ 27.135243239486453, -18.576541130899066 ], [ 27.137096639233942, -18.581941454870805 ], [ 27.136078219374269, -18.589803988762053 ] ] ] } },
{ "type": "Feature", "properties": { "fid": 110, "RIV_BND_": 2912, "RIV_BND_ID": 3332, "NAME": "Lukozi", "IMPORTANT": 1 }, "geometry": { "type": "MultiLineString", "coordinates": [ [ [ 26.445496800046438, -18.578971528696822 ], [ 26.439111777245564, -18.577627543738373 ], [ 26.434594828673511, -18.580543359856367 ], [ 26.429474454574692, -18.589552355301464 ], [ 26.424129098786555, -18.593206137723012 ], [ 26.422510618035144, -18.593537797313775 ], [ 26.417917064692677, -18.598742790263298 ], [ 26.414227803104176, -18.600919796248064 ], [ 26.408155088897615, -18.60225843472929 ], [ 26.398506917775471, -18.602339111847421 ], [ 26.396799395996094, -18.605341694271708 ], [ 26.396443203105491, -18.616026427728059 ], [ 26.395187704480151, -18.617515116328228 ] ] ] } },
{ "type": "Feature", "properties": { "fid": 111, "RIV_BND_": 2922, "RIV_BND_ID": 3958, "NAME": null, "IMPORTANT": 0 }, "geometry": { "type": "MultiLineString", "coordinates": [ [ [ 26.456098482980668, -18.562109448107282 ], [ 26.458469252312831, -18.56332878877711 ], [ 26.460789622230877, -18.566074561946525 ], [ 26.46278369099219, -18.57874247105271 ], [ 26.464226159101255, -18.583753152778208 ], [ 26.464326023504768, -18.592924468567407 ], [ 26.465454967304577, -18.595251422511879 ], [ 26.466433387332845, -18.602157798202658 ], [ 26.467211344408764, -18.602945840809056 ], [ 26.467374065688798, -18.610209034334517 ], [ 26.468716313725313, -18.618272700748008 ], [ 26.466795866619169, -18.627763601679145 ], [ 26.467473362169528, -18.631604616143743 ], [ 26.468251440923137, -18.632392668733434 ] ] ] } },
{ "type": "Feature", "properties": { "fid": 112, "RIV_BND_": 2928, "RIV_BND_ID": 5158, "NAME": null, "IMPORTANT": 0 }, "geometry": { "type": "MultiLineString", "coordinates": [ [ [ 26.549796121998771, -18.522578950555868 ], [ 26.54898110054652, -18.522936187659528 ], [ 26.549406836276489, -18.547016851969349 ], [ 26.551882914751737, -18.557406921546711 ], [ 26.55200019611663, -18.566197100394266 ], [ 26.555329010135267, -18.575084947730435 ], [ 26.55581058318543, -18.585032308012103 ], [ 26.561011710666673, -18.598179324169127 ], [ 26.566750653206636, -18.607140265317717 ], [ 26.568134699834243, -18.614058807933155 ], [ 26.567894358597332, -18.633916968907343 ], [ 26.568598689321146, -18.636994591490467 ] ] ] } },
{ "type": "Feature", "properties": { "fid": 113, "RIV_BND_": 2941, "RIV_BND_ID": 1326, "NAME": null, "IMPORTANT": 0 }, "geometry": { "type": "MultiLineString", "coordinates": [ [ [ 26.696259096069944, -18.528122226368584 ], [ 26.698169994975714, -18.531235256966198 ], [ 26.69737169794109, -18.54381940867205 ], [ 26.69563358893982, -18.547970494847878 ], [ 26.695806264486695, -18.555234632461165 ], [ 26.701616477300604, -18.574891563136546 ], [ 26.705756553790849, -18.583801432669727 ], [ 26.707290547539852, -18.586139175323787 ], [ 26.705539994790676, -18.590671990427211 ], [ 26.702560692792478, -18.595932506613131 ], [ 26.70250041858635, -18.597840963007425 ], [ 26.706809552493215, -18.601407104288633 ], [ 26.719941507179392, -18.605616080484847 ], [ 26.724191173325067, -18.611090393113304 ], [ 26.725971278775763, -18.618401998717975 ], [ 26.728896661069683, -18.627657720835394 ], [ 26.730011844251695, -18.643354938559931 ], [ 26.732182086271347, -18.651060114861028 ] ] ] } },
{ "type": "Feature", "properties": { "fid": 114, "RIV_BND_": 2945, "RIV_BND_ID": 2667, "NAME": null, "IMPORTANT": 0 }, "geometry": { "type": "MultiLineString", "coordinates": [ [ [ 27.046378809344908, -18.647773907407679 ], [ 27.036260027150799, -18.647939107821571 ], [ 27.018055011863964, -18.651633863597937 ], [ 27.001824251513948, -18.65652846554433 ] ] ] } },
{ "type": "Feature", "properties": { "fid": 115, "RIV_BND_": 2946, "RIV_BND_ID": 1331, "NAME": null, "IMPORTANT": 0 }, "geometry": { "type": "MultiLineString", "coordinates": [ [ [ 26.781276585368335, -18.53329708590077 ], [ 26.78344847899762, -18.541001843664645 ], [ 26.784947690454203, -18.544484205018765 ], [ 26.783943600601642, -18.550950057652116 ], [ 26.781817664290358, -18.554708722757137 ], [ 26.781982314583164, -18.562354887587006 ], [ 26.782429867667243, -18.573829973640208 ], [ 26.786833756462414, -18.587330895015018 ], [ 26.785073357137257, -18.592246408017235 ], [ 26.779674939959815, -18.597819736861524 ], [ 26.777572051382155, -18.600814808066456 ], [ 26.77491297930586, -18.608760426525194 ], [ 26.774711111123565, -18.615249617736168 ], [ 26.777734017686047, -18.621451100734404 ], [ 26.778891444298651, -18.623013204795456 ], [ 26.776681347509598, -18.629443700521136 ], [ 26.772876162770942, -18.635445374685965 ], [ 26.773135129252669, -18.640037723384342 ], [ 26.776170294157705, -18.645857526094275 ], [ 26.775554567764569, -18.652716675967376 ], [ 26.773426935752028, -18.656475011195269 ] ] ] } },
{ "type": "Feature", "properties": { "fid": 116, "RIV_BND_": 2966, "RIV_BND_ID": 5239, "NAME": null, "IMPORTANT": 0 }, "geometry": { "type": "MultiLineString", "coordinates": [ [ [ 26.549796121998771, -18.522578950555868 ], [ 26.555643548776462, -18.528105071370657 ], [ 26.562830818834012, -18.529469381129474 ], [ 26.567913215488371, -18.533825898211894 ], [ 26.569759842299245, -18.53884826815673 ], [ 26.572045158725906, -18.542737850878961 ], [ 26.571823606908652, -18.549607690325125 ], [ 26.580273496165017, -18.561706590591417 ], [ 26.590404243205345, -18.571563780598009 ], [ 26.592387018276732, -18.5723877400814 ], [ 26.597409802914004, -18.578651967540271 ], [ 26.601372627166036, -18.592906848565914 ], [ 26.599205694171925, -18.597807927599952 ], [ 26.595809268648825, -18.603435855581459 ], [ 26.591962001126504, -18.610578271339673 ], [ 26.583270838582891, -18.618338000547681 ], [ 26.579811933335851, -18.625873829078063 ], [ 26.578175815382711, -18.639195313600727 ], [ 26.577904574730876, -18.647591735358546 ], [ 26.582076138528947, -18.65535878482903 ], [ 26.58410421101226, -18.667263129898785 ], [ 26.583468323388644, -18.674502442672178 ] ] ] } },
{ "type": "Feature", "properties": { "fid": 117, "RIV_BND_": 2967, "RIV_BND_ID": 4875, "NAME": null, "IMPORTANT": 0 }, "geometry": { "type": "MultiLineString", "coordinates": [ [ [ 26.65078565343039, -18.606234523991557 ], [ 26.65223403593507, -18.611244409240133 ], [ 26.655714537834388, -18.615550947798706 ], [ 26.656298989959023, -18.62244522265966 ], [ 26.657406734815307, -18.625534687503514 ], [ 26.649885809116739, -18.634478775190718 ], [ 26.645991098984698, -18.643149155224297 ], [ 26.645820597602373, -18.64849263074392 ], [ 26.654839878686172, -18.655639401791742 ], [ 26.660816621204443, -18.657346285532409 ], [ 26.666817777524372, -18.658289605581132 ], [ 26.675095896266225, -18.663503120390804 ], [ 26.682704054870708, -18.664493875646681 ], [ 26.688926026620514, -18.671173842899709 ], [ 26.692384501656505, -18.67624331176518 ] ] ] } },
{ "type": "Feature", "properties": { "fid": 118, "RIV_BND_": 2969, "RIV_BND_ID": 4568, "NAME": null, "IMPORTANT": 0 }, "geometry": { "type": "MultiLineString", "coordinates": [ [ [ 26.468251440923137, -18.632392668733434 ], [ 26.473471686862318, -18.632553892344266 ], [ 26.474789472658617, -18.629156490778328 ], [ 26.475805859427236, -18.622693667703295 ], [ 26.482456372998811, -18.616022519560119 ], [ 26.484501703164177, -18.614939507740651 ], [ 26.493285242319246, -18.616737897661462 ], [ 26.501128612215204, -18.622709217518526 ], [ 26.506249044938784, -18.625922573584813 ], [ 26.508922728265969, -18.630206812121106 ], [ 26.512474535071672, -18.632225832721819 ], [ 26.520932628535341, -18.63172093200248 ], [ 26.528902284791876, -18.633874890367817 ], [ 26.538341711788522, -18.640275629510278 ], [ 26.541115824165612, -18.641506367128716 ], [ 26.544606288370726, -18.645433046123447 ], [ 26.546304344330807, -18.655035442121076 ], [ 26.552093568857106, -18.662470323572187 ], [ 26.553063099605659, -18.669758316938658 ], [ 26.560132544306107, -18.674939897232587 ], [ 26.56327187069213, -18.677327536747185 ] ] ] } },
{ "type": "Feature", "properties": { "fid": 119, "RIV_BND_": 2971, "RIV_BND_ID": 1101, "NAME": null, "IMPORTANT": 0 }, "geometry": { "type": "MultiLineString", "coordinates": [ [ [ 26.810870531272897, -18.680873960177102 ], [ 26.812962302802326, -18.678260314463856 ], [ 26.811000565521752, -18.676674981667492 ], [ 26.808530750493333, -18.67851344214073 ], [ 26.809275193996957, -18.680445481681385 ], [ 26.810870531272897, -18.680873960177102 ] ] ] } },
{ "type": "Feature", "properties": { "fid": 120, "RIV_BND_": 2992, "RIV_BND_ID": 4056, "NAME": "Lukozi", "IMPORTANT": 1 }, "geometry": { "type": "MultiLineString", "coordinates": [ [ [ 26.395187704480151, -18.617515116328228 ], [ 26.388763684757738, -18.61731407347526 ], [ 26.38508644577708, -18.619108837403292 ], [ 26.382046385679843, -18.625889426725433 ], [ 26.380624666030702, -18.632338691742454 ], [ 26.376003406887783, -18.638305512443338 ], [ 26.374594364750919, -18.644373120447398 ], [ 26.369220484312791, -18.648788113819119 ], [ 26.364337471610046, -18.650544495511049 ], [ 26.362679949462972, -18.652020306818162 ], [ 26.358638599185543, -18.652657025768736 ], [ 26.355699409158653, -18.656384304800415 ], [ 26.354767833630628, -18.660174809129227 ], [ 26.34940580974606, -18.664207518288432 ], [ 26.345261489927715, -18.667896571386272 ], [ 26.342723053739601, -18.671636231472874 ], [ 26.337399310020235, -18.674523840262932 ], [ 26.333591291124076, -18.680133080924701 ], [ 26.330521986857892, -18.68767552153248 ], [ 26.329991253320451, -18.691478518454364 ] ] ] } },
{ "type": "Feature", "properties": { "fid": 121, "RIV_BND_": 3000, "RIV_BND_ID": 2714, "NAME": null, "IMPORTANT": 0 }, "geometry": { "type": "MultiLineString", "coordinates": [ [ [ 26.468251440923137, -18.632392668733434 ], [ 26.463732437376471, -18.647533275267001 ], [ 26.4635185554435, -18.654020804593912 ], [ 26.468576022855146, -18.659143273035433 ], [ 26.475679499840361, -18.66318279934714 ], [ 26.484239652250899, -18.671851148699947 ], [ 26.491319283928977, -18.676653458857714 ], [ 26.492788232030129, -18.680900808478199 ], [ 26.498286641770601, -18.684890176064687 ], [ 26.505492398588711, -18.685875730855191 ], [ 26.510903638908957, -18.692536199947721 ], [ 26.519240057195912, -18.695848087035216 ], [ 26.523145131561794, -18.699405928155571 ] ] ] } },
{ "type": "Feature", "properties": { "fid": 122, "RIV_BND_": 3241, "RIV_BND_ID": 179, "NAME": null, "IMPORTANT": 0 }, "geometry": { "type": "MultiLineString", "coordinates": [ [ [ 26.427255397290111, -18.909979041433495 ], [ 26.424478182125352, -18.908746226295602 ], [ 26.426201976615417, -18.905362196287189 ], [ 26.427421415942693, -18.905018326288008 ], [ 26.429368689282168, -18.906989145881344 ], [ 26.427255397290111, -18.909979041433495 ] ] ] } },
{ "type": "Feature", "properties": { "fid": 123, "RIV_BND_": 3015, "RIV_BND_ID": 4067, "NAME": null, "IMPORTANT": 0 }, "geometry": { "type": "MultiLineString", "coordinates": [ [ [ 26.65078565343039, -18.606234523991557 ], [ 26.648364109272602, -18.606544100746305 ], [ 26.643338332251535, -18.612888363739586 ], [ 26.636693712130775, -18.619565943566428 ], [ 26.636303545792124, -18.631779533311892 ], [ 26.640392211999142, -18.642217273328665 ], [ 26.639004467205702, -18.647906265514372 ], [ 26.636107451803465, -18.650493616571254 ], [ 26.619053928024254, -18.655711595042789 ], [ 26.612480237005737, -18.660097977006551 ], [ 26.607595298843147, -18.674467991110731 ], [ 26.604148345106381, -18.681622552545935 ], [ 26.602709592279375, -18.688837731343448 ], [ 26.61007277657626, -18.69746477033528 ], [ 26.6143081846241, -18.703323027192365 ], [ 26.621782844652003, -18.708514738686393 ] ] ] } },
{ "type": "Feature", "properties": { "fid": 124, "RIV_BND_": 3026, "RIV_BND_ID": 2718, "NAME": "Lukozi", "IMPORTANT": 1 }, "geometry": { "type": "MultiLineString", "coordinates": [ [ [ 26.329991253320451, -18.691478518454364 ], [ 26.323564839521602, -18.6912748804214 ], [ 26.316154225301478, -18.696387479426129 ], [ 26.302095995863933, -18.695940676572892 ], [ 26.298429429490145, -18.697351848573096 ], [ 26.294244017145125, -18.702184179662925 ], [ 26.288438761935403, -18.707346673285869 ], [ 26.279756077343094, -18.714326901519922 ] ] ] } },
{ "type": "Feature", "properties": { "fid": 125, "RIV_BND_": 3060, "RIV_BND_ID": 5254, "NAME": null, "IMPORTANT": 0 }, "geometry": { "type": "MultiLineString", "coordinates": [ [ [ 26.699072722059157, -18.744446769940527 ], [ 26.701544594687181, -18.742609964305995 ], [ 26.70080123454991, -18.740677635665449 ], [ 26.696770175574319, -18.740939894902503 ], [ 26.696259389101115, -18.744363126636944 ], [ 26.699072722059157, -18.744446769940527 ] ] ] } },
{ "type": "Feature", "properties": { "fid": 126, "RIV_BND_": 3069, "RIV_BND_ID": 809, "NAME": null, "IMPORTANT": 0 }, "geometry": { "type": "MultiLineString", "coordinates": [ [ [ 26.445496800046438, -18.578971528696822 ], [ 26.444141161078555, -18.5835135966575 ], [ 26.440790893095869, -18.587611757491505 ], [ 26.439647297135785, -18.597890386773678 ], [ 26.441076437563524, -18.603282773407663 ], [ 26.442455266588716, -18.610201631980221 ], [ 26.442303920385559, -18.614780997428618 ], [ 26.437672348334377, -18.621131279833474 ], [ 26.435800824328481, -18.629095181564129 ], [ 26.432787832956333, -18.63511356425758 ], [ 26.431896058351189, -18.637759878386234 ], [ 26.431914498616496, -18.661444510704559 ], [ 26.431035089490802, -18.663709137217079 ], [ 26.424757164372089, -18.671153693274611 ], [ 26.421315831671354, -18.67792242398184 ], [ 26.422757493150936, -18.682933339282698 ], [ 26.435442766752761, -18.700518297711035 ], [ 26.438728771852169, -18.710552522433794 ], [ 26.451556584102192, -18.723939082592199 ], [ 26.452974100409232, -18.729713110656764 ], [ 26.452632956778171, -18.7400165931689 ], [ 26.458043376015876, -18.746678487992639 ] ] ] } },
{ "type": "Feature", "properties": { "fid": 127, "RIV_BND_": 3083, "RIV_BND_ID": 5518, "NAME": null, "IMPORTANT": 0 }, "geometry": { "type": "MultiLineString", "coordinates": [ [ [ 26.395187704480151, -18.617515116328228 ], [ 26.393428916868796, -18.622044051017387 ], [ 26.388343133557591, -18.629906665052228 ], [ 26.385226405757663, -18.638976823991882 ], [ 26.385155665323438, -18.653108291669184 ], [ 26.382580270352246, -18.657993397028957 ], [ 26.382063540352725, -18.661415137958361 ], [ 26.375420547501275, -18.667700419487129 ], [ 26.371562845350503, -18.674836960350781 ], [ 26.371439705041503, -18.690494590873588 ], [ 26.370833085021779, -18.69658730240722 ], [ 26.371457002117594, -18.701954756918603 ], [ 26.376863193070378, -18.70861851579372 ], [ 26.381606877337738, -18.711059472852281 ], [ 26.386829406795105, -18.711223393892009 ], [ 26.393441624596448, -18.717924572885554 ], [ 26.404537416048615, -18.722855947068687 ], [ 26.412368948869339, -18.729212708318602 ], [ 26.418995524313189, -18.735531600565107 ], [ 26.418486764008758, -18.750795543818764 ], [ 26.421108646908259, -18.756607324698535 ], [ 26.426230982302371, -18.759823126270256 ], [ 26.438197721888944, -18.762869958703355 ] ] ] } },
{ "type": "Feature", "properties": { "fid": 128, "RIV_BND_": 3262, "RIV_BND_ID": 2828, "NAME": null, "IMPORTANT": 0 }, "geometry": { "type": "MultiLineString", "coordinates": [ [ [ 26.88416473071559, -18.931722994525931 ], [ 26.884231947270795, -18.931721926587077 ], [ 26.884298904328681, -18.931718852928988 ], [ 26.884365886434242, -18.931713790347743 ], [ 26.884432513972389, -18.931706733609818 ], [ 26.884498976673143, -18.931697691202871 ], [ 26.884564894716739, -18.931686674151884 ], [ 26.884630647588367, -18.931673697625513 ], [ 26.884695760664737, -18.931658763437639 ], [ 26.884760518365887, -18.931641898319572 ], [ 26.884824540849564, -18.931623115103466 ], [ 26.884887922871826, -18.931602426614052 ], [ 26.884950664123568, -18.931579857238926 ], [ 26.885012669321547, -18.931555435702641 ], [ 26.885073653586868, -18.931529171404371 ], [ 26.885133996086697, -18.931501104802528 ], [ 26.885193032148031, -18.931471254516264 ], [ 26.885251330875203, -18.931439653232712 ], [ 26.885308512188256, -18.931406332753152 ], [ 26.885364480804803, -18.93137132180286 ], [ 26.885419331129313, -18.931334661206783 ], [ 26.885472872894244, -18.931296384930757 ], [ 26.885525200561158, -18.931256529283587 ], [ 26.885575933960336, -18.931215133293335 ], [ 26.885625642014439, -18.931172244097656 ], [ 26.885673659893602, -18.931127892963016 ], [ 26.885720176852118, -18.93108212631239 ], [ 26.885765287136213, -18.931034997615669 ], [ 26.885808705448991, -18.930986549693049 ], [ 26.885850621079104, -18.930936826257561 ], [ 26.885890653710831, -18.93088587808003 ], [ 26.885929182364791, -18.930833757359498 ], [ 26.885965826714358, -18.930780515770117 ], [ 26.88600077593501, -18.93072620605702 ], [ 26.886033934474153, -18.930670878623431 ], [ 26.886065206756722, -18.930614585679024 ], [ 26.886094591954226, -18.930557393160306 ], [ 26.886121994605634, -18.930499344244701 ], [ 26.886147508719993, -18.930440511369628 ], [ 26.886171133753258, -18.930380937890767 ], [ 26.886192773915244, -18.930320693178981 ], [ 26.88621233357507, -18.930259833960072 ], [ 26.886229906980802, -18.930198413703394 ], [ 26.886245398331344, -18.930136502682998 ], [ 26.886258901829393, -18.930074157981014 ], [ 26.886270226928026, -18.93001143614481 ], [ 26.886279467659627, -18.929948407804716 ], [ 26.886286813098021, -18.929885133833917 ], [ 26.886291882875035, -18.929821669519754 ], [ 26.886294960912828, -18.929758081332874 ], [ 26.886295761657795, -18.929694432867837 ], [ 26.886294569077414, -18.929630786982148 ], [ 26.886291287473593, -18.929567205820284 ], [ 26.886285821102973, -18.929503755139606 ], [ 26.88627826412295, -18.929440495634431 ], [ 26.886268710702094, -18.929377487095849 ], [ 26.886257065165211, -18.929314789861607 ], [ 26.886243326616981, -18.929252475286319 ], [ 26.886227494355204, -18.929190599369701 ], [ 26.886209662616405, -18.92912921648319 ], [ 26.88618983044821, -18.929068402497361 ], [ 26.886167902402686, -18.929008199685004 ], [ 26.886144067404775, -18.928948680660195 ], [ 26.88611822983594, -18.928889901244041 ], [ 26.886090483909403, -18.928831917614136 ], [ 26.88606082894508, -18.928774783963274 ], [ 26.886029359030896, -18.928718566404438 ], [ 26.885995883791363, -18.928663307935039 ], [ 26.885960687179768, -18.928609072314838 ], [ 26.885923863465248, -18.928555911205226 ], [ 26.885885032349819, -18.928503874472405 ], [ 26.885844762658046, -18.928453016475874 ], [ 26.885802674159958, -18.928403381662346 ], [ 26.885758955948894, -18.928355029097144 ], [ 26.885713702475051, -18.928307995989879 ], [ 26.885667007983844, -18.928262335808149 ], [ 26.885618587206242, -18.928218089563789 ], [ 26.885568819270279, -18.928175300421117 ], [ 26.885517703539382, -18.928134018959604 ], [ 26.885465334553722, -18.928094275163144 ], [ 26.885411521891154, -18.928056115641105 ], [ 26.885356644826302, -18.928019571816289 ], [ 26.885300418089599, -18.927984684700149 ], [ 26.885243126005797, -18.927951488246674 ], [ 26.885184863102783, -18.92792001334313 ], [ 26.8851254391056, -18.927890294856798 ], [ 26.885065138520229, -18.927862352290461 ], [ 26.885003865929921, -18.927836225206221 ], [ 26.884941905840204, -18.927811933107144 ], [ 26.884878973185572, -18.927789500746119 ], [ 26.884815542267543, -18.927768950693803 ], [ 26.88475132810002, -18.92775030138047 ], [ 26.884686615108333, -18.927733578632267 ], [ 26.884621403188138, -18.927718790577451 ], [ 26.884555597263137, -18.92770594968151 ], [ 26.884489576718838, -18.927695078337067 ], [ 26.884423056739472, -18.92768618142588 ], [ 26.884356416869544, -18.927679268695837 ], [ 26.884289467208323, -18.927674345207635 ], [ 26.884222492396415, -18.927671419627277 ], [ 26.884155302612651, -18.927670490692833 ], [ 26.884088277435392, -18.927671565443443 ], [ 26.884021322060864, -18.927674634667504 ], [ 26.883954341526103, -18.927679701798422 ], [ 26.88388771561414, -18.927686757617924 ], [ 26.883821254560662, -18.927695796347983 ], [ 26.883755243188183, -18.927706812204299 ], [ 26.883689586715793, -18.927719794168958 ], [ 26.883624380317912, -18.927734721647447 ], [ 26.883559718987026, -18.927751588497003 ], [ 26.883495697874963, -18.927770375929818 ], [ 26.88343222233755, -18.92779106208943 ], [ 26.883369482453237, -18.927813627464488 ], [ 26.883307478459006, -18.927838053087889 ], [ 26.883246495439742, -18.927864312402544 ], [ 26.883186248966844, -18.927892379579863 ], [ 26.88312702407994, -18.927922231675876 ], [ 26.883068916125087, -18.927953834548671 ], [ 26.883011735748411, -18.927987149904187 ], [ 26.882955767921775, -18.928022160218198 ], [ 26.882900918297814, -18.928058820150685 ], [ 26.882847282245873, -18.928097093753504 ], [ 26.882795049982533, -18.928136950677892 ], [ 26.882744222087485, -18.928178344860573 ], [ 26.882694609196168, -18.928221238910574 ], [ 26.882646591527003, -18.928265589290891 ], [ 26.882600074733499, -18.928311350661577 ], [ 26.882554964469218, -18.928358477682519 ], [ 26.88251154599244, -18.928406930250006 ], [ 26.882469630235146, -18.928456647489078 ], [ 26.882429597291907, -18.928507595798813 ], [ 26.882391068241276, -18.928559715750403 ], [ 26.882354328490415, -18.928612955498423 ], [ 26.882319378620682, -18.928667268979687 ], [ 26.88228621939562, -18.928722595679339 ], [ 26.882254946392109, -18.92877888339174 ], [ 26.882225655175851, -18.92883608081457 ], [ 26.882198251640844, -18.92889412363979 ], [ 26.882172736437365, -18.92895296038467 ], [ 26.882149110341079, -18.929012529630981 ], [ 26.882127468997929, -18.929072773753681 ], [ 26.882107813126918, -18.929133635850622 ], [ 26.882090333369884, -18.929195052154498 ], [ 26.882074840648624, -18.929256962692708 ], [ 26.882061335671011, -18.929319311466145 ], [ 26.88205000915902, -18.929382028384829 ], [ 26.882040766916258, -18.929445056365978 ], [ 26.882033419875803, -18.929508334533406 ], [ 26.882028348523693, -18.929571798577122 ], [ 26.882025268956788, -18.92963538111788 ], [ 26.882024466586032, -18.929699030310335 ], [ 26.882025562637548, -18.929762674981692 ], [ 26.882028937529729, -18.929826256241149 ], [ 26.88203440226394, -18.929889707792775 ], [ 26.882041862666419, -18.929952970746658 ], [ 26.88205150939184, -18.930015980431662 ], [ 26.882063153407064, -18.930078673261217 ], [ 26.882076890404964, -18.930140987996481 ], [ 26.882092721093819, -18.930202868637402 ], [ 26.882110456508403, -18.93026424617797 ], [ 26.882130382094715, -18.930325066062391 ], [ 26.882152308819084, -18.930385264703862 ], [ 26.88217614249572, -18.930444784115235 ], [ 26.882201978760399, -18.93050356757329 ], [ 26.882229723484055, -18.930561552574691 ], [ 26.882259377397119, -18.930618681312463 ], [ 26.882290846199417, -18.930674904831534 ], [ 26.882324225640286, -18.930730157376136 ], [ 26.882359516267726, -18.930784395590724 ], [ 26.882396339190265, -18.930837557334023 ], [ 26.882435169550721, -18.930889599248694 ], [ 26.882475438634948, -18.930940457929676 ], [ 26.882517526680306, -18.930990088935932 ], [ 26.882561244423165, -18.931038446744669 ], [ 26.882606497641643, -18.93108547607812 ], [ 26.882653191920138, -18.9311311370131 ], [ 26.882701612533513, -18.931175388540836 ], [ 26.882751380531278, -18.931218173036406 ], [ 26.88280240138338, -18.931259459609052 ], [ 26.882854865527008, -18.931299200747077 ], [ 26.882908488620512, -18.931337363393027 ], [ 26.882963555961066, -18.93137390473121 ], [ 26.883019783183844, -18.931408793510712 ], [ 26.883076980954613, -18.93144198962867 ], [ 26.88313533945961, -18.931473465444036 ], [ 26.883194764167662, -18.931503190066163 ], [ 26.883255065675726, -18.931531128811592 ], [ 26.883316244312532, -18.931557255485927 ], [ 26.883378300338432, -18.931581549313997 ], [ 26.88344113914194, -18.931603985727971 ], [ 26.883504666202452, -18.931624532934279 ], [ 26.883568786714708, -18.931643181720094 ], [ 26.883633595867277, -18.931659910586955 ], [ 26.883698809156623, -18.931674699124049 ], [ 26.883764616563294, -18.93168753594809 ], [ 26.883830638575134, -18.931698407694768 ], [ 26.883897065104311, -18.931707308400085 ], [ 26.883963801481528, -18.93171421801307 ], [ 26.884030752718903, -18.931719141772916 ], [ 26.884097729138634, -18.931722066675142 ], [ 26.88416473071559, -18.931722994525931 ] ] ] } },
{ "type": "Feature", "properties": { "fid": 129, "RIV_BND_": 3091, "RIV_BND_ID": 4557, "NAME": null, "IMPORTANT": 0 }, "geometry": { "type": "MultiLineString", "coordinates": [ [ [ 26.889202793048224, -18.775982046742428 ], [ 26.885560980081625, -18.776641597643081 ], [ 26.885549200041961, -18.777023335691826 ] ] ] } },
{ "type": "Feature", "properties": { "fid": 130, "RIV_BND_": 3095, "RIV_BND_ID": 4658, "NAME": null, "IMPORTANT": 0 }, "geometry": { "type": "MultiLineString", "coordinates": [ [ [ 26.329991253320451, -18.691478518454364 ], [ 26.333049840846883, -18.696159086371491 ], [ 26.339437945430351, -18.697507134681896 ], [ 26.343676009143831, -18.702988843707477 ], [ 26.345713037845925, -18.71413067619126 ], [ 26.348344668311064, -18.719561542386675 ], [ 26.349758836818264, -18.725335937051412 ], [ 26.363682166205134, -18.741818489742833 ], [ 26.367157014185331, -18.746129798231085 ], [ 26.369622963544536, -18.756521077579322 ], [ 26.370738678330568, -18.759230111206648 ], [ 26.370289534783574, -18.772585430090771 ], [ 26.372157425331583, -18.776846104521763 ] ] ] } },
{ "type": "Feature", "properties": { "fid": 131, "RIV_BND_": 3437, "RIV_BND_ID": 1780, "NAME": null, "IMPORTANT": 0 }, "geometry": { "type": "MultiLineString", "coordinates": [ [ [ 26.801012065396765, -19.126069642032114 ], [ 26.803855982860775, -19.125388932464563 ], [ 26.804282794204617, -19.124637335788385 ], [ 26.801558760130643, -19.121501019527809 ], [ 26.79912973729785, -19.121811814307591 ], [ 26.798654844214095, -19.124090206754463 ], [ 26.801012065396765, -19.126069642032114 ] ] ] } },
{ "type": "Feature", "properties": { "fid": 132, "RIV_BND_": 3111, "RIV_BND_ID": 4915, "NAME": null, "IMPORTANT": 0 }, "geometry": { "type": "MultiLineString", "coordinates": [ [ [ 27.260056092224591, -18.787377839772834 ], [ 27.260228465181335, -18.790470573784972 ], [ 27.262837719010406, -18.797800768687178 ], [ 27.264011689289983, -18.798978532496708 ] ] ] } },
{ "type": "Feature", "properties": { "fid": 133, "RIV_BND_": 3119, "RIV_BND_ID": 3625, "NAME": null, "IMPORTANT": 0 }, "geometry": { "type": "MultiLineString", "coordinates": [ [ [ 26.955665391424187, -18.800421845053222 ], [ 26.951655772609076, -18.799925972727525 ], [ 26.950909269624951, -18.797994339143216 ], [ 26.953804808393091, -18.795401899043444 ], [ 26.958216439470505, -18.795909116986966 ], [ 26.95859549243951, -18.796684052796088 ], [ 26.956492691571452, -18.799681132920941 ], [ 26.955665391424187, -18.800421845053222 ] ] ] } },
{ "type": "Feature", "properties": { "fid": 134, "RIV_BND_": 3146, "RIV_BND_ID": 2851, "NAME": null, "IMPORTANT": 0 }, "geometry": { "type": "MultiLineString", "coordinates": [ [ [ 26.333318442897255, -18.811722597218548 ], [ 26.333384854164237, -18.811720305116989 ], [ 26.333450765682468, -18.811713625931478 ], [ 26.333515797818755, -18.811702581324276 ], [ 26.333580423287781, -18.811687259333656 ], [ 26.333643218942427, -18.811667711851147 ], [ 26.333704657355611, -18.811644035944425 ], [ 26.333764357329219, -18.81161635259306 ], [ 26.333821463522472, -18.811584785027144 ], [ 26.333876542455606, -18.811549485842537 ], [ 26.333928642850317, -18.811510649144079 ], [ 26.333977667057685, -18.811468454152759 ], [ 26.334023706745015, -18.811423100858182 ], [ 26.334066189410251, -18.8113748158754 ], [ 26.334104922037366, -18.811323813184881 ], [ 26.334139900214918, -18.811270372679296 ], [ 26.334171025159083, -18.81121474580943 ], [ 26.334197629144573, -18.811157184921541 ], [ 26.334220276277392, -18.811097996098749 ], [ 26.334238393491379, -18.811037442071328 ], [ 26.334252070466796, -18.810975849230438 ], [ 26.334261113338563, -18.81091348572809 ], [ 26.334265327530556, -18.810850664859792 ], [ 26.334265087265806, -18.810787708053422 ], [ 26.33426048251005, -18.81072492364147 ], [ 26.334251129515106, -18.810662595121244 ], [ 26.334236928505355, -18.81060103714232 ], [ 26.334218633471188, -18.810540540438289 ], [ 26.334195860094955, -18.810481424620288 ], [ 26.334168604396101, -18.810423942491322 ], [ 26.334137525136505, -18.810368410514837 ], [ 26.334102239420901, -18.810315058013824 ], [ 26.334063026811691, -18.810264196029191 ], [ 26.334020168578355, -18.810216027257141 ], [ 26.333974134876605, -18.810170802248624 ], [ 26.333924637608391, -18.810128751681063 ], [ 26.333872242438854, -18.810090082317181 ], [ 26.333817136546344, -18.810054950353972 ], [ 26.33375979079463, -18.810023561198872 ], [ 26.333700108104942, -18.809996057953285 ], [ 26.333638560620589, -18.809972564766575 ], [ 26.333575431027985, -18.809953194048376 ], [ 26.333511096527388, -18.809938077621755 ], [ 26.333445746570675, -18.80992722722527 ], [ 26.333379758784218, -18.809920747596621 ], [ 26.333313417418353, -18.809918651830898 ], [ 26.333247006865626, -18.809920943994925 ], [ 26.333181096058425, -18.809927623195069 ], [ 26.333116064615446, -18.809938667769103 ], [ 26.333051534616192, -18.809953991034845 ], [ 26.332988739584483, -18.8099735383914 ], [ 26.33292730188516, -18.809997205099855 ], [ 26.332867602277101, -18.810024897269727 ], [ 26.332810496227889, -18.810056482648509 ], [ 26.332755417929203, -18.810091763498178 ], [ 26.332703223134832, -18.810130589509537 ], [ 26.332654293888087, -18.810172785535741 ], [ 26.332608254123425, -18.810218147522594 ], [ 26.332565676623503, -18.810266430806294 ], [ 26.332526943861311, -18.810317433154346 ], [ 26.332492060252619, -18.810370874679528 ], [ 26.332460934987218, -18.810426501224107 ], [ 26.332434235793329, -18.810484060452573 ], [ 26.33241168269058, -18.810543268408214 ], [ 26.332393565207934, -18.810603804128913 ], [ 26.33237979282249, -18.810665395398956 ], [ 26.332370844093916, -18.810727760083495 ], [ 26.332366629212434, -18.810790580822911 ], [ 26.332366489712861, -18.810853523089612 ], [ 26.332371378011825, -18.810916320558967 ], [ 26.332380825243636, -18.810978641415709 ], [ 26.332394646229066, -18.811040203057086 ], [ 26.332413225014562, -18.811100703932553 ], [ 26.332435997791059, -18.811159819898123 ], [ 26.332463252950223, -18.811217302218317 ], [ 26.332494426539242, -18.811272835777281 ], [ 26.332529712006639, -18.811326179511223 ], [ 26.332568924170548, -18.81137705081558 ], [ 26.332611687536282, -18.811425209516379 ], [ 26.332657815780944, -18.811470445238463 ], [ 26.332707218235381, -18.811512494790595 ], [ 26.332759613490289, -18.811551164498511 ], [ 26.332814814365946, -18.811586298159074 ], [ 26.332872065593161, -18.811617686288102 ], [ 26.332931843448947, -18.811645191205216 ], [ 26.332993391380885, -18.811668684684946 ], [ 26.333056521494179, -18.811688055668352 ], [ 26.333120856577871, -18.811703172326936 ], [ 26.333186112369532, -18.811714021561915 ], [ 26.33325210083045, -18.811720501343856 ], [ 26.333318442897255, -18.811722597218548 ] ] ] } },
{ "type": "Feature", "properties": { "fid": 135, "RIV_BND_": 3148, "RIV_BND_ID": 3019, "NAME": null, "IMPORTANT": 0 }, "geometry": { "type": "MultiLineString", "coordinates": [ [ [ 26.320000309454109, -18.81220267864305 ], [ 26.320066436186394, -18.812200378220727 ], [ 26.320132348062529, -18.812193685781505 ], [ 26.320197664734795, -18.81218266810296 ], [ 26.32026191177161, -18.812167345457464 ], [ 26.320325087594156, -18.812147817160305 ], [ 26.320386527743249, -18.812124127845287 ], [ 26.320445945097994, -18.812096444969505 ], [ 26.320503337794747, -18.812064885906487 ], [ 26.3205580396592, -18.81202960363504 ], [ 26.32061023756939, -18.811990772425933 ], [ 26.320659549178416, -18.811948585460687 ], [ 26.320705307885312, -18.811903222805274 ], [ 26.320747794368224, -18.811854923293556 ], [ 26.320786530482206, -18.811803941945708 ], [ 26.320821796906692, -18.811750517595371 ], [ 26.320852547132123, -18.811694870002821 ], [ 26.320879534405183, -18.811637335099586 ], [ 26.320902186357252, -18.811578130429137 ], [ 26.320920023703557, -18.811517583240775 ], [ 26.320933705607995, -18.811455982959728 ], [ 26.32094265827379, -18.811393637415311 ], [ 26.3209472566109, -18.811330822916471 ], [ 26.320947021336622, -18.811267866711617 ], [ 26.320942137191043, -18.811205078498933 ], [ 26.320932789486168, -18.811142731861807 ], [ 26.320918877706639, -18.811081186582619 ], [ 26.320900587593211, -18.811020689158202 ], [ 26.320877534948959, -18.81096155014027 ], [ 26.320850568104522, -18.810904088761376 ], [ 26.320819209207709, -18.810848541981308 ], [ 26.320783832879886, -18.810795204163362 ], [ 26.320744719657984, -18.810744323165295 ], [ 26.320702149935002, -18.810696155873323 ], [ 26.320655740655674, -18.810650940608358 ], [ 26.320606342004776, -18.810608879230237 ], [ 26.320554234658797, -18.810570210567828 ], [ 26.32049913193255, -18.810535074989225 ], [ 26.320441504527444, -18.810503686962189 ], [ 26.320381824431383, -18.810476179697272 ], [ 26.320320279235862, -18.810452682317734 ], [ 26.320257151616428, -18.810433307252495 ], [ 26.320192819189483, -18.810418159264543 ], [ 26.320127470117029, -18.810407331363535 ], [ 26.320061483445222, -18.810400838027075 ], [ 26.319995142562959, -18.810398746542273 ], [ 26.31992901668502, -18.810401037998663 ], [ 26.31986310580621, -18.810407712395836 ], [ 26.31979778983052, -18.810418730041601 ], [ 26.319733543174301, -18.810434070664247 ], [ 26.319670367979075, -18.810453598835164 ], [ 26.319609023486418, -18.810477271286487 ], [ 26.31954960663715, -18.810504953953302 ], [ 26.319492214372545, -18.810536512770895 ], [ 26.319437418056232, -18.810571793403795 ], [ 26.319385220118516, -18.810610642367671 ], [ 26.319336003472454, -18.810652830372952 ], [ 26.319290244828746, -18.810698192693756 ], [ 26.319247663798613, -18.81074647244235 ], [ 26.319208642868254, -18.81079746741548 ], [ 26.319173755410237, -18.810850896879113 ], [ 26.319142910349068, -18.810906524728921 ], [ 26.319115922383574, -18.810964077382675 ], [ 26.319093365031989, -18.811023265077704 ], [ 26.319075526845058, -18.811083830076221 ], [ 26.319061749817852, -18.811145410721991 ], [ 26.319052796209569, -18.811207774149963 ], [ 26.319048197183914, -18.811270588515555 ], [ 26.319048431749909, -18.811333544634781 ], [ 26.319053315181833, -18.811396332809245 ], [ 26.319062757266408, -18.811458662760678 ], [ 26.319076573277496, -18.811520224790016 ], [ 26.319094862742546, -18.811580722316133 ], [ 26.319117915073381, -18.811639843426899 ], [ 26.319144881090793, -18.811697323051135 ], [ 26.319176334459865, -18.811752862394336 ], [ 26.319211615454975, -18.811806208139949 ], [ 26.319250823458372, -18.811857072733957 ], [ 26.319293298169935, -18.811905238974045 ], [ 26.319339707193439, -18.811950463599224 ], [ 26.31938910597253, -18.811992516288871 ], [ 26.319441213114967, -18.812031203350632 ], [ 26.319496410822982, -18.812066340633582 ], [ 26.319553943706367, -18.812097727629805 ], [ 26.319613718824257, -18.812125245601901 ], [ 26.319675264610151, -18.812148734246097 ], [ 26.319738393036214, -18.812168091519627 ], [ 26.319802726045921, -18.812183239739834 ], [ 26.319867980954029, -18.812194066472944 ], [ 26.31993396830018, -18.812200559963046 ], [ 26.320000309454109, -18.81220267864305 ] ] ] } },
{ "type": "Feature", "properties": { "fid": 136, "RIV_BND_": 3155, "RIV_BND_ID": 4107, "NAME": null, "IMPORTANT": 0 }, "geometry": { "type": "MultiLineString", "coordinates": [ [ [ 26.357786038707271, -18.819924776262177 ], [ 26.357934240395011, -18.819919607522841 ], [ 26.358081741385753, -18.819904666345987 ], [ 26.358227687828638, -18.819879976750386 ], [ 26.358371318986624, -18.819845672447876 ], [ 26.358512157556316, -18.819801954386456 ], [ 26.358649631852575, -18.819748995085213 ], [ 26.358782789413706, -18.819687061008324 ], [ 26.3589109616366, -18.819616458769048 ], [ 26.359033763776786, -18.819537535128596 ], [ 26.359150051935323, -18.819450671246194 ], [ 26.359260009085805, -18.819356294177688 ], [ 26.359362964100082, -18.819254873061841 ], [ 26.359457961717375, -18.819146854951008 ], [ 26.359544518457074, -18.819032838077685 ], [ 26.359622816320478, -18.818913312701017 ], [ 26.359691992045413, -18.818788907796048 ], [ 26.359752131423697, -18.818660202566939 ], [ 26.359802465866721, -18.818527836360598 ], [ 26.359842796049676, -18.818392429495137 ], [ 26.359873111134362, -18.818254677204749 ], [ 26.359893400989538, -18.818115229577664 ], [ 26.359903275275354, -18.817974794531313 ], [ 26.359902818810944, -18.81783401446511 ], [ 26.359892305181038, -18.817693588636129 ], [ 26.359871059491425, -18.817554229957082 ], [ 26.359840020093841, -18.817416574850853 ], [ 26.359798512375949, -18.817281318168867 ], [ 26.359747569491116, -18.817149097673674 ], [ 26.359686706717401, -18.817020592841249 ], [ 26.35961695762521, -18.816896414344669 ], [ 26.359537933703677, -18.816777152710813 ], [ 26.359450478905803, -18.816663415924534 ], [ 26.359354680009343, -18.816555719965343 ], [ 26.359251381663967, -18.81645462767235 ], [ 26.359141145510069, -18.816360607566327 ], [ 26.359023964214277, -18.816274129137387 ], [ 26.35890068481087, -18.816195601733185 ], [ 26.358772059665757, -18.816125424330192 ], [ 26.35863874718223, -18.816063940389135 ], [ 26.358500932865518, -18.816011414423048 ], [ 26.358359939590279, -18.815968145125751 ], [ 26.358215859038317, -18.815934332466728 ], [ 26.358069826726286, -18.81591012799435 ], [ 26.357922220014732, -18.815895654451847 ], [ 26.357774080881583, -18.815890980788456 ], [ 26.357625883182379, -18.815896122748473 ], [ 26.35747867002214, -18.815911077055187 ], [ 26.357332442644978, -18.81593576244784 ], [ 26.357188814958871, -18.815970057314736 ], [ 26.357047979088861, -18.816013801827665 ], [ 26.356910507932003, -18.816066742218759 ], [ 26.356777352758556, -18.816128684272858 ], [ 26.356649182827947, -18.816199276253336 ], [ 26.356526761642787, -18.816278203885521 ], [ 26.356410095684467, -18.816365051851118 ], [ 26.35630013934243, -18.816459427307187 ], [ 26.356197184225159, -18.816560873826738 ], [ 26.356102471263029, -18.816668867171114 ], [ 26.356015629004794, -18.816782905385949 ], [ 26.355937330267, -18.816902411020571 ], [ 26.355868152642383, -18.817026832366498 ], [ 26.355808011222969, -18.817155536069677 ], [ 26.35575795876402, -18.817287904914959 ], [ 26.35571734167522, -18.817423288447934 ], [ 26.355687023532319, -18.817561039675432 ], [ 26.355666730534633, -18.817700477405015 ], [ 26.355656852378502, -18.817840938887048 ], [ 26.355657305300365, -18.817981718529616 ], [ 26.355667815643638, -18.818122126106569 ], [ 26.355689057524696, -18.818261502898885 ], [ 26.355720093506648, -18.818399158290124 ], [ 26.355761597988192, -18.818534415499993 ], [ 26.355812538299208, -18.818666609650197 ], [ 26.355873398235868, -18.818795124468867 ], [ 26.355943429398796, -18.818919308138888 ], [ 26.356022166955007, -18.81903856705047 ], [ 26.356109904375792, -18.819152327381389 ], [ 26.356205418090159, -18.819260002817622 ], [ 26.356308715731537, -18.819361105788964 ], [ 26.356419236374954, -18.819455122597198 ], [ 26.356536133683456, -18.819541598711812 ], [ 26.35665941400833, -18.819620127821018 ], [ 26.356788040544146, -18.819690306878581 ], [ 26.35692135457715, -18.819751810449382 ], [ 26.357059171422691, -18.819804319821966 ], [ 26.357200167302132, -18.819847590440105 ], [ 26.357344250495707, -18.819881422314491 ], [ 26.357490285984809, -18.819905627754981 ], [ 26.357637896072376, -18.819920102059452 ], [ 26.357786038707271, -18.819924776262177 ] ] ] } },
{ "type": "Feature", "properties": { "fid": 137, "RIV_BND_": 3160, "RIV_BND_ID": 3060, "NAME": null, "IMPORTANT": 0 }, "geometry": { "type": "MultiLineString", "coordinates": [ [ [ 26.333015614007451, -18.8218485158514 ], [ 26.333163815187017, -18.821843385195073 ], [ 26.333311412499292, -18.82182844742734 ], [ 26.333457266538165, -18.821803794611078 ], [ 26.333600901824266, -18.821769510251375 ], [ 26.333741746221605, -18.821725793871554 ], [ 26.333879227453512, -18.8216728540255 ], [ 26.334012393309997, -18.821610938986975 ], [ 26.334140574862072, -18.821540373331111 ], [ 26.334263387886079, -18.821461467646259 ], [ 26.33437997285121, -18.82137460699925 ], [ 26.334489658845506, -18.821280242372247 ], [ 26.334592628211873, -18.821178836953052 ], [ 26.334687640927672, -18.821070851646493 ], [ 26.334774498697612, -18.820956834504518 ], [ 26.334852529345188, -18.82083731777081 ], [ 26.334921723197407, -18.820712915410095 ], [ 26.334981881115951, -18.820584229645842 ], [ 26.33503223499196, -18.820451863595061 ], [ 26.335072584555849, -18.820316491710088 ], [ 26.335102919862855, -18.820178746009979 ], [ 26.335123230258333, -18.820039303655978 ], [ 26.335133125584786, -18.819898854442595 ], [ 26.335132974410698, -18.819758080950869 ], [ 26.335122196971589, -18.819617670260989 ], [ 26.335100972512205, -18.819478284181841 ], [ 26.335069953587986, -18.819340636442426 ], [ 26.33502846619982, -18.819205376647123 ], [ 26.334977542972613, -18.819073169771993 ], [ 26.334916794603082, -18.8189446514276 ], [ 26.334846969439329, -18.818820473491307 ], [ 26.334767963725749, -18.818701203407986 ], [ 26.334680621461803, -18.818587440236261 ], [ 26.334584744223889, -18.81847974103405 ], [ 26.334481461696921, -18.818378627667617 ], [ 26.334371240216907, -18.818284594455072 ], [ 26.334254072380919, -18.818198110876889 ], [ 26.334130900245551, -18.818119569685848 ], [ 26.334002191701018, -18.818049365884104 ], [ 26.333868889364531, -18.817987856111486 ], [ 26.333731367738579, -18.817935343728639 ], [ 26.333590097550434, -18.817892043165905 ], [ 26.333446023115606, -18.817858202722483 ], [ 26.333299995367074, -18.817833979056562 ], [ 26.333152391787134, -18.817819485931178 ], [ 26.333004254478951, -18.817814783405673 ], [ 26.332856056580344, -18.817819932431238 ], [ 26.332708842186936, -18.817834866670523 ], [ 26.332562612127578, -18.817859531950518 ], [ 26.332418980602423, -18.817893788821326 ], [ 26.332278139188979, -18.817937513598245 ], [ 26.332140660818052, -18.81799045259509 ], [ 26.33200749763725, -18.818052357555938 ], [ 26.331879318098668, -18.818122931012713 ], [ 26.331756885888868, -18.818201849770432 ], [ 26.331640207693198, -18.818288689490593 ], [ 26.331530238095489, -18.818383048437084 ], [ 26.331427648127857, -18.818484466631549 ], [ 26.331332540573634, -18.818592439837055 ], [ 26.331245681989813, -18.81870646429061 ], [ 26.331167365916031, -18.818825966241434 ], [ 26.331098170450581, -18.818950366982708 ], [ 26.331038294764713, -18.819079064319734 ], [ 26.330987938603275, -18.819211419942267 ], [ 26.330947301714168, -18.819346795539197 ], [ 26.330916963065643, -18.819484558229568 ], [ 26.330896649815273, -18.819623972624527 ], [ 26.330886750899595, -18.819764430211098 ], [ 26.33088718308797, -18.819905198312973 ], [ 26.330897767204927, -18.820045615123693 ], [ 26.330918893473669, -18.82018499086745 ], [ 26.330950288199467, -18.820322644319166 ], [ 26.330991392986224, -18.820457908235984 ], [ 26.331042313355304, -18.82059010682071 ], [ 26.331103153829041, -18.820718627475252 ], [ 26.331173165824616, -18.820842836351112 ], [ 26.331251885170495, -18.820962103672141 ], [ 26.331339605421086, -18.821075855666081 ], [ 26.331435102245219, -18.821183560037145 ], [ 26.331538384489043, -18.821284656995644 ], [ 26.331648890167138, -18.821378705006762 ], [ 26.331765773870945, -18.821465195262366 ], [ 26.331889042011959, -18.821543721458898 ], [ 26.332017657138806, -18.821613925561532 ], [ 26.332151245720201, -18.82167544098094 ], [ 26.332288864246816, -18.821727965214205 ], [ 26.332429757961833, -18.82177125264684 ], [ 26.332573835175829, -18.82180510328061 ], [ 26.332719866099939, -18.821829327918906 ], [ 26.332867473055117, -18.821843821810731 ], [ 26.333015614007451, -18.8218485158514 ] ] ] } },
{ "type": "Feature", "properties": { "fid": 138, "RIV_BND_": 3426, "RIV_BND_ID": 2695, "NAME": null, "IMPORTANT": 0 }, "geometry": { "type": "MultiLineString", "coordinates": [ [ [ 26.324047554277445, -19.102674102444876 ], [ 26.324944400255728, -19.100028968609539 ], [ 26.323775841272337, -19.098845758007268 ], [ 26.320918267541824, -19.099900417458738 ], [ 26.320047619172882, -19.101782436647291 ], [ 26.320423893968748, -19.102558393525793 ], [ 26.324047554277445, -19.102674102444876 ] ] ] } },
{ "type": "Feature", "properties": { "fid": 139, "RIV_BND_": 3174, "RIV_BND_ID": 1423, "NAME": null, "IMPORTANT": 0 }, "geometry": { "type": "MultiLineString", "coordinates": [ [ [ 26.317275885347303, -18.837373801474932 ], [ 26.31740834778336, -18.837369225804718 ], [ 26.317540475287704, -18.837355885500067 ], [ 26.31767093916158, -18.837333842695614 ], [ 26.317799453366828, -18.837303192609578 ], [ 26.317925446135366, -18.837264107621195 ], [ 26.318048250743793, -18.837216767774486 ], [ 26.318167389236724, -18.83716141001765 ], [ 26.318282193747457, -18.837098286626553 ], [ 26.318391805494905, -18.837027728405147 ], [ 26.318496124493763, -18.836950059024833 ], [ 26.318594670361353, -18.836865668924631 ], [ 26.318686583035586, -18.836774970169447 ], [ 26.318771381424018, -18.836678398343448 ], [ 26.318849152885821, -18.836576424307776 ], [ 26.31891903607929, -18.836469541386482 ], [ 26.318981212322516, -18.836358275977094 ], [ 26.319034629794981, -18.836243172845471 ], [ 26.319079753685731, -18.83612479859751 ], [ 26.31911610091398, -18.83600371521689 ], [ 26.319143187971985, -18.835880511772547 ], [ 26.319161479337502, -18.835755800010205 ], [ 26.319170301594568, -18.835630184324096 ], [ 26.319169929597987, -18.835504273727704 ], [ 26.319160353621843, -18.835378682166994 ], [ 26.319141564083864, -18.83525401455805 ], [ 26.319113645927281, -18.835130895237572 ], [ 26.319076684668005, -18.835009912426511 ], [ 26.319031145069307, -18.834891659804015 ], [ 26.318976733539191, -18.834776711100236 ], [ 26.318914105034761, -18.834665626607318 ], [ 26.318843535548744, -18.834558943099672 ], [ 26.318765396026492, -18.834457189687189 ], [ 26.318679868360199, -18.834360856634614 ], [ 26.31858760892802, -18.834270413945514 ], [ 26.318488800332638, -18.834186306740701 ], [ 26.318383910612372, -18.83410892103581 ], [ 26.318273881429814, -18.834038676758336 ], [ 26.318158707905255, -18.833975880869914 ], [ 26.318039617705928, -18.833920858080862 ], [ 26.317916417183671, -18.83387385845143 ], [ 26.317790240478505, -18.833835124071626 ], [ 26.31766117937557, -18.833804845898918 ], [ 26.317530559353216, -18.833783160414807 ], [ 26.317398568151319, -18.833770187716354 ], [ 26.31726615329001, -18.833765977569609 ], [ 26.317133598752573, -18.8337705611542 ], [ 26.317001853348547, -18.833783906982905 ], [ 26.31687110768376, -18.833805954586857 ], [ 26.3167425962931, -18.833836595323511 ], [ 26.316616606029584, -18.83387567980779 ], [ 26.316493803710127, -18.833923018976996 ], [ 26.316374667248073, -18.833978375895256 ], [ 26.316259864612, -18.834041489274707 ], [ 26.316150253969894, -18.834112064447634 ], [ 26.316045841337573, -18.834189722222568 ], [ 26.315947675516327, -18.834274107467184 ], [ 26.315855478523773, -18.834364809806367 ], [ 26.315770679849226, -18.83446138929024 ], [ 26.315692907853101, -18.834563361949513 ], [ 26.315623023880182, -18.834670234493903 ], [ 26.315560846493842, -18.834781489572343 ], [ 26.315507427387061, -18.834896591485524 ], [ 26.315462301411056, -18.835014973638675 ], [ 26.315425951967885, -18.835136056017319 ], [ 26.315398862462757, -18.835259258606555 ], [ 26.315380568469905, -18.835383969665763 ], [ 26.315371743452889, -18.835509584825907 ], [ 26.31537211261238, -18.83563549507738 ], [ 26.315381685729214, -18.835761086481202 ], [ 26.315400472584557, -18.835885745096864 ], [ 26.315428387860027, -18.836008873672871 ], [ 26.315465346523599, -18.836129856899142 ], [ 26.315510883861347, -18.836248101082731 ], [ 26.315565293084038, -18.83636305957798 ], [ 26.315627824892616, -18.836474143617657 ], [ 26.315698487768913, -18.836580820510527 ], [ 26.315776625928994, -18.836682584111379 ], [ 26.315862152749659, -18.836778918417505 ], [ 26.315954411866365, -18.836869353396857 ], [ 26.316053220258315, -18.836953470992988 ], [ 26.316158110462709, -18.837030849049288 ], [ 26.31626814023026, -18.83710110371964 ], [ 26.316383314865156, -18.837163900937455 ], [ 26.316502690963333, -18.837218929086227 ], [ 26.316625608839313, -18.83726592579271 ], [ 26.316752072210718, -18.837304656305573 ], [ 26.316880851072685, -18.837334940341442 ], [ 26.317011473637166, -18.837356626605864 ], [ 26.317143467540614, -18.837369599919647 ], [ 26.317275885347303, -18.837373801474932 ] ] ] } },
{ "type": "Feature", "properties": { "fid": 140, "RIV_BND_": 3175, "RIV_BND_ID": 3072, "NAME": null, "IMPORTANT": 0 }, "geometry": { "type": "MultiLineString", "coordinates": [ [ [ 26.632690823415896, -18.842254029955619 ], [ 26.632929792603861, -18.84224537106719 ], [ 26.633167560513783, -18.842220908004688 ], [ 26.63340289252216, -18.842180742495206 ], [ 26.633634741913436, -18.842125105113588 ], [ 26.633861966883053, -18.84205424329658 ], [ 26.634083234560528, -18.841968501415121 ], [ 26.634297779977658, -18.841868312353334 ], [ 26.634504363344906, -18.841754148128807 ], [ 26.634702122845805, -18.841626584921972 ], [ 26.634889911902949, -18.841486213364643 ], [ 26.635066961660453, -18.841333746311015 ], [ 26.63523240818083, -18.841169913474758 ], [ 26.635385291686976, -18.84099551561366 ], [ 26.635524936423383, -18.840811393223429 ], [ 26.63565085531064, -18.84061846145476 ], [ 26.635762276384597, -18.840417658937923 ], [ 26.635858522277406, -18.840209943568546 ], [ 26.635939388937214, -18.839996342476383 ], [ 26.636004197876272, -18.839777894830707 ], [ 26.636052934355082, -18.839555657256472 ], [ 26.63608520365549, -18.83933072671358 ], [ 26.636100990668925, -18.839104186912209 ], [ 26.636099805722509, -18.83887714263177 ], [ 26.636082107522231, -18.838650710685659 ], [ 26.63604778587478, -18.838425991629052 ], [ 26.635997015477795, -18.838204062531712 ], [ 26.635930160321344, -18.837986029958898 ], [ 26.635847300638623, -18.837772942675358 ], [ 26.635749180895907, -18.837565830776303 ], [ 26.635635881694164, -18.837365715926076 ], [ 26.635508338042929, -18.837173567405394 ], [ 26.635366821338685, -18.836990328002848 ], [ 26.63521226770958, -18.83681688571729 ], [ 26.635045424105719, -18.836654090014964 ], [ 26.634867038478248, -18.836502718114847 ], [ 26.634677859147075, -18.83636352014301 ], [ 26.634479109739775, -18.836237170970808 ], [ 26.634271350400223, -18.836124309947614 ], [ 26.634055901847312, -18.836025450598619 ], [ 26.633833800535076, -18.835941084777083 ], [ 26.633606083920728, -18.835871632093273 ], [ 26.633373696009816, -18.83581741161753 ], [ 26.633137960396837, -18.835778729182866 ], [ 26.632900013150575, -18.83575573469447 ], [ 26.632661085550954, -18.835748552175957 ], [ 26.632422030798583, -18.835757210527191 ], [ 26.632184272119108, -18.835781673640025 ], [ 26.631948949117799, -18.835821838580962 ], [ 26.631717108338808, -18.835877474785914 ], [ 26.631490081216356, -18.835948328221942 ], [ 26.631268631062156, -18.836034074410854 ], [ 26.631054092107394, -18.836134260654315 ], [ 26.630847514210554, -18.836248421610478 ], [ 26.630649853796182, -18.836375991397475 ], [ 26.630461973349021, -18.836516339715494 ], [ 26.630285020378182, -18.83666880376477 ], [ 26.630119669364426, -18.83683263343892 ], [ 26.629966595432464, -18.837007033479217 ], [ 26.629826948912413, -18.837191142416504 ], [ 26.629701121710152, -18.837384071066403 ], [ 26.629589791010787, -18.837584879680225 ], [ 26.629493350007362, -18.83779258876443 ], [ 26.629412571755303, -18.838006187529402 ], [ 26.629347660679976, -18.838224630848643 ], [ 26.629298916177053, -18.838446865769072 ], [ 26.629266638409117, -18.838671785149952 ], [ 26.629251032073164, -18.838898325793441 ], [ 26.629252018119065, -18.839125366691253 ], [ 26.629269707172714, -18.83935178924542 ], [ 26.629304114389864, -18.839576518799944 ], [ 26.629354781118131, -18.839798447565492 ], [ 26.629421627925346, -18.840016481608259 ], [ 26.629504479777768, -18.840229579967197 ], [ 26.629602687573882, -18.840436686610044 ], [ 26.629715885958078, -18.840636803307085 ], [ 26.629843424672458, -18.84082895529588 ], [ 26.62998493745793, -18.841012207555501 ], [ 26.630139488509169, -18.841185653943054 ], [ 26.630306330799272, -18.841348453943645 ], [ 26.630484811242173, -18.841499831463523 ], [ 26.630673897132997, -18.841639023642507 ], [ 26.630872743912182, -18.841765378403785 ], [ 26.631080411917363, -18.84187826052634 ], [ 26.631295865496448, -18.841977114861223 ], [ 26.631517972754729, -18.842061484394197 ], [ 26.631745696247446, -18.842130940413114 ], [ 26.631978092094275, -18.842185145723263 ], [ 26.632213835784867, -18.842223848617142 ], [ 26.632451791721561, -18.842246853989479 ], [ 26.632690823415896, -18.842254029955619 ] ] ] } },
{ "type": "Feature", "properties": { "fid": 141, "RIV_BND_": 3182, "RIV_BND_ID": 3557, "NAME": null, "IMPORTANT": 0 }, "geometry": { "type": "MultiLineString", "coordinates": [ [ [ 26.925548197285323, -18.851146279728933 ], [ 26.927617314118251, -18.849294920509823 ], [ 26.926089824420099, -18.84657675057835 ], [ 26.924032160430258, -18.84804632800072 ], [ 26.924755360655389, -18.850741554983554 ], [ 26.925548197285323, -18.851146279728933 ] ] ] } },
{ "type": "Feature", "properties": { "fid": 142, "RIV_BND_": 3192, "RIV_BND_ID": 2361, "NAME": null, "IMPORTANT": 0 }, "geometry": { "type": "MultiLineString", "coordinates": [ [ [ 26.309315629429918, -18.848993826805632 ], [ 26.30952534367578, -18.848986590817528 ], [ 26.309733950989703, -18.848965503743731 ], [ 26.309940216941786, -18.848930656106898 ], [ 26.310143759325257, -18.848882222997034 ], [ 26.31034296227778, -18.848820424891624 ], [ 26.31053715669405, -18.84874558626241 ], [ 26.31072557807828, -18.848658066328081 ], [ 26.310906986836926, -18.848558280660136 ], [ 26.311080426833378, -18.848446712144447 ], [ 26.311245414882617, -18.848323922747468 ], [ 26.31140099328001, -18.848190494674135 ], [ 26.311546203034752, -18.848047091388906 ], [ 26.311680748609195, -18.847894404002616 ], [ 26.311803385278619, -18.847733173130887 ], [ 26.311914290033393, -18.847564196046992 ], [ 26.312012217015617, -18.84738828559605 ], [ 26.312096868131274, -18.847206295403019 ], [ 26.312168323991319, -18.847019120682404 ], [ 26.312225621635253, -18.846827677699224 ], [ 26.31226874658039, -18.846632878352167 ], [ 26.312297398887178, -18.846435693629395 ], [ 26.312311468544035, -18.846237079197589 ], [ 26.312310845398418, -18.846037999748795 ], [ 26.312295609078969, -18.845839413681571 ], [ 26.312265838639512, -18.845642315504961 ], [ 26.312221803774751, -18.845447639263195 ], [ 26.312163489293589, -18.845256341975176 ], [ 26.31209116474253, -18.845069366706671 ], [ 26.312005479651759, -18.844887616854205 ], [ 26.311906609747464, -18.84471197090863 ], [ 26.311794920816403, -18.844543283010672 ], [ 26.311671253010946, -18.844382396087919 ], [ 26.311536163175056, -18.844230076730458 ], [ 26.311389924126583, -18.844087060333045 ], [ 26.311233757273769, -18.84395406889783 ], [ 26.311068316697668, -18.84383171689699 ], [ 26.310893971734451, -18.843720632750685 ], [ 26.310712136562902, -18.843621342574799 ], [ 26.310523277764773, -18.843534322676167 ], [ 26.310328810940703, -18.843460008890144 ], [ 26.310129204528483, -18.84339876015672 ], [ 26.309925402192324, -18.843350870039362 ], [ 26.309718822534762, -18.843316584784819 ], [ 26.309510221879812, -18.843296050768142 ], [ 26.309300451796158, -18.843289388652241 ], [ 26.309091124105549, -18.843296621726054 ], [ 26.30888242896366, -18.843317716611846 ], [ 26.308675885534143, -18.843352559810057 ], [ 26.30847272925357, -18.84340098857297 ], [ 26.308273437752387, -18.843462784048246 ], [ 26.308079059432306, -18.843537618241928 ], [ 26.30789092757999, -18.843625140192746 ], [ 26.307709428190549, -18.843724931061452 ], [ 26.307536086643083, -18.843836489153436 ], [ 26.307371101185502, -18.843959275522433 ], [ 26.307215429610668, -18.844092698995578 ], [ 26.307070315321443, -18.844236100290079 ], [ 26.306935674587979, -18.844388782865618 ], [ 26.306812846943213, -18.84455000755802 ], [ 26.306702224196606, -18.84471899440199 ], [ 26.306604293990468, -18.844894901604224 ], [ 26.306519259668459, -18.845076874226475 ], [ 26.306448178221039, -18.845264051620259 ], [ 26.306390874891171, -18.845455501129049 ], [ 26.306347743972548, -18.845650289297648 ], [ 26.306319085091211, -18.845847472268012 ], [ 26.30630500853114, -18.846046085378244 ], [ 26.306305624435076, -18.846245172991793 ], [ 26.306320853744893, -18.846443749639075 ], [ 26.30635033251734, -18.846640852815927 ], [ 26.306394644985396, -18.846835533736492 ], [ 26.306452953114849, -18.847026823028749 ], [ 26.306525176689526, -18.847213807437079 ], [ 26.306610951179923, -18.847395560557704 ], [ 26.306709816368659, -18.847571208782558 ], [ 26.306821501524954, -18.847739890273534 ], [ 26.306945166281078, -18.847900780100268 ], [ 26.307080253995988, -18.848053102589251 ], [ 26.307226491900622, -18.848196122294929 ], [ 26.307382563636843, -18.848329124794134 ], [ 26.307548100015556, -18.848451472581424 ], [ 26.307722351988801, -18.848562558777846 ], [ 26.307904284603037, -18.848661862675154 ], [ 26.308092862608085, -18.848748881624065 ], [ 26.308287523688904, -18.848823192062397 ], [ 26.308487230132442, -18.848884444829071 ], [ 26.308690943355128, -18.848932344937232 ], [ 26.308897624191772, -18.848966633517616 ], [ 26.30910623174476, -18.848987160046761 ], [ 26.309315629429918, -18.848993826805632 ] ] ] } },
{ "type": "Feature", "properties": { "fid": 143, "RIV_BND_": 3210, "RIV_BND_ID": 2931, "NAME": null, "IMPORTANT": 0 }, "geometry": { "type": "MultiLineString", "coordinates": [ [ [ 26.578489258789403, -18.871647325072427 ], [ 26.578688113558151, -18.871640177967585 ], [ 26.578886018854821, -18.871619876626575 ], [ 26.579081834592603, -18.871586532653822 ], [ 26.579274799704773, -18.871540289688937 ], [ 26.579463867144124, -18.871481387005065 ], [ 26.579648178792564, -18.871410120531198 ], [ 26.579826591591438, -18.871326809587725 ], [ 26.579998625024036, -18.871231881474493 ], [ 26.58016313422722, -18.87112578194418 ], [ 26.580319447307186, -18.871009053228455 ], [ 26.580466892376812, -18.870882237561069 ], [ 26.580604606426892, -18.870745974043569 ], [ 26.580731916029723, -18.870600913277986 ], [ 26.580848241839032, -18.870447761283607 ], [ 26.580953003868103, -18.870287269232126 ], [ 26.581045621748839, -18.870120215386464 ], [ 26.581125988858254, -18.869947420299578 ], [ 26.581193334231983, -18.869769722977903 ], [ 26.581247360909114, -18.869587986656455 ], [ 26.581287961247011, -18.869403104126704 ], [ 26.581314743183935, -18.869215955446428 ], [ 26.581327883118909, -18.869027473224776 ], [ 26.581327178179308, -18.868838576103041 ], [ 26.581312425624215, -18.868650173689307 ], [ 26.581283896836464, -18.868463190786866 ], [ 26.58124186345653, -18.868278534135108 ], [ 26.581186122742157, -18.86809711333267 ], [ 26.581117231657807, -18.867919784631191 ], [ 26.581035651665182, -18.867747448197921 ], [ 26.580941465987589, -18.867580917989368 ], [ 26.58083532694296, -18.86742101536155 ], [ 26.580717602811667, -18.867268521845919 ], [ 26.580589136893462, -18.867124170958739 ], [ 26.580450393211599, -18.866988682249801 ], [ 26.580301931927966, -18.866862686197763 ], [ 26.580144502636738, -18.866746833809533 ], [ 26.579979141286771, -18.866641653369278 ], [ 26.579806314464225, -18.866547683818382 ], [ 26.579627059140158, -18.866465381200165 ], [ 26.579442223617288, -18.866395126848538 ], [ 26.579252751300551, -18.866337285273374 ], [ 26.579059492166486, -18.866292120418475 ], [ 26.578863201856674, -18.866259858874269 ], [ 26.578665300989087, -18.866240663634112 ], [ 26.57846635731601, -18.866234632400893 ], [ 26.57826750897862, -18.866241779985778 ], [ 26.57806961021894, -18.866262072347634 ], [ 26.577873705755305, -18.866295423737068 ], [ 26.577680841604657, -18.866341658105494 ], [ 26.577491874737024, -18.866400551786164 ], [ 26.577307662904229, -18.866471826933832 ], [ 26.577128969921429, -18.866555141258541 ], [ 26.57695703528152, -18.86665005931771 ], [ 26.576792623978715, -18.866756157555393 ], [ 26.576636218283195, -18.866872882285513 ], [ 26.576488774587716, -18.866999695033329 ], [ 26.576351250720712, -18.867135957992808 ], [ 26.576223845853935, -18.867281014441186 ], [ 26.576107518609977, -18.867434172392688 ], [ 26.576002659691536, -18.867594651172428 ], [ 26.575909943967524, -18.867761700905106 ], [ 26.575829857783731, -18.867934487969301 ], [ 26.575762507833815, -18.868112191857985 ], [ 26.575708286404833, -18.868293923528508 ], [ 26.575667680509547, -18.868478804203356 ], [ 26.575640797765679, -18.868665950157212 ], [ 26.575627746573311, -18.868854423479998 ], [ 26.575628539835343, -18.869043330174087 ], [ 26.575643191105286, -18.869231731087133 ], [ 26.575671618697072, -18.869418712918243 ], [ 26.575713930495361, -18.869603373866777 ], [ 26.575769570429067, -18.869784803473475 ], [ 26.575838266585755, -18.869962122076728 ], [ 26.575920031472364, -18.870134462751718 ], [ 26.576014118005119, -18.870301002861591 ], [ 26.576120348589949, -18.870460900094642 ], [ 26.576237880370527, -18.870613393786176 ], [ 26.576366439330901, -18.870757748748723 ], [ 26.576505276802543, -18.870893250703102 ], [ 26.576653833032978, -18.87101924202415 ], [ 26.576811073355497, -18.871135104057739 ], [ 26.576976436574025, -18.871240278512953 ], [ 26.577149265984879, -18.871334251014957 ], [ 26.577328524561782, -18.871416565459132 ], [ 26.577513364325789, -18.871486813366573 ], [ 26.577702841401543, -18.87154465726784 ], [ 26.577896200703439, -18.871589825380042 ], [ 26.578092307084685, -18.871622086132863 ], [ 26.578290403893817, -18.87164127611409 ], [ 26.578489258789403, -18.871647325072427 ] ] ] } },
{ "type": "Feature", "properties": { "fid": 144, "RIV_BND_": 3297, "RIV_BND_ID": 1403, "NAME": null, "IMPORTANT": 0 }, "geometry": { "type": "MultiLineString", "coordinates": [ [ [ 26.808892804853048, -18.970023112483656 ], [ 26.808959844464109, -18.970022068487413 ], [ 26.809026910190642, -18.970019026643552 ], [ 26.809093717190539, -18.970013989001131 ], [ 26.809160455260088, -18.970006961419291 ], [ 26.809226839509968, -18.969997949560131 ], [ 26.809293059665659, -18.969986964701803 ], [ 26.809358640956631, -18.969974012970077 ], [ 26.809423962883496, -18.969959113308445 ], [ 26.809488550640452, -18.96994227455259 ], [ 26.809552688769852, -18.969923517232431 ], [ 26.809616187164032, -18.969902858972119 ], [ 26.809678950626566, -18.969880319422263 ], [ 26.809740789002827, -18.969855919820148 ], [ 26.809801986752802, -18.969829687017704 ], [ 26.809862068882612, -18.969801644302837 ], [ 26.809921414739886, -18.969771822359771 ], [ 26.809979644230342, -18.969740247406001 ], [ 26.810036756915956, -18.96970695285988 ], [ 26.810092847305249, -18.969671971456197 ], [ 26.810147630168377, -18.969635335051617 ], [ 26.81020119994335, -18.969597081800046 ], [ 26.810253461187322, -18.969557250319557 ], [ 26.810304508314911, -18.969515880570381 ], [ 26.810353961103587, -18.969473008706117 ], [ 26.810402198665667, -18.969428683473733 ], [ 26.810448745820992, -18.969382942614082 ], [ 26.810493696902281, -18.969335832409733 ], [ 26.81053724111776, -18.969287403878258 ], [ 26.810579093074356, -18.969237701521706 ], [ 26.810619441980517, -18.969186776357571 ], [ 26.810657907485712, -18.96913467447521 ], [ 26.810694678739758, -18.969081451407984 ], [ 26.810729470315223, -18.969027154367847 ], [ 26.810762661171687, -18.968971843842212 ], [ 26.810793965846727, -18.968915569752525 ], [ 26.810823383574792, -18.968858390806314 ], [ 26.810850913649439, -18.968800361195196 ], [ 26.810876460394852, -18.968741537601197 ], [ 26.810900117956425, -18.96868198075714 ], [ 26.810921695724527, -18.968621747125994 ], [ 26.810941287868403, -18.968560895634099 ], [ 26.810958893552453, -18.968499490407858 ], [ 26.810974512047373, -18.968437587444921 ], [ 26.810987952638058, -18.968375251336731 ], [ 26.810999404439748, -18.968312540325222 ], [ 26.81100867676124, -18.968249517195389 ], [ 26.811015958646969, -18.968186245608099 ], [ 26.811021059429567, -18.968122786541873 ], [ 26.811024073207882, -18.968059204341607 ], [ 26.811025094116037, -18.967995560642606 ], [ 26.811023836541484, -18.967931917107453 ], [ 26.811020679360539, -18.967868340544047 ], [ 26.811015242086143, -18.967804887880011 ], [ 26.811007808637161, -18.967741627510485 ], [ 26.810998188394016, -18.967678616800857 ], [ 26.810986570365323, -18.967615922120828 ], [ 26.810972858853301, -18.967553601957743 ], [ 26.810957053022957, -18.967491720436886 ], [ 26.810939152110041, -18.967430336264492 ], [ 26.810919345169793, -18.967369512197209 ], [ 26.810897441559224, -18.967309307406392 ], [ 26.810873725301967, -18.96724978215806 ], [ 26.810847910857081, -18.967190992694835 ], [ 26.81082018731464, -18.967132999063722 ], [ 26.810790553933419, -18.967075858164137 ], [ 26.810758915062525, -18.967019624870044 ], [ 26.810725744602642, -18.966964358982285 ], [ 26.810690472307719, -18.966910108860507 ], [ 26.810653572089805, -18.966856933402305 ], [ 26.810614948356427, -18.966804882965572 ], [ 26.81057450551517, -18.966754007908175 ], [ 26.810532432737084, -18.966704361954591 ], [ 26.810488824377913, -18.966655989578594 ], [ 26.810443489923646, -18.966608940015544 ], [ 26.810396713560223, -18.966563260886915 ], [ 26.810348494686288, -18.966518998253665 ], [ 26.810298832759408, -18.96647619366075 ], [ 26.810247727248765, -18.966434887749955 ], [ 26.810195272520907, -18.966395124091804 ], [ 26.81014146806827, -18.966356941521681 ], [ 26.810086503248684, -18.966320379313643 ], [ 26.810030377648612, -18.966285469077715 ], [ 26.809973185692748, -18.966252249868749 ], [ 26.809914642216501, -18.966220749025851 ], [ 26.809855411251977, -18.966191006017159 ], [ 26.809795112760639, -18.966163043446571 ], [ 26.809733936240725, -18.966136889750377 ], [ 26.809671786416107, -18.966112570900101 ], [ 26.809609042661624, -18.966090114868205 ], [ 26.809545514909868, -18.966069536568636 ], [ 26.809481392658412, -18.966050864438206 ], [ 26.809416485910564, -18.966034107971623 ], [ 26.809351269008392, -18.966019292652163 ], [ 26.809285551966799, -18.966006427071562 ], [ 26.809219429515569, -18.965995526802825 ], [ 26.809152901510934, -18.965986602683408 ], [ 26.809086252677261, -18.965979660791152 ], [ 26.809019387961751, -18.965974709937626 ], [ 26.808952212370627, -18.965971754418341 ], [ 26.808885200528394, -18.965970798041905 ], [ 26.808818162544121, -18.96597184217465 ], [ 26.808751098450831, -18.965974884106771 ], [ 26.808684293078844, -18.965979921788637 ], [ 26.808617556619907, -18.965986950264231 ], [ 26.80855117398697, -18.965995961161944 ], [ 26.808484955430842, -18.966006945009884 ], [ 26.808419375682231, -18.966019897489829 ], [ 26.808354055268772, -18.966034797851524 ], [ 26.808289468992164, -18.966051636358149 ], [ 26.808225332312571, -18.966070392479594 ], [ 26.808161835305302, -18.96609105039953 ], [ 26.808099073172365, -18.966113589565758 ], [ 26.808037236036522, -18.966137990549733 ], [ 26.807976039499906, -18.966164221983053 ], [ 26.807915863574134, -18.966192263071708 ], [ 26.807856613691104, -18.966222085597675 ], [ 26.807798385183286, -18.966253659074194 ], [ 26.807741273371505, -18.966286953917916 ], [ 26.807685183770651, -18.966321935588518 ], [ 26.807630401626021, -18.966358570427996 ], [ 26.807576832488241, -18.966396821186589 ], [ 26.807524476828782, -18.966436651738313 ], [ 26.807473525031831, -18.966478022785779 ], [ 26.807424072560949, -18.966520893907973 ], [ 26.807375835231817, -18.966565217478781 ], [ 26.807329288168219, -18.966610959379111 ], [ 26.807284242201522, -18.966658065881379 ], [ 26.807240792819638, -18.966706494758309 ], [ 26.807198845739553, -18.966756196115604 ], [ 26.807158591453192, -18.966807122527825 ], [ 26.807120125567184, -18.966859222736048 ], [ 26.807083353810835, -18.966912445942814 ], [ 26.807048561645104, -18.966966742234213 ], [ 26.807015370107177, -18.967022052021392 ], [ 26.806984064681981, -18.967078323584069 ], [ 26.806954646091341, -18.967135501829716 ], [ 26.806927020136012, -18.967193530541572 ], [ 26.806901472360774, -18.967252353483651 ], [ 26.806877908625779, -18.967311909923311 ], [ 26.806856329677039, -18.967372142961523 ], [ 26.806836736296102, -18.967432992989643 ], [ 26.806819129276409, -18.967494399495834 ], [ 26.806803509435117, -18.967556300161849 ], [ 26.806790067385098, -18.967618638530677 ], [ 26.806778519203071, -18.967681347104747 ], [ 26.806769245356932, -18.967744370772376 ], [ 26.806762056844942, -18.967807643160139 ], [ 26.806756954496514, -18.967871101046367 ], [ 26.80675384419585, -18.967934681891347 ], [ 26.806752916592004, -18.967998326528189 ], [ 26.806754172561867, -18.968061968122313 ], [ 26.806757328087169, -18.968125546401033 ], [ 26.806762763755213, -18.968188997220476 ], [ 26.806770195559427, -18.968252259404679 ], [ 26.806779719274747, -18.968315269049391 ], [ 26.80679143064075, -18.968377964959874 ], [ 26.806805140595966, -18.968440285277833 ], [ 26.806820944903532, -18.96850216700204 ], [ 26.806838844333825, -18.968563551425859 ], [ 26.806858649848568, -18.968624374884492 ], [ 26.806880362206005, -18.968684579574393 ], [ 26.806904266977863, -18.968744107452125 ], [ 26.80692998524589, -18.96880289531363 ], [ 26.806957707588737, -18.968860889410099 ], [ 26.80698743476448, -18.96891803193768 ], [ 26.80701897766302, -18.968974264650303 ], [ 26.807052242072562, -18.969029532232511 ], [ 26.807087418571548, -18.969083780935183 ], [ 26.807124412900766, -18.969136959055415 ], [ 26.807163035937464, -18.96918900925025 ], [ 26.807203478177183, -18.969239884092548 ], [ 26.807245550402332, -18.969289533464643 ], [ 26.807289158364622, -18.969337904760529 ], [ 26.807334492488508, -18.96938495597179 ], [ 26.807381268645045, -18.9694306349536 ], [ 26.807429487389758, -18.969474899255705 ], [ 26.80747914930167, -18.969517704621449 ], [ 26.807530254912443, -18.969559010406833 ], [ 26.807582709842801, -18.96959877394066 ], [ 26.807636514576824, -18.969636958191572 ], [ 26.807691479776764, -18.969673522074025 ], [ 26.807747510956379, -18.969708431045571 ], [ 26.807804798420989, -18.969741652129112 ], [ 26.807863342595052, -18.969773152809108 ], [ 26.807922574319157, -18.969802897439777 ], [ 26.807982873661022, -18.969830861613882 ], [ 26.808044051140023, -18.969857015084337 ], [ 26.808106201996477, -18.969881334588194 ], [ 26.808168946832872, -18.969903793050079 ], [ 26.808232475788472, -18.969924370137267 ], [ 26.808296599275646, -18.969943043731632 ], [ 26.808361317505131, -18.969959797575193 ], [ 26.808426725622255, -18.969974615630399 ], [ 26.808492444086991, -18.969987481660905 ], [ 26.808558568009033, -18.969998382338872 ], [ 26.808625097504308, -18.970007308631924 ], [ 26.808691747908096, -18.970014249040442 ], [ 26.808758614200062, -18.970019200171645 ], [ 26.808825696460516, -18.970022155702836 ], [ 26.808892804853048, -18.970023112483656 ] ] ] } },
{ "type": "Feature", "properties": { "fid": 145, "RIV_BND_": 3342, "RIV_BND_ID": 816, "NAME": null, "IMPORTANT": 0 }, "geometry": { "type": "MultiLineString", "coordinates": [ [ [ 27.103096150608913, -19.028841724595658 ], [ 27.100232122987659, -19.030290901051437 ], [ 27.099840692165838, -19.029897967686701 ] ] ] } },
{ "type": "Feature", "properties": { "fid": 146, "RIV_BND_": 3346, "RIV_BND_ID": 3646, "NAME": null, "IMPORTANT": 0 }, "geometry": { "type": "MultiLineString", "coordinates": [ [ [ 26.874936084064959, -18.795057749281451 ], [ 26.865324405255691, -18.806625000721073 ], [ 26.863930187405142, -18.812697945760519 ], [ 26.865788140991203, -18.817718538884513 ], [ 26.869692116881193, -18.821651886127565 ], [ 26.880940527240377, -18.822357994263005 ], [ 26.892602845770877, -18.822693240682352 ], [ 26.90421884743439, -18.824554741616108 ], [ 26.923924814590034, -18.82511833606231 ], [ 26.929474038162777, -18.827951242379239 ], [ 26.932115402813736, -18.833757803465172 ], [ 26.934169002307105, -18.845660938227564 ], [ 26.932695418910122, -18.854406843857753 ], [ 26.928347938348598, -18.864981140960094 ], [ 26.92854110100323, -18.871864132350691 ], [ 26.931619901771551, -18.876536966806523 ], [ 26.939492005057172, -18.882492610901675 ], [ 26.946006924067007, -18.893376437245838 ], [ 26.959339806787778, -18.905217914663847 ], [ 26.963557959499639, -18.91221515573973 ], [ 26.974869951869049, -18.924380413889732 ], [ 26.979641285535461, -18.926425875885943 ], [ 26.985229302701207, -18.928112212473977 ], [ 26.991518877347165, -18.933256989997599 ], [ 26.998947247921947, -18.940726225055244 ], [ 27.014277254852075, -18.953384655272117 ], [ 27.022592684337141, -18.958203329054935 ], [ 27.026871843246465, -18.963290595699895 ], [ 27.028713089259213, -18.96907362903081 ], [ 27.027661831418552, -19.004196684884409 ], [ 27.026639389626371, -19.011427741861297 ], [ 27.029965859550725, -19.021455462410646 ], [ 27.030991051889394, -19.027597687080394 ], [ 27.035306227469178, -19.03153958894649 ], [ 27.041760819732612, -19.03133827130862 ] ] ] } },
{ "type": "Feature", "properties": { "fid": 147, "RIV_BND_": 3376, "RIV_BND_ID": 5778, "NAME": null, "IMPORTANT": 0 }, "geometry": { "type": "MultiLineString", "coordinates": [ [ [ 27.342067739087142, -19.073061387147181 ], [ 27.342216123899401, -19.073055468090409 ], [ 27.342363846097175, -19.073039740561242 ], [ 27.342509859568423, -19.073014291831239 ], [ 27.342653783101603, -19.072979233223712 ], [ 27.34279475964841, -19.072934750392591 ], [ 27.342932121996583, -19.072881049675072 ], [ 27.343065012303107, -19.07281839713686 ], [ 27.343193142445163, -19.072747099204136 ], [ 27.343315653813711, -19.072667499642769 ], [ 27.343432067462157, -19.072579984484204 ], [ 27.343541523918574, -19.072484985132178 ], [ 27.343643923507621, -19.072382969635278 ], [ 27.343738596329946, -19.072274417182246 ], [ 27.343824871871476, -19.07215986930057 ], [ 27.343902554524494, -19.072039887144559 ], [ 27.343971258456815, -19.071915050940358 ], [ 27.344030502578182, -19.071785965356824 ], [ 27.344080280595133, -19.071653265529473 ], [ 27.34412011107413, -19.071517591360063 ], [ 27.344149607344374, -19.071379608899591 ], [ 27.344169142892884, -19.071239983796875 ], [ 27.344178235844836, -19.071099401122531 ], [ 27.34417716435582, -19.070958558193031 ], [ 27.34416544680505, -19.070818114779186 ], [ 27.344143551359902, -19.070678770804175 ], [ 27.34411147120775, -19.070541214695183 ], [ 27.344069389985769, -19.070406093218814 ], [ 27.344017395996477, -19.070274084810841 ], [ 27.343955863072331, -19.070145819872458 ], [ 27.343885070033078, -19.070021927950211 ], [ 27.343805200874211, -19.069903018763458 ], [ 27.343716915138511, -19.069789655704685 ], [ 27.343620492191658, -19.069682412303639 ], [ 27.343516307150104, -19.069581787956526 ], [ 27.343405210110316, -19.069488292651574 ], [ 27.343287291609947, -19.069402377147977 ], [ 27.343163497787359, -19.069324447488107 ], [ 27.343034109819378, -19.069254892897579 ], [ 27.342900074437377, -19.069194058889686 ], [ 27.34276186387066, -19.06914223159939 ], [ 27.342620045704791, -19.069099662782108 ], [ 27.342475663007857, -19.069066564196078 ], [ 27.342329094194934, -19.069043100064412 ], [ 27.342181193290415, -19.069029381965326 ], [ 27.342032719721349, -19.0690254790665 ], [ 27.341884243515789, -19.069031396491201 ], [ 27.34173661989929, -19.069047124762406 ], [ 27.341590419780477, -19.069072580469729 ], [ 27.341446499617181, -19.069107630368499 ], [ 27.341305621138343, -19.069152112355077 ], [ 27.341168356551144, -19.069205812928974 ], [ 27.341035373631655, -19.069268463432401 ], [ 27.340907245482381, -19.06933976092688 ], [ 27.340784830695185, -19.069419358964588 ], [ 27.340668513143576, -19.069506874300377 ], [ 27.340558867280745, -19.069601869386045 ], [ 27.340456562717264, -19.069703893074568 ], [ 27.340361984597759, -19.069812435640355 ], [ 27.340275613143262, -19.069926981889093 ], [ 27.340197929127797, -19.070046961516351 ], [ 27.34012912836387, -19.070171795327319 ], [ 27.340069977013126, -19.070300880348722 ], [ 27.34002029139678, -19.070433579756095 ], [ 27.339980457977504, -19.070569253725321 ], [ 27.339950673399503, -19.070707240844445 ], [ 27.339931229553095, -19.07084685706608 ], [ 27.339922133057932, -19.070987440168025 ], [ 27.339923390885488, -19.071128292691849 ], [ 27.33993491490758, -19.071268725356457 ], [ 27.339956806827427, -19.071408069562459 ], [ 27.339988978516498, -19.071545636025313 ], [ 27.340030961632483, -19.071680749202176 ], [ 27.340082952715012, -19.071812758509633 ], [ 27.340144483066776, -19.071941023636278 ], [ 27.340215463921776, -19.072064918532622 ], [ 27.340295141274382, -19.072183827421984 ], [ 27.340383520678962, -19.072297193770151 ], [ 27.340479847771164, -19.072404437033505 ], [ 27.340584032457674, -19.072505063062234 ], [ 27.340695319663975, -19.072598561781113 ], [ 27.340813048701161, -19.072684486308585 ], [ 27.340937033760408, -19.072762411204682 ], [ 27.341066233317793, -19.07283196476827 ], [ 27.341200460756419, -19.072892801967352 ], [ 27.341338578732806, -19.07294463065541 ], [ 27.341480209656794, -19.072987198954827 ], [ 27.34162478545456, -19.0730202993552 ], [ 27.34177126255295, -19.07304376434314 ], [ 27.341919166932001, -19.073057483032439 ], [ 27.342067739087142, -19.073061387147181 ] ] ] } },
{ "type": "Feature", "properties": { "fid": 148, "RIV_BND_": 3396, "RIV_BND_ID": 1603, "NAME": null, "IMPORTANT": 0 }, "geometry": { "type": "MultiLineString", "coordinates": [ [ [ 27.041760819732612, -19.03133827130862 ], [ 27.046456362391215, -19.036054765550411 ], [ 27.050863451358776, -19.036942150054742 ], [ 27.054339867554539, -19.042006486378899 ], [ 27.053017831975382, -19.045790508616772 ], [ 27.047276999886758, -19.049068895902852 ], [ 27.047140075239501, -19.053650189714869 ], [ 27.04749721315288, -19.05518854915255 ], [ 27.047706111138428, -19.061689975995762 ], [ 27.045646635977072, -19.063160736326182 ], [ 27.038776604682944, -19.063732567595235 ], [ 27.033483508353285, -19.065494647955216 ], [ 27.022724770556241, -19.074744810865802 ], [ 27.017477004552664, -19.074979315861615 ], [ 27.012585978954974, -19.076752068684954 ], [ 27.006992784484542, -19.075066109271297 ], [ 26.997728684200972, -19.074804674147153 ], [ 26.994057498013628, -19.076229287173899 ], [ 26.989511326007644, -19.079921572877169 ], [ 26.985414065839539, -19.082098112950941 ], [ 26.983249907223435, -19.087003900783788 ] ] ] } },
{ "type": "Feature", "properties": { "fid": 149, "RIV_BND_": 3410, "RIV_BND_ID": 168, "NAME": null, "IMPORTANT": 0 }, "geometry": { "type": "MultiLineString", "coordinates": [ [ [ 26.906792178660609, -19.095520132726634 ], [ 26.908462173027303, -19.093657765068173 ], [ 26.906115678676507, -19.091297899483486 ], [ 26.904078301387255, -19.092003455162924 ], [ 26.903972522845748, -19.095439049978175 ], [ 26.906792178660609, -19.095520132726634 ] ] ] } },
{ "type": "Feature", "properties": { "fid": 150, "RIV_BND_": 3420, "RIV_BND_ID": 167, "NAME": null, "IMPORTANT": 0 }, "geometry": { "type": "MultiLineString", "coordinates": [ [ [ 26.549875936553097, -19.099812447519533 ], [ 26.549145867240853, -19.097497976130072 ], [ 26.54998892461915, -19.096377820857661 ], [ 26.551612162847718, -19.096045616655513 ], [ 26.554015888261038, -19.096501357810098 ], [ 26.553110119666862, -19.099529668505109 ], [ 26.549875936553097, -19.099812447519533 ] ] ] } },
{ "type": "Feature", "properties": { "fid": 151, "RIV_BND_": 3436, "RIV_BND_ID": 3433, "NAME": null, "IMPORTANT": 0 }, "geometry": { "type": "MultiLineString", "coordinates": [ [ [ 26.282206276179672, -19.118626000151131 ], [ 26.282311360047569, -19.118624663600272 ], [ 26.282416779916908, -19.118620207502513 ], [ 26.282521775875434, -19.118612629656653 ], [ 26.282626443329896, -19.118601904381993 ], [ 26.282730781388455, -19.118588085846579 ], [ 26.282834410313448, -19.118571159408841 ], [ 26.282937709683093, -19.118551148738511 ], [ 26.283040203904321, -19.11852809195943 ], [ 26.283141893119094, -19.118501980044226 ], [ 26.283242681613974, -19.118472856730655 ], [ 26.283342378853554, -19.118440755325537 ], [ 26.283440889567668, -19.118405692483162 ], [ 26.283538307983143, -19.118367714747883 ], [ 26.283634253625728, -19.118326852621493 ], [ 26.283729105632016, -19.118283156857284 ], [ 26.283822198471611, -19.118236662777129 ], [ 26.283913816606997, -19.118187401675538 ], [ 26.284003673649686, -19.118135459626579 ], [ 26.284091579361885, -19.118080851883278 ], [ 26.284178007555834, -19.118023648657367 ], [ 26.284262387378011, -19.117963904731592 ], [ 26.284344432884527, -19.117901679097258 ], [ 26.28442480812264, -19.117837026714749 ], [ 26.284502752006304, -19.11777001761914 ], [ 26.28457835847118, -19.117700716412042 ], [ 26.284652006213857, -19.117629200930022 ], [ 26.284722934445448, -19.117555523153296 ], [ 26.284791236660283, -19.117479774767791 ], [ 26.284857291703347, -19.117402024581683 ], [ 26.284920623695811, -19.117322328782922 ], [ 26.284981325837894, -19.117240797113219 ], [ 26.285039396950808, -19.117157501799692 ], [ 26.285094455979443, -19.11707250946122 ], [ 26.285146976296716, -19.116985917391496 ], [ 26.285196196824611, -19.116897795629392 ], [ 26.285242780579722, -19.116808262328366 ], [ 26.285286156718406, -19.11671737227552 ], [ 26.285326513264966, -19.116625245642062 ], [ 26.285363944307043, -19.116531938000669 ], [ 26.285398162877289, -19.116437571540715 ], [ 26.285429357590392, -19.116342230320715 ], [ 26.285457336891067, -19.116246010847707 ], [ 26.285482099456946, -19.116148994376246 ], [ 26.285503643523462, -19.11605128924484 ], [ 26.285521872505139, -19.115952993362118 ], [ 26.285536784932873, -19.11585419701029 ], [ 26.285548474306133, -19.115754991873114 ], [ 26.285556938713583, -19.115655495316599 ], [ 26.285561891928808, -19.115555784389201 ], [ 26.285563806882543, -19.115455983465246 ], [ 26.285562112591375, -19.11535615635972 ], [ 26.285557281838337, -19.115256436474507 ], [ 26.285549408417666, -19.115156897436201 ], [ 26.285537920757299, -19.115057639171617 ], [ 26.285523196966381, -19.11495877562427 ], [ 26.285505235576348, -19.114860397074573 ], [ 26.285483940150687, -19.114762592401206 ], [ 26.285459404041259, -19.114665462313948 ], [ 26.285431910535124, -19.114569110325952 ], [ 26.285400793241589, -19.114473625933002 ], [ 26.28536709548386, -19.114379105805536 ], [ 26.285329960935972, -19.114285636635508 ], [ 26.285289672884133, -19.11419332193536 ], [ 26.285246610023563, -19.114102239535079 ], [ 26.285200295899315, -19.114012481732836 ], [ 26.285150918976345, -19.11392414161087 ], [ 26.285098952768283, -19.113837307428742 ], [ 26.285044205721828, -19.113752075689561 ], [ 26.284986486873688, -19.11366850678375 ], [ 26.284925794752649, -19.113586690989429 ], [ 26.28486269783733, -19.113506717968001 ], [ 26.284796910048883, -19.113428655735767 ], [ 26.284728714963265, -19.113352589748402 ], [ 26.284658016435326, -19.113278590825796 ], [ 26.284584718319739, -19.113206729787521 ], [ 26.284509294272276, -19.113137085865372 ], [ 26.284431458212975, -19.113069727074738 ], [ 26.284351399190918, -19.113004710385191 ], [ 26.284269306107092, -19.112942101794477 ], [ 26.284185177928435, -19.112881964496044 ], [ 26.284099108440788, -19.112824372113618 ], [ 26.284010907119651, -19.11276935795178 ], [ 26.283921237697232, -19.112716995020115 ], [ 26.283829719567514, -19.112667322846747 ], [ 26.283736731709293, -19.112620401206659 ], [ 26.28364217856322, -19.11257626480689 ], [ 26.283546344288062, -19.112534962992438 ], [ 26.283449038209934, -19.112496538095918 ], [ 26.283350449815522, -19.112461020003888 ], [ 26.283250958228695, -19.11242845946472 ], [ 26.28315018313711, -19.112398877949538 ], [ 26.283048884119445, -19.112372295705999 ], [ 26.282946490487682, -19.112348758483829 ], [ 26.282843287135869, -19.112328270489236 ], [ 26.28273965318607, -19.112310882472144 ], [ 26.282635398995566, -19.112296573569068 ], [ 26.282530524116197, -19.112285370862384 ], [ 26.28242550322588, -19.112277290393852 ], [ 26.282320241057405, -19.112272348815402 ], [ 26.282215212583463, -19.11227054411393 ], [ 26.28210975288718, -19.11227187549428 ], [ 26.282004621987298, -19.112276336125436 ], [ 26.281899440013099, -19.112283920393718 ], [ 26.281794776755575, -19.112294636718911 ], [ 26.281690347753116, -19.112308453806566 ], [ 26.281586817762932, -19.112325381481163 ], [ 26.281483427345073, -19.112345390458771 ], [ 26.281380936961309, -19.112368446827873 ], [ 26.281279346458316, -19.112394559617378 ], [ 26.281178751682667, -19.112423676063674 ], [ 26.281079152776673, -19.112455787139766 ], [ 26.280980265574776, -19.112490843494985 ], [ 26.280882945506196, -19.112528812624952 ], [ 26.280786907815191, -19.112569681291692 ], [ 26.280692438577475, -19.11261338148455 ], [ 26.280599063548131, -19.112659870073081 ], [ 26.280507732976663, -19.112709124987582 ], [ 26.280417783129245, -19.112761073205384 ], [ 26.280329689572451, -19.112815676609117 ], [ 26.280243263256729, -19.112872878224511 ], [ 26.280159169977882, -19.112932624687602 ], [ 26.280076746002845, -19.112994842974839 ], [ 26.27999646690008, -19.113059494970148 ], [ 26.279918523930373, -19.113126502232923 ], [ 26.279842823160109, -19.113195800165446 ], [ 26.279769270803587, -19.113267315141794 ], [ 26.279698247908275, -19.113340980558707 ], [ 26.279629945441535, -19.113416736032296 ], [ 26.279563985014587, -19.113494485666969 ], [ 26.279500652414328, -19.113574179511367 ], [ 26.279439949414748, -19.113655709232187 ], [ 26.279381877199153, -19.113739002608199 ], [ 26.27932672185166, -19.113823991632472 ], [ 26.279274579819003, -19.113910587432681 ], [ 26.279225072565975, -19.113998703140226 ], [ 26.279178486769133, -19.114088234636146 ], [ 26.279135108367004, -19.114179122941806 ], [ 26.279094749350278, -19.114271247886006 ], [ 26.279057220675028, -19.114364552493196 ], [ 26.279023094216932, -19.114458918803532 ], [ 26.278991801507424, -19.114554257137286 ], [ 26.278963819012628, -19.114650475213658 ], [ 26.278939053248116, -19.114747481349667 ], [ 26.278917600516447, -19.114845195700273 ], [ 26.278899367924712, -19.11494349047015 ], [ 26.278884356808444, -19.115042284408954 ], [ 26.278872663618646, -19.115141488643186 ], [ 26.278864480217791, -19.115240988620467 ], [ 26.278859333103934, -19.11534069606423 ], [ 26.27885741413947, -19.115440496421687 ], [ 26.278859009416045, -19.115540321685163 ], [ 26.278863931073708, -19.115640042652917 ], [ 26.278872085333123, -19.11573958569625 ], [ 26.278883189070076, -19.115838838263898 ], [ 26.278897908987645, -19.115937692828194 ], [ 26.27891586625482, -19.116036080572314 ], [ 26.278937157767125, -19.116133885537163 ], [ 26.278961690188346, -19.116231007009134 ], [ 26.278989464854476, -19.116327363735515 ], [ 26.279020293460494, -19.116422853597232 ], [ 26.27905408266917, -19.116517375880161 ], [ 26.279091403774007, -19.11661084873402 ], [ 26.279131498658916, -19.116703161608342 ], [ 26.279174843353292, -19.116794249303265 ], [ 26.279220869676468, -19.116884004078589 ], [ 26.279270148922098, -19.116972344083003 ], [ 26.279322207581561, -19.117059181037206 ], [ 26.279377142252955, -19.117144417036187 ], [ 26.279434859005587, -19.117227987476713 ], [ 26.279495264351727, -19.117309800671496 ], [ 26.279558359476468, -19.117389784394138 ], [ 26.279624240976968, -19.117467840738939 ], [ 26.279692434897363, -19.117543908510722 ], [ 26.279763322445319, -19.117617912074387 ], [ 26.279836334990289, -19.117689770774 ], [ 26.279911853591653, -19.11775941800213 ], [ 26.279989689494183, -19.117826778722158 ], [ 26.280069653646375, -19.117891795953675 ], [ 26.280152031990276, -19.117954410711821 ], [ 26.280235970984155, -19.118014538127415 ], [ 26.28032232608949, -19.118072145699479 ], [ 26.280410148646073, -19.118127156182812 ], [ 26.280499819416054, -19.118179521024992 ], [ 26.280591339136343, -19.118229195083011 ], [ 26.280684423782745, -19.118276119972393 ], [ 26.280778978974041, -19.118320258173991 ], [ 26.280874720537227, -19.118361560332101 ], [ 26.280972124055349, -19.11839998832566 ], [ 26.281070620298308, -19.1184354976142 ], [ 26.281170114587923, -19.118468068735108 ], [ 26.281270892567441, -19.118497660758589 ], [ 26.281372290035634, -19.118524227741311 ], [ 26.281474876805877, -19.118547778105821 ], [ 26.281577893854099, -19.11856825547757 ], [ 26.281681816171446, -19.11858565784679 ], [ 26.281786074081836, -19.11859996775998 ], [ 26.281890667875071, -19.118611167159841 ], [ 26.281995597840844, -19.118619237989087 ], [ 26.282100863973408, -19.118624180246389 ], [ 26.282206276179672, -19.118626000151131 ] ] ] } },
{ "type": "Feature", "properties": { "fid": 152, "RIV_BND_": 3455, "RIV_BND_ID": 2012, "NAME": null, "IMPORTANT": 0 }, "geometry": { "type": "MultiLineString", "coordinates": [ [ [ 27.208973903301331, -19.019129738454968 ], [ 27.205184020650801, -19.024758804584735 ], [ 27.205432260793721, -19.030115145682245 ], [ 27.213178460852529, -19.04102416612859 ], [ 27.216561032341023, -19.049522230922925 ], [ 27.226041094340395, -19.05627438809103 ], [ 27.227487323497449, -19.062045184544875 ], [ 27.225839005935992, -19.077285338655184 ], [ 27.226164852308973, -19.079968951990647 ], [ 27.232021060621694, -19.086622985062572 ], [ 27.232607029164363, -19.094281125824097 ], [ 27.228815964008355, -19.099910549570733 ], [ 27.210701357825627, -19.1127945823565 ], [ 27.207030722599725, -19.114223521451262 ], [ 27.204121569012433, -19.117201495462187 ], [ 27.202100359625401, -19.131284757561716 ], [ 27.197826698351292, -19.139575102113707 ], [ 27.189903234273508, -19.148530195887506 ], [ 27.189858819445259, -19.150057427617998 ] ] ] } },
{ "type": "Feature", "properties": { "fid": 153, "RIV_BND_": 3463, "RIV_BND_ID": 5074, "NAME": null, "IMPORTANT": 0 }, "geometry": { "type": "MultiLineString", "coordinates": [ [ [ 27.301391063349136, -19.142742801094645 ], [ 27.29098836777824, -19.139790782709326 ], [ 27.285269801825581, -19.14231301720779 ], [ 27.273396509118722, -19.14849162006637 ], [ 27.263896942789298, -19.156261543923087 ], [ 27.247643074229718, -19.160410225626404 ], [ 27.239189914043482, -19.159800399204833 ], [ 27.231238813006374, -19.155764734055236 ], [ 27.216751259314034, -19.154608754297882 ], [ 27.206261230075135, -19.15470648232851 ], [ 27.19103467267151, -19.151235763623131 ], [ 27.189858819445259, -19.150057427617998 ] ] ] } },
{ "type": "Feature", "properties": { "fid": 154, "RIV_BND_": 3464, "RIV_BND_ID": 163, "NAME": null, "IMPORTANT": 0 }, "geometry": { "type": "MultiLineString", "coordinates": [ [ [ 26.354671656359571, -19.150249745437392 ], [ 26.352255027944082, -19.150172942596793 ], [ 26.350332562827568, -19.147438007438584 ], [ 26.351203195816279, -19.145555840538258 ], [ 26.352021518219221, -19.145199887223022 ], [ 26.356023018770873, -19.146091013022819 ], [ 26.356321637818485, -19.149156266222111 ], [ 26.354671656359571, -19.150249745437392 ] ] ] } },
{ "type": "Feature", "properties": { "fid": 155, "RIV_BND_": 3345, "RIV_BND_ID": 4253, "NAME": null, "IMPORTANT": 0 }, "geometry": { "type": "MultiLineString", "coordinates": [ [ [ 27.171965422699486, -18.864131979152422 ], [ 27.162467864055007, -18.872279674007558 ], [ 27.157181777939503, -18.874045964755524 ], [ 27.135030506575863, -18.874203912577489 ], [ 27.127296562440574, -18.877048495756558 ], [ 27.122725393083343, -18.881890278432614 ], [ 27.119573182850068, -18.893266838086102 ], [ 27.119282138655876, -18.903193636886698 ], [ 27.120723779177318, -18.908964940484587 ], [ 27.120175810479491, -18.913917271483893 ], [ 27.11600588837868, -18.918769843991274 ], [ 27.111421952162416, -18.923993000212665 ], [ 27.110347597025079, -18.933133924537699 ], [ 27.108647861077667, -18.936143877406419 ], [ 27.097521791057495, -18.94462492991579 ], [ 27.094937932725582, -18.950285001847671 ], [ 27.093046135750569, -18.959785214259227 ], [ 27.090864303048001, -18.965456331697638 ], [ 27.084231545315916, -18.971768205185882 ], [ 27.076838295750051, -18.976530284926181 ], [ 27.073056551318896, -18.98177458301781 ], [ 27.068770048021161, -18.99044362551788 ], [ 27.065895122116714, -18.992274088038613 ], [ 27.063331951268712, -18.997169966901289 ], [ 27.063552873260484, -19.003289681383418 ], [ 27.060609606920224, -19.007410716598475 ], [ 27.056123621918182, -19.009196080379073 ], [ 27.053202725879022, -19.012553412034993 ], [ 27.052663524889791, -19.017123502076299 ], [ 27.050133598163033, -19.020873785229242 ], [ 27.044313813872623, -19.026824588644203 ], [ 27.041760819732612, -19.03133827130862 ] ] ] } },
{ "type": "Feature", "properties": { "fid": 156, "RIV_BND_": 3479, "RIV_BND_ID": 2543, "NAME": null, "IMPORTANT": 0 }, "geometry": { "type": "MultiLineString", "coordinates": [ [ [ 26.929179228565303, -19.184325775175765 ], [ 26.929246358576119, -19.184324699305506 ], [ 26.929313608825449, -19.184321610292603 ], [ 26.92938050348355, -19.184316547932411 ], [ 26.929447232991834, -19.184309487274469 ], [ 26.929513797122006, -19.184300446383268 ], [ 26.929579910714082, -19.184289422039736 ], [ 26.929645668705273, -19.184276424349328 ], [ 26.929710975589074, -19.184261488368307 ], [ 26.929775736310674, -19.184244613024013 ], [ 26.92984004558166, -19.184225826486465 ], [ 26.929903427911508, -19.184205141456275 ], [ 26.929966263621086, -19.184182553193157 ], [ 26.930028361700202, -19.184158131809919 ], [ 26.930089532154909, -19.184131866129459 ], [ 26.930149774644747, -19.184103783249313 ], [ 26.930209088603583, -19.184073928331465 ], [ 26.93026728369923, -19.184042317295905 ], [ 26.930324549470697, -19.184008997450103 ], [ 26.930380600646494, -19.183973974609287 ], [ 26.930435531487731, -19.183937313072782 ], [ 26.930489246715211, -19.183899029833487 ], [ 26.930541555658966, -19.1838591679087 ], [ 26.930592552919144, -19.183817764501033 ], [ 26.930642142765624, -19.183774872732634 ], [ 26.930690229919943, -19.183730509596717 ], [ 26.930736813366099, -19.183684756384739 ], [ 26.930781988156177, -19.183637614170181 ], [ 26.930825563169957, -19.183589162099715 ], [ 26.930867442904027, -19.18353943523126 ], [ 26.930907626568828, -19.183488496791778 ], [ 26.930946113939118, -19.183436364846958 ], [ 26.930982904112742, -19.18338311165601 ], [ 26.931017901361297, -19.183328790341331 ], [ 26.93105110489584, -19.183273464129854 ], [ 26.931082418988364, -19.183217186144013 ], [ 26.931111748249588, -19.183159982409535 ], [ 26.931139186830215, -19.183101926257706 ], [ 26.931164923932847, -19.183043092091765 ], [ 26.931188388570568, -19.182983527673574 ], [ 26.931210055666099, -19.182923265461376 ], [ 26.931229733763534, -19.182862411698878 ], [ 26.931247232422695, -19.182800991339615 ], [ 26.931262740846655, -19.182739078786565 ], [ 26.9312762584733, -19.182676719201712 ], [ 26.931287594073197, -19.182614000764207 ], [ 26.931297032126658, -19.182550980884365 ], [ 26.931304191865287, -19.182487700435892 ], [ 26.931309262605026, -19.182424224789091 ], [ 26.931312338158811, -19.182360654371276 ], [ 26.931313228200302, -19.182297005103251 ], [ 26.931312026880974, -19.182233350315361 ], [ 26.931308638023697, -19.182169779258448 ], [ 26.931303346333912, -19.182106331277588 ], [ 26.931295770931595, -19.182043056278442 ], [ 26.931286005629747, -19.181980054687862 ], [ 26.931274335246268, -19.181917356818456 ], [ 26.931260568665561, -19.181855041816451 ], [ 26.931244895315512, -19.181793166019141 ], [ 26.93122693420387, -19.181731788364015 ], [ 26.931206969696863, -19.181670975292548 ], [ 26.931185001119715, -19.181610780997818 ], [ 26.93116112284866, -19.181551260744904 ], [ 26.931135239044906, -19.18149247668698 ], [ 26.931107443746029, -19.181434511185845 ], [ 26.931077926830049, -19.181377384449402 ], [ 26.931046212141343, -19.181321163374648 ], [ 26.931012869197374, -19.181265917619012 ], [ 26.930977612508372, -19.181211671062162 ], [ 26.930940535998339, -19.181158515097874 ], [ 26.930901829318781, -19.181106487998466 ], [ 26.930861301917854, -19.181055623747682 ], [ 26.930819143108241, -19.181005987714634 ], [ 26.930775351988025, -19.180957652156316 ], [ 26.93073002349567, -19.1809106271761 ], [ 26.930683252005242, -19.180864968038691 ], [ 26.930634751801026, -19.180820716687474 ], [ 26.930585092509816, -19.180777933748409 ], [ 26.930533798427263, -19.180736649988013 ], [ 26.930481249078483, -19.180696923887826 ], [ 26.930427539287926, -19.180658774583595 ], [ 26.930372383452209, -19.180622234986128 ], [ 26.930316066158046, -19.180587353472561 ], [ 26.930258777054075, -19.180554168315755 ], [ 26.930200325925675, -19.180522686401929 ], [ 26.930140807032227, -19.180492972028265 ], [ 26.93008041024763, -19.180465045403121 ], [ 26.930019135457666, -19.180438915557819 ], [ 26.929956981870824, -19.180414645717082 ], [ 26.929894139924816, -19.1803922109284 ], [ 26.929830513890419, -19.180371664311735 ], [ 26.929766198477513, -19.180353034035626 ], [ 26.929701289073186, -19.18033629407509 ], [ 26.929635974985793, -19.180321509800603 ], [ 26.92957025610032, -19.180308690243816 ], [ 26.929503942427051, -19.180297824226177 ], [ 26.929437414051868, -19.180288925070499 ], [ 26.929370575470632, -19.180282027832483 ], [ 26.929303522069983, -19.180277106487729 ], [ 26.929236443496315, -19.180274199310741 ], [ 26.929169340198875, -19.180273270172258 ], [ 26.929102116786297, -19.1802743450957 ], [ 26.929034963243627, -19.180277435259136 ], [ 26.928967975183205, -19.180282496574264 ], [ 26.928901342364234, -19.180289558284056 ], [ 26.928834779633679, -19.180298617169147 ], [ 26.928768572591437, -19.180309640320026 ], [ 26.928702721235148, -19.180322627736885 ], [ 26.928637511051924, -19.180337555542895 ], [ 26.92857265677592, -19.180354429550963 ], [ 26.928508539057571, -19.18037321792556 ], [ 26.928445063070402, -19.180393901529442 ], [ 26.928382228699398, -19.180416489395284 ], [ 26.928320226946692, -19.180440911412525 ], [ 26.928259057697449, -19.180467176614059 ], [ 26.928198816339044, -19.180495258977341 ], [ 26.928139503434618, -19.180525113341925 ], [ 26.928081119208549, -19.180556721644059 ], [ 26.928023949375156, -19.180590041944104 ], [ 26.927967898995817, -19.180625064137178 ], [ 26.927913063910566, -19.180661726072202 ], [ 26.927859349293946, -19.180700008611968 ], [ 26.92780704086109, -19.18073986981733 ], [ 26.927756044012856, -19.180781272486747 ], [ 26.927706454476962, -19.180824163501534 ], [ 26.927658272478958, -19.180868524798353 ], [ 26.927611593859961, -19.180914294226426 ], [ 26.927566419297818, -19.180961417593426 ], [ 26.927522939232567, -19.181009869951545 ], [ 26.92748115434247, -19.181059597108543 ], [ 26.927440875091786, -19.181110551756593 ], [ 26.927402292260101, -19.181162681851166 ], [ 26.927365596853402, -19.18121591728341 ], [ 26.927330598997258, -19.18127023784211 ], [ 26.92729748981106, -19.181325564386182 ], [ 26.927266174697273, -19.181381859713802 ], [ 26.927236654674221, -19.181439042535796 ], [ 26.927209215121543, -19.181497098010929 ], [ 26.927183667069485, -19.181555933669728 ], [ 26.927160010971683, -19.181615513384155 ], [ 26.92713853299966, -19.181675759087366 ], [ 26.927118853629938, -19.181736612290283 ], [ 26.927101163305171, -19.181798048045284 ], [ 26.927085653485715, -19.181859960114615 ], [ 26.927072324738976, -19.181922303337782 ], [ 26.927060797541245, -19.181985019225387 ], [ 26.927051548054212, -19.18204804089099 ], [ 26.927044386743315, -19.182111321025584 ], [ 26.927039124299849, -19.182174794255612 ], [ 26.927036236999342, -19.18223838466232 ], [ 26.927035250266606, -19.182302032681608 ], [ 26.927036450161985, -19.182365669278436 ], [ 26.927039837140207, -19.182429258324074 ], [ 26.927045222457672, -19.182492689283389 ], [ 26.927052796219446, -19.182555964304896 ], [ 26.92706236979485, -19.182618963820968 ], [ 26.927074038576748, -19.182681661809056 ], [ 26.927087803584985, -19.182743976978866 ], [ 26.927103665500166, -19.182805855136724 ], [ 26.927121625115937, -19.182867233056655 ], [ 26.927141493122711, -19.182928045364218 ], [ 26.927163365252401, -19.182988238939753 ], [ 26.927187242185351, -19.183047759589304 ], [ 26.927213124714875, -19.18310654408663 ], [ 26.92724091880855, -19.183164510066767 ], [ 26.927270624581187, -19.183221648496801 ], [ 26.927302148226104, -19.183277858947225 ], [ 26.927335680074592, -19.183333125500976 ], [ 26.927370936102985, -19.183387354612446 ], [ 26.927408011816588, -19.183440511225896 ], [ 26.92744671779095, -19.183492538998784 ], [ 26.927487244583101, -19.183543403949283 ], [ 26.927529212777241, -19.183593038554577 ], [ 26.927573003486323, -19.183641374851746 ], [ 26.927618331441938, -19.183688418649933 ], [ 26.9276652930529, -19.1837340626351 ], [ 26.92771360305024, -19.183778312616457 ], [ 26.92776345244247, -19.183821098482838 ], [ 26.927814651577407, -19.183862381956285 ], [ 26.927867106080754, -19.183902107768354 ], [ 26.927921006282634, -19.18394026000108 ], [ 26.927976162530282, -19.183976800376612 ], [ 26.928032290231318, -19.184011680511162 ], [ 26.928089674767772, -19.18404488556062 ], [ 26.928148126825203, -19.184076350150526 ], [ 26.928207551463252, -19.184106064173815 ], [ 26.928267948906722, -19.184134009564968 ], [ 26.928329319945277, -19.1841601230972 ], [ 26.928391379307357, -19.184184410580819 ], [ 26.92845441271351, -19.184206830074483 ], [ 26.928517944900033, -19.184227376209279 ], [ 26.928582261361328, -19.184246025108379 ], [ 26.928647077277137, -19.184262746453584 ], [ 26.928712582863387, -19.184277533358838 ], [ 26.928778303194562, -19.184290353359376 ], [ 26.928844618365442, -19.184301219780547 ], [ 26.928911053224375, -19.184310118222523 ], [ 26.928977893378395, -19.184317015775914 ], [ 26.929044853328779, -19.184321936316945 ], [ 26.929111933299083, -19.184324861780777 ], [ 26.929179228565303, -19.184325775175765 ] ] ] } },
{ "type": "Feature", "properties": { "fid": 157, "RIV_BND_": 3495, "RIV_BND_ID": 4094, "NAME": null, "IMPORTANT": 0 }, "geometry": { "type": "MultiLineString", "coordinates": [ [ [ 26.831517329689113, -19.207958144573084 ], [ 26.832015938728077, -19.204916247480217 ], [ 26.827666060169602, -19.202114810898191 ], [ 26.824820848196975, -19.202795745515235 ], [ 26.824322119618351, -19.205837602273945 ], [ 26.826680645222282, -19.207816835539376 ], [ 26.831517329689113, -19.207958144573084 ] ] ] } },
{ "type": "Feature", "properties": { "fid": 158, "RIV_BND_": 3505, "RIV_BND_ID": 1618, "NAME": null, "IMPORTANT": 0 }, "geometry": { "type": "MultiLineString", "coordinates": [ [ [ 26.935312412054518, -19.216547566326881 ], [ 26.935379745506697, -19.216546491574594 ], [ 26.935446723830161, -19.21654339831893 ], [ 26.935513821815469, -19.216538337079601 ], [ 26.935580659512972, -19.216531276473017 ], [ 26.935647046551814, -19.216522232420523 ], [ 26.9357132681438, -19.216511208137064 ], [ 26.93577913391816, -19.216498219544135 ], [ 26.93584435854558, -19.216483272459598 ], [ 26.93590922667406, -19.216466415259582 ], [ 26.935973263395535, -19.216447606458182 ], [ 26.936036848091213, -19.216426922599638 ], [ 26.936099695883158, -19.216404333373397 ], [ 26.936161615724551, -19.216379908895444 ], [ 26.936222892940325, -19.21635364334815 ], [ 26.936283241976327, -19.216325560615005 ], [ 26.936342472124455, -19.216295703715598 ], [ 26.936400773300285, -19.216264092857777 ], [ 26.936457954796005, -19.216230771061273 ], [ 26.936514111343342, -19.216195766494899 ], [ 26.936568957614508, -19.216159084978468 ], [ 26.936622587777844, -19.216120799842162 ], [ 26.936675001494162, -19.216080938183776 ], [ 26.936726008169352, -19.216039533991282 ], [ 26.9367756071264, -19.21599664145937 ], [ 26.936823797913959, -19.215952296718143 ], [ 26.936870485122338, -19.215906525794601 ], [ 26.936915573003926, -19.215859381812468 ], [ 26.936959155840796, -19.215810929069622 ], [ 26.937001043040048, -19.215761201554542 ], [ 26.937041233813019, -19.215710262494227 ], [ 26.937079727934748, -19.215658129954345 ], [ 26.937116524504138, -19.215604876194128 ], [ 26.937151527549286, -19.215550572401963 ], [ 26.937184641887459, -19.215495226540533 ], [ 26.937215866167321, -19.215438946998034 ], [ 26.937245485602624, -19.215381736987702 ], [ 26.937272928304402, -19.215323707505739 ], [ 26.937298479599409, -19.215264852732947 ], [ 26.937322042953337, -19.215205289019064 ], [ 26.937343618255195, -19.215145025397284 ], [ 26.937363299225133, -19.21508417132619 ], [ 26.937380990456177, -19.215022752832823 ], [ 26.937396405836921, -19.214960838964174 ], [ 26.937409830017977, -19.21489847809416 ], [ 26.937421356945066, -19.214835761616577 ], [ 26.937430605662076, -19.214772739443298 ], [ 26.937437860819475, -19.21470945994789 ], [ 26.937443026334901, -19.214646003350627 ], [ 26.937446006576891, -19.214582413742662 ], [ 26.93744680064647, -19.214518763382433 ], [ 26.937445693081052, -19.214455109675399 ], [ 26.937442302474871, -19.214391538662273 ], [ 26.937436913590609, -19.214328089683761 ], [ 26.937429335614087, -19.214264814792461 ], [ 26.937419757448694, -19.214201815484302 ], [ 26.937407988393037, -19.214139134779398 ], [ 26.937394218251811, -19.214076801915464 ], [ 26.937378350379642, -19.214014942273412 ], [ 26.937360575031605, -19.213953548961715 ], [ 26.937340510464931, -19.213892735117216 ], [ 26.937318726651093, -19.213832543291868 ], [ 26.937294747566135, -19.213773022325899 ], [ 26.937268952703036, -19.213714239726848 ], [ 26.937241150909678, -19.213656274643284 ], [ 26.937211342075226, -19.213599136106758 ], [ 26.93717981017129, -19.213542926683171 ], [ 26.937146364609006, -19.213487680359574 ], [ 26.93711110000886, -19.21343343433475 ], [ 26.937074110314967, -19.213380280001125 ], [ 26.937035300008006, -19.213328252416012 ], [ 26.936994763707993, -19.213277388778206 ], [ 26.936952785835732, -19.213227755524652 ], [ 26.936908890255104, -19.213179410526482 ], [ 26.936863646933379, -19.213132396336064 ], [ 26.936816675254704, -19.213086735766055 ], [ 26.936768354821247, -19.213042487292007 ], [ 26.936718494817924, -19.212999702964705 ], [ 26.936667284707397, -19.212958439118228 ], [ 26.936614724489488, -19.212918695751398 ], [ 26.936560813262219, -19.212880545121127 ], [ 26.936505931077118, -19.212844009574479 ], [ 26.936449602023185, -19.212809128916941 ], [ 26.936392205926186, -19.212775943560157 ], [ 26.936333742672456, -19.212744462535305 ], [ 26.936274211471869, -19.212714749067029 ], [ 26.936213802236288, -19.212686823360961 ], [ 26.936152514851653, -19.212660694448289 ], [ 26.93609044359653, -19.212636426624968 ], [ 26.936027398669228, -19.212613990650922 ], [ 26.935963759668375, -19.212593445003382 ], [ 26.935899526253898, -19.212574816778371 ], [ 26.935834698536645, -19.212558096942761 ], [ 26.935769181107265, -19.212543311521216 ], [ 26.935703354127462, -19.212530473830469 ], [ 26.935637122187657, -19.21251960989532 ], [ 26.935570675311055, -19.212510730890248 ], [ 26.935503728513648, -19.212503815535939 ], [ 26.935436851869341, -19.212498897357275 ], [ 26.935369664873843, -19.21249599013257 ], [ 26.935302358114047, -19.212495059875302 ], [ 26.935235216230819, -19.212496154961173 ], [ 26.93516823989842, -19.212499221196612 ], [ 26.935101143456041, -19.212504291495595 ], [ 26.9350343074031, -19.212511352080032 ], [ 26.934967826693423, -19.212520413053955 ], [ 26.934901701775779, -19.212531438288543 ], [ 26.934835837691562, -19.212544417679855 ], [ 26.934770614714733, -19.21255935551536 ], [ 26.9347057478614, -19.212576230515367 ], [ 26.934641522675022, -19.212595018799032 ], [ 26.934578129291634, -19.212615722510648 ], [ 26.934515283178854, -19.21263828424156 ], [ 26.934453174134376, -19.212662733232854 ], [ 26.934392088491993, -19.212688982378701 ], [ 26.934331740591205, -19.212717064592773 ], [ 26.934272321358435, -19.212746918794124 ], [ 26.934214211294425, -19.212778531207526 ], [ 26.934156840321329, -19.21281186830435 ], [ 26.934100874711952, -19.212846874364843 ], [ 26.934045839232034, -19.212883534996806 ], [ 26.933992209677967, -19.212921819433237 ], [ 26.933939891543947, -19.212961681441804 ], [ 26.933888790211409, -19.213003083822265 ], [ 26.933839286633994, -19.213045976671463 ], [ 26.933791190898457, -19.213090339781431 ], [ 26.933744503794561, -19.213136109927568 ], [ 26.933699416138019, -19.213183235062296 ], [ 26.933655833198149, -19.213231687017601 ], [ 26.933613945791066, -19.213281413746078 ], [ 26.933573754481568, -19.213332370087667 ], [ 26.933535259947405, -19.213384501850111 ], [ 26.933498463092263, -19.213437736776612 ], [ 26.933463459212145, -19.213492057876309 ], [ 26.933430249323976, -19.213547383860135 ], [ 26.933398928949913, -19.213603679672801 ], [ 26.933369499107226, -19.213660864025226 ], [ 26.933342055092666, -19.21371891992656 ], [ 26.93331650296706, -19.213777755982832 ], [ 26.933292938253231, -19.213837337138646 ], [ 26.933271171829468, -19.213897579959418 ], [ 26.933251584653959, -19.213958434543269 ], [ 26.933233986927831, -19.21401987164894 ], [ 26.933218570147599, -19.214081785035759 ], [ 26.933204954600487, -19.2141441252524 ], [ 26.933193616315421, -19.214206843469643 ], [ 26.933184270762421, -19.214269882276447 ], [ 26.933177109212796, -19.214333153496511 ], [ 26.933171941980529, -19.21439661885578 ], [ 26.933168960111338, -19.21446020824229 ], [ 26.93316797425792, -19.21452385628513 ], [ 26.933169270536318, -19.214587493944968 ], [ 26.933172659260467, -19.214651082947508 ], [ 26.933177951647366, -19.214714512760423 ], [ 26.933185623163403, -19.214777779715408 ], [ 26.933195199589072, -19.214840788126185 ], [ 26.933206966815014, -19.21490348701748 ], [ 26.933220735606355, -19.214965801985716 ], [ 26.933236601713237, -19.215027679909944 ], [ 26.933254375787516, -19.21508905541868 ], [ 26.933274248762618, -19.215149867431371 ], [ 26.933296221318273, -19.215210061754096 ], [ 26.933320199063608, -19.215269583120161 ], [ 26.933345992649858, -19.215328366157863 ], [ 26.933373793010389, -19.215386349786307 ], [ 26.933403601050344, -19.215443461746823 ], [ 26.933435131559456, -19.215499698820597 ], [ 26.933468576148439, -19.215554945733064 ], [ 26.933503745015987, -19.215609173241344 ], [ 26.933540828982334, -19.215662329296308 ], [ 26.933579543288001, -19.215714374550156 ], [ 26.933619984133784, -19.2157652197521 ], [ 26.933662151633555, -19.215814855868889 ], [ 26.933706046917084, -19.215863192576986 ], [ 26.933751289588493, -19.215910234617258 ], [ 26.933798166215631, -19.215955876819454 ], [ 26.933846581615065, -19.21600012714206 ], [ 26.93389644161908, -19.21604291225346 ], [ 26.933947651721077, -19.216084185918891 ], [ 26.934000212259541, -19.216123921040399 ], [ 26.934053933430654, -19.216162088375299 ], [ 26.934109006392024, -19.216198608777102 ], [ 26.934165335959108, -19.216233490204402 ], [ 26.934222732440393, -19.216266694382391 ], [ 26.934281196625044, -19.216298158084285 ], [ 26.934340728624889, -19.216327872276704 ], [ 26.934401138634939, -19.216355807717342 ], [ 26.934462427105284, -19.21638192827622 ], [ 26.934524499188939, -19.216406214815638 ], [ 26.934587355110057, -19.216428649270163 ], [ 26.934651185686686, -19.216449179589588 ], [ 26.934715420150731, -19.216467826437096 ], [ 26.93478024920708, -19.216484546794856 ], [ 26.934845578008122, -19.2164993215256 ], [ 26.934911406551791, -19.216512150628564 ], [ 26.934977735061626, -19.216523016038529 ], [ 26.935044278321346, -19.216531914539075 ], [ 26.935111036667138, -19.216538819033001 ], [ 26.935178105280833, -19.216543721559407 ], [ 26.935245293566069, -19.21654665610318 ], [ 26.935312412054518, -19.216547566326881 ] ] ] } },
{ "type": "Feature", "properties": { "fid": 159, "RIV_BND_": 3510, "RIV_BND_ID": 286, "NAME": null, "IMPORTANT": 0 }, "geometry": { "type": "MultiLineString", "coordinates": [ [ [ 27.189858819445259, -19.150057427617998 ], [ 27.178115528672269, -19.151647877137083 ], [ 27.154505512950855, -19.159026229855961 ], [ 27.136301699636025, -19.160818767943837 ], [ 27.115935891785899, -19.167517019292376 ], [ 27.096114112910637, -19.183016201244541 ], [ 27.086996686964831, -19.191169054297337 ], [ 27.082795334882487, -19.196783623904455 ], [ 27.077798830823575, -19.201993821700146 ], [ 27.075220681056294, -19.207271266336004 ], [ 27.067367425686431, -19.213547760853068 ], [ 27.061677793455292, -19.21491719712337 ], [ 27.049560676195352, -19.215342331948079 ], [ 27.038964271547869, -19.218866052082817 ], [ 27.034852357708502, -19.221425172776762 ], [ 27.03078628567016, -19.222457144722522 ], [ 27.025199680307988, -19.220389527088983 ] ] ] } },
{ "type": "Feature", "properties": { "fid": 160, "RIV_BND_": 3509, "RIV_BND_ID": 999, "NAME": null, "IMPORTANT": 0 }, "geometry": { "type": "MultiLineString", "coordinates": [ [ [ 26.983249907223435, -19.087003900783788 ], [ 26.987910404275691, -19.092867120352626 ], [ 26.989313845685775, -19.099784349215518 ], [ 27.002066747646602, -19.104729830834234 ], [ 27.004380253016468, -19.108233901343663 ], [ 27.006072183218567, -19.118980042552518 ], [ 27.007982947865575, -19.122472717369188 ], [ 27.007856387788042, -19.126672083823742 ], [ 27.00661309429168, -19.127783259981697 ], [ 27.003872886022116, -19.138404288937565 ], [ 27.004471187563272, -19.145298703844528 ], [ 27.007119052242452, -19.1511047113883 ], [ 27.007015426585589, -19.154540540644593 ], [ 27.004010040686797, -19.160569027710473 ], [ 27.004666101849221, -19.165554636026588 ], [ 27.007694095424643, -19.172135553270969 ], [ 27.009098714880075, -19.179052718956211 ], [ 27.012990898633699, -19.183747533841302 ], [ 27.018288474629884, -19.195359388071232 ], [ 27.017793287919055, -19.19840211781122 ], [ 27.014764371526574, -19.205194238515766 ], [ 27.017781929349322, -19.212156820035403 ], [ 27.024819636894573, -19.21961467319607 ], [ 27.025199680307988, -19.220389527088983 ] ] ] } },
{ "type": "Feature", "properties": { "fid": 161, "RIV_BND_": 3548, "RIV_BND_ID": 157, "NAME": null, "IMPORTANT": 0 }, "geometry": { "type": "MultiLineString", "coordinates": [ [ [ 26.514026482889626, -19.269081389357098 ], [ 26.512452086918302, -19.267886637093611 ], [ 26.51254099542906, -19.265215395625923 ], [ 26.513372577374586, -19.264477144428312 ], [ 26.516181618925689, -19.264946120339097 ], [ 26.516470484152766, -19.268393065025052 ], [ 26.514026482889626, -19.269081389357098 ] ] ] } },
{ "type": "Feature", "properties": { "fid": 162, "RIV_BND_": 3552, "RIV_BND_ID": 1932, "NAME": null, "IMPORTANT": 0 }, "geometry": { "type": "MultiLineString", "coordinates": [ [ [ 26.695880592785382, -19.273476830526697 ], [ 26.693082949030877, -19.272628892387846 ], [ 26.692741116496318, -19.270708476293713 ], [ 26.69399984485791, -19.269218100730654 ], [ 26.696797439008904, -19.270066019592225 ], [ 26.697542395488306, -19.27199850458873 ], [ 26.695880592785382, -19.273476830526697 ] ] ] } },
{ "type": "Feature", "properties": { "fid": 163, "RIV_BND_": 3620, "RIV_BND_ID": 1525, "NAME": null, "IMPORTANT": 0 }, "geometry": { "type": "MultiLineString", "coordinates": [ [ [ 27.025199680307988, -19.220389527088983 ], [ 27.023045850382875, -19.224913908164897 ], [ 27.022135931633578, -19.228327040954376 ], [ 27.018749329319348, -19.233580774018272 ], [ 27.017804682898859, -19.238139143248763 ], [ 27.012413169715593, -19.242954117179504 ], [ 27.004198990325289, -19.247689109187071 ], [ 27.002815919603393, -19.25338120765991 ], [ 27.002654002286899, -19.258725749370999 ], [ 27.000960076757277, -19.261352386417791 ], [ 26.991810522362936, -19.270263133101292 ], [ 26.985839749231207, -19.280791921935521 ], [ 26.98646053195657, -19.286922776376706 ], [ 26.986286518979185, -19.292648988702606 ], [ 26.982908746775664, -19.297520046301305 ], [ 26.974334221880888, -19.300714905386297 ], [ 26.966624284814824, -19.302023643511788 ], [ 26.960089304162015, -19.30451178760288 ], [ 26.948953473526984, -19.312217152378015 ], [ 26.937577655042162, -19.314565903292106 ], [ 26.932193053505372, -19.318996298955575 ], [ 26.930426927131048, -19.323912493952999 ], [ 26.926169512235159, -19.331049487968546 ], [ 26.925150993519356, -19.337897403645723 ], [ 26.927002292846204, -19.343020629111187 ] ] ] } },
{ "type": "Feature", "properties": { "fid": 164, "RIV_BND_": 3630, "RIV_BND_ID": 147, "NAME": null, "IMPORTANT": 0 }, "geometry": { "type": "MultiLineString", "coordinates": [ [ [ 26.580095364364873, -19.345989559673828 ], [ 26.577738381846387, -19.344007306708715 ], [ 26.578620451806657, -19.341742277538735 ], [ 26.581821833137486, -19.342604367701963 ], [ 26.582578082093061, -19.34415558626635 ], [ 26.580095364364873, -19.345989559673828 ] ] ] } },
{ "type": "Feature", "properties": { "fid": 165, "RIV_BND_": 3657, "RIV_BND_ID": 4764, "NAME": null, "IMPORTANT": 0 }, "geometry": { "type": "MultiLineString", "coordinates": [ [ [ 26.333304889346294, -19.375194577048621 ], [ 26.333413756587461, -19.375193211692306 ], [ 26.333522391379773, -19.375188591951609 ], [ 26.333630697860301, -19.375180761572004 ], [ 26.333738771731962, -19.375169685835566 ], [ 26.333846707081129, -19.375155429333688 ], [ 26.333953742929019, -19.375137980908463 ], [ 26.334060164486996, -19.375117353772751 ], [ 26.334166161404127, -19.37509358682869 ], [ 26.334270877874335, -19.375066649469339 ], [ 26.334374883739219, -19.375036604231944 ], [ 26.334477987721446, -19.375003511525343 ], [ 26.334579714207884, -19.37496736437868 ], [ 26.334680252848514, -19.374928201694896 ], [ 26.334779317098523, -19.37488609151794 ], [ 26.334877002074503, -19.374841035243918 ], [ 26.334973211622088, -19.374793094677468 ], [ 26.335067659785121, -19.374742301750903 ], [ 26.335160725723195, -19.374688743296073 ], [ 26.335251457043853, -19.374632477600311 ], [ 26.33534071012982, -19.374573499155709 ], [ 26.335427626976728, -19.374511912785422 ], [ 26.335512492358628, -19.374447758786712 ], [ 26.335595400366451, -19.374381101753141 ], [ 26.335675874070432, -19.374312015972059 ], [ 26.335754006975186, -19.374240602150095 ], [ 26.335829894200753, -19.374166861683861 ], [ 26.335903058525588, -19.374090886918005 ], [ 26.335973878378297, -19.374012809824393 ], [ 26.336042067661609, -19.373932671366145 ], [ 26.33610734013223, -19.373850521534958 ], [ 26.336169979539175, -19.373766463824349 ], [ 26.336229984268673, -19.373680597547072 ], [ 26.336286972958021, -19.373592971301601 ], [ 26.336340753459503, -19.373503699670664 ], [ 26.336391895179244, -19.373412872270812 ], [ 26.336439730513252, -19.373320587689829 ], [ 26.336484734481168, -19.373226889009707 ], [ 26.336526334160791, -19.373131903296311 ], [ 26.336565098518228, -19.373035747249695 ], [ 26.336600265419094, -19.372938481952399 ], [ 26.336632499537263, -19.37284018938438 ], [ 26.336661132979525, -19.372740986190472 ], [ 26.336686924659155, -19.372641009912247 ], [ 26.336709018058052, -19.372540275098427 ], [ 26.336727885994733, -19.372438960251667 ], [ 26.336743242527206, -19.372337097307291 ], [ 26.336755370086532, -19.372234871009525 ], [ 26.336763793078401, -19.372132274394708 ], [ 26.336769364213623, -19.372029527649207 ], [ 26.336771037031813, -19.371926624479187 ], [ 26.336769474737405, -19.371823737143746 ], [ 26.336764580895903, -19.371720945504148 ], [ 26.336756163513002, -19.371618355113064 ], [ 26.336744411954218, -19.371516022925778 ], [ 26.336729132904665, -19.3714141357482 ], [ 26.336710516023089, -19.371312732478888 ], [ 26.336688749940333, -19.37121191521349 ], [ 26.336663262184619, -19.37111178393171 ], [ 26.336634907075908, -19.371012459507909 ], [ 26.336602826197428, -19.370914073855154 ], [ 26.33656787592253, -19.370816621452967 ], [ 26.336529577431396, -19.370720293955085 ], [ 26.336488025555266, -19.370625110809367 ], [ 26.336443503161643, -19.370531229672412 ], [ 26.336395628164595, -19.370438744280179 ], [ 26.336344781045057, -19.370347660202935 ], [ 26.33629124422848, -19.370258162181649 ], [ 26.336234350859048, -19.370170303659421 ], [ 26.336174860570477, -19.370084177032602 ], [ 26.336112296891315, -19.369999829501971 ], [ 26.336047323013631, -19.369917433324492 ], [ 26.335979368521286, -19.369836962081855 ], [ 26.335908716277345, -19.369758573429827 ], [ 26.335835556227259, -19.369682288208452 ], [ 26.335760076554234, -19.369608235595962 ], [ 26.335682181700292, -19.369536441280601 ], [ 26.335601870051274, -19.369467004569263 ], [ 26.335519045167995, -19.369400005318774 ], [ 26.335434182054858, -19.369335486605909 ], [ 26.335347470066782, -19.369273505383816 ], [ 26.335258717644717, -19.369214140115961 ], [ 26.335167733376423, -19.369157460237322 ], [ 26.335074992851219, -19.369103472712641 ], [ 26.334980684541065, -19.369052288664417 ], [ 26.334884522795424, -19.369003921964929 ], [ 26.33478717255678, -19.368958436536566 ], [ 26.334687966820727, -19.368915894845188 ], [ 26.334587476585611, -19.368876287194578 ], [ 26.334485796231078, -19.368839660116812 ], [ 26.334382923990503, -19.368806121947397 ], [ 26.334279050682557, -19.368775639359168 ], [ 26.334174270832772, -19.368748249856623 ], [ 26.334068488730694, -19.368723988156013 ], [ 26.333962084548588, -19.368702877888179 ], [ 26.333855057252567, -19.368684982248514 ], [ 26.333747407718228, -19.368670247066223 ], [ 26.333639325587658, -19.368658711240915 ], [ 26.333530905825629, -19.368650385193707 ], [ 26.333422243102937, -19.368645297402225 ], [ 26.333313432971757, -19.368643422175381 ], [ 26.333204854868082, -19.368644828287714 ], [ 26.333096034813078, -19.368649409455823 ], [ 26.332987637008003, -19.368657274751261 ], [ 26.332879568091929, -19.368668314441475 ], [ 26.332772017559101, -19.368682576456774 ], [ 26.332664700637789, -19.368700020499904 ], [ 26.332558188174858, -19.368720645912248 ], [ 26.332452575281806, -19.368744454089505 ], [ 26.332347482951352, -19.368771349170725 ], [ 26.332243481001996, -19.368801393695861 ], [ 26.332140666162523, -19.368834489751645 ], [ 26.332038753074112, -19.368870633153708 ], [ 26.331938217908075, -19.3689097947669 ], [ 26.331839061835378, -19.368951902367765 ], [ 26.331741379968911, -19.368996957353446 ], [ 26.33164517333314, -19.369044896528781 ], [ 26.331550727865309, -19.369095687969608 ], [ 26.331457949766826, -19.36914924902938 ], [ 26.331366934739968, -19.369205544993346 ], [ 26.331277969605512, -19.369264489769378 ], [ 26.331190768565545, -19.369326106257464 ], [ 26.331105904677866, -19.369390258384175 ], [ 26.331023093615816, -19.369456878768247 ], [ 26.330942525760555, -19.369525961175857 ], [ 26.330864392964422, -19.369597409092176 ], [ 26.330788506755049, -19.369671111390705 ], [ 26.330715342575289, -19.369747084082384 ], [ 26.33064452259973, -19.369825159079902 ], [ 26.330576617684816, -19.369905335734394 ], [ 26.330511059769286, -19.369987443166167 ], [ 26.330448419416545, -19.370071498782952 ], [ 26.330388793952945, -19.3701573685622 ], [ 26.330331708670961, -19.37024499135719 ], [ 26.33027764107694, -19.370334256786197 ], [ 26.33022678273452, -19.370425086391688 ], [ 26.330178659819406, -19.370517364857527 ], [ 26.330133748515927, -19.370611063055534 ], [ 26.330092051034615, -19.37070604556671 ], [ 26.33005356914498, -19.37080220405613 ], [ 26.330018113202279, -19.370899499621029 ], [ 26.329986161747414, -19.370997758683458 ], [ 26.329957239485488, -19.371096956207204 ], [ 26.3299318240757, -19.371196972783071 ], [ 26.329909632373745, -19.371297668801688 ], [ 26.32989076053401, -19.371398982464591 ], [ 26.329875114620148, -19.37150084015191 ], [ 26.329863077468762, -19.371603103001416 ], [ 26.329854555732812, -19.371705661280487 ], [ 26.329849265237975, -19.371808438575616 ], [ 26.329847303169633, -19.371911309890624 ], [ 26.32984886109713, -19.372014196766454 ], [ 26.329854035912369, -19.372116992262882 ], [ 26.329862544029371, -19.372219583853038 ], [ 26.329874196098178, -19.372321914575235 ], [ 26.329889185012728, -19.372423824716506 ], [ 26.329907797462816, -19.372525237213509 ], [ 26.329929940395559, -19.372626024275512 ], [ 26.329955043539965, -19.372726150437959 ], [ 26.32998377509508, -19.372825481026474 ], [ 26.330015470993551, -19.37292389792642 ], [ 26.330050703432146, -19.373021319235018 ], [ 26.33008899828808, -19.373117647686833 ], [ 26.330130261329224, -19.373212827715253 ], [ 26.330175065782903, -19.373306714219733 ], [ 26.330222651722785, -19.373399232829367 ], [ 26.330273496520103, -19.373490282187294 ], [ 26.330327315995611, -19.373579785876888 ], [ 26.330383921530942, -19.373667641793656 ], [ 26.33044340957418, -19.373753770078565 ], [ 26.330505971252531, -19.373838119353231 ], [ 26.330571228146887, -19.373920557635479 ], [ 26.330639181730991, -19.374000994641428 ], [ 26.330709546792164, -19.374079417151201 ], [ 26.330782706462994, -19.374155668240842 ], [ 26.330858184847198, -19.374229758982278 ], [ 26.330936365224016, -19.374301523422936 ], [ 26.331016771990161, -19.374370954578584 ], [ 26.331099216374927, -19.374437959372663 ], [ 26.331184079891436, -19.37450248018969 ], [ 26.331271077911939, -19.374564467697443 ], [ 26.331359926396214, -19.374623836451445 ], [ 26.331450530809988, -19.374680548940269 ], [ 26.331543273400776, -19.374734502407009 ], [ 26.331637583439832, -19.374785688472983 ], [ 26.331733747170489, -19.374834057153986 ], [ 26.331831480108796, -19.374879550090572 ], [ 26.331930307233474, -19.374922124188615 ], [ 26.332030800150694, -19.374961733651055 ], [ 26.33213248398545, -19.374998326355826 ], [ 26.332235359321601, -19.375031866187818 ], [ 26.332339235470787, -19.375062377437811 ], [ 26.33244411433963, -19.375089742737671 ], [ 26.332549804945039, -19.375114004434867 ], [ 26.33265621289539, -19.37513511599127 ], [ 26.332763528869069, -19.37515305311117 ], [ 26.332870992182688, -19.375167786573861 ], [ 26.332979268680575, -19.375179326144814 ], [ 26.333087693241243, -19.375187616915099 ], [ 26.333196074880401, -19.375192701234269 ], [ 26.333304889346294, -19.375194577048621 ] ] ] } },
{ "type": "Feature", "properties": { "fid": 166, "RIV_BND_": 3659, "RIV_BND_ID": 145, "NAME": null, "IMPORTANT": 0 }, "geometry": { "type": "MultiLineString", "coordinates": [ [ [ 26.751669698954156, -19.384403754656205 ], [ 26.749701245702841, -19.382817091752713 ], [ 26.751009039998333, -19.379799684728741 ], [ 26.75223167908927, -19.379453962325016 ], [ 26.755007131762135, -19.381064572175923 ], [ 26.754933958367207, -19.383354608858205 ], [ 26.751669698954156, -19.384403754656205 ] ] ] } },
{ "type": "Feature", "properties": { "fid": 167, "RIV_BND_": 3697, "RIV_BND_ID": 1667, "NAME": null, "IMPORTANT": 0 }, "geometry": { "type": "MultiLineString", "coordinates": [ [ [ 26.486496292659879, -19.429654172930782 ], [ 26.486573027555838, -19.429653149869424 ], [ 26.486650083104898, -19.429649846344848 ], [ 26.486726602959877, -19.429644241461801 ], [ 26.486803253270864, -19.429636344448845 ], [ 26.486879176579073, -19.429626206645253 ], [ 26.486954944147822, -19.429613817902691 ], [ 26.487030460948098, -19.429599167873629 ], [ 26.487105345900883, -19.429582278372919 ], [ 26.48717940839575, -19.42956316482319 ], [ 26.487252933090446, -19.429541885354567 ], [ 26.48732582523408, -19.42951841156173 ], [ 26.487397989103385, -19.429492778243901 ], [ 26.487468852734953, -19.429465040698336 ], [ 26.487538892366601, -19.429435178428275 ], [ 26.48760810688459, -19.429403263668032 ], [ 26.487676210514699, -19.429369310523128 ], [ 26.48774310725674, -19.429333371852035 ], [ 26.487808511614812, -19.429295443702475 ], [ 26.487872803412358, -19.429255585522128 ], [ 26.487935887344143, -19.429213805023451 ], [ 26.487997476248214, -19.429170206605036 ], [ 26.48805737979422, -19.429124787632922 ], [ 26.488115882363839, -19.429077624295189 ], [ 26.48817279376587, -19.42902870492874 ], [ 26.488228302662161, -19.428978140520524 ], [ 26.488281742206436, -19.428925966995283 ], [ 26.48833349263986, -19.428872216712371 ], [ 26.488383362661445, -19.428816950242783 ], [ 26.488431541766982, -19.428760224398172 ], [ 26.48847793395915, -19.428702092037739 ], [ 26.488521967002804, -19.428642626521704 ], [ 26.488564306632526, -19.428581864160808 ], [ 26.488604475916897, -19.428519870603495 ], [ 26.488642664074877, -19.428456720719531 ], [ 26.488678775388113, -19.428392449309918 ], [ 26.488712808192023, -19.428327164726589 ], [ 26.488744381415263, -19.428260888789666 ], [ 26.488773684138629, -19.428193705397931 ], [ 26.488800905720446, -19.428125680391574 ], [ 26.488826045746208, -19.428056840859362 ], [ 26.4888485307354, -19.427987341425364 ], [ 26.488869027115975, -19.427917173252315 ], [ 26.488887057266048, -19.42784644713538 ], [ 26.48890271593584, -19.427775191480293 ], [ 26.488915715415693, -19.4277035468041 ], [ 26.488926626830256, -19.427631511981051 ], [ 26.488935163302816, -19.427559173352662 ], [ 26.48894132289302, -19.427486657328593 ], [ 26.488944820113083, -19.427413959958294 ], [ 26.488946224143479, -19.427341206524321 ], [ 26.488944963172862, -19.427268443300029 ], [ 26.488941321446021, -19.427195755499813 ], [ 26.488935297855679, -19.427123215357561 ], [ 26.48892689198864, -19.42705084996107 ], [ 26.488916101627154, -19.426978803777654 ], [ 26.488902926774397, -19.426907076807385 ], [ 26.488887365212623, -19.426835813517336 ], [ 26.488869416528548, -19.426765040994947 ], [ 26.488849080031208, -19.426694804385882 ], [ 26.488826639130995, -19.426625243079037 ], [ 26.488801522851801, -19.42655634917147 ], [ 26.488774395672731, -19.426488240232569 ], [ 26.48874506671482, -19.426420949744323 ], [ 26.488713343572375, -19.426354610509854 ], [ 26.488679512153375, -19.426289199391963 ], [ 26.488643665679515, -19.426224844115772 ], [ 26.488605708712289, -19.426161561421583 ], [ 26.488565258520019, -19.426099481477745 ], [ 26.488523076546262, -19.426038605791074 ], [ 26.48847906638014, -19.425979014306218 ], [ 26.48843265663012, -19.425920726206225 ], [ 26.488384796703677, -19.425863899129322 ], [ 26.48833472585547, -19.425808486419346 ], [ 26.488282918650423, -19.425754575923943 ], [ 26.488229659188569, -19.425702261885775 ], [ 26.488174186030857, -19.425651542793979 ], [ 26.488117259506396, -19.425602492390013 ], [ 26.488058783897223, -19.425555145471932 ], [ 26.487998758509004, -19.425509547184223 ], [ 26.487937277393073, -19.425465771076425 ], [ 26.487874625758383, -19.425423839157851 ], [ 26.487810041610803, -19.425383786033048 ], [ 26.48774457062483, -19.425345698426593 ], [ 26.487677642519422, -19.425309523285804 ], [ 26.487609731299713, -19.425275384576697 ], [ 26.48754064663953, -19.425243279662695 ], [ 26.487470578445187, -19.425213238265144 ], [ 26.487399621182643, -19.425185306846529 ], [ 26.487327489502157, -19.425159472423069 ], [ 26.487254658657175, -19.425135777698873 ], [ 26.487181222557496, -19.425114305253484 ], [ 26.487107182033913, -19.42509500091067 ], [ 26.487032156157568, -19.425077877456175 ], [ 26.486956904694992, -19.425063044753209 ], [ 26.486881238569158, -19.425050418902455 ], [ 26.48680496661957, -19.425040051442149 ], [ 26.486728564236984, -19.425031976049191 ], [ 26.486651936950782, -19.425026146258869 ], [ 26.486574988762289, -19.425022614927634 ], [ 26.486497910131391, -19.42502137566192 ], [ 26.486421177559784, -19.425022389906264 ], [ 26.486344409701378, -19.425025697533734 ], [ 26.486267606413975, -19.425031307573082 ], [ 26.486191053458302, -19.425039205920577 ], [ 26.48611503728992, -19.425049333326918 ], [ 26.486039271307874, -19.425061758070722 ], [ 26.485963757037478, -19.425076380830859 ], [ 26.485889159776242, -19.425093265011956 ], [ 26.485814813664607, -19.425112383326649 ], [ 26.485741291061625, -19.425133653394461 ], [ 26.48566840080645, -19.425157126754009 ], [ 26.485596619401541, -19.425182764853108 ], [ 26.485525376844539, -19.425210496576256 ], [ 26.485455338850606, -19.425240358242533 ], [ 26.485386125741769, -19.425272281373687 ], [ 26.485318023697012, -19.42530622478089 ], [ 26.485251508941971, -19.425342167971841 ], [ 26.485185725015295, -19.425380099078176 ], [ 26.485121528930598, -19.425419993853996 ], [ 26.485058351520195, -19.425461727007661 ], [ 26.484997048964473, -19.425505328469399 ], [ 26.484936860659484, -19.425550742542853 ], [ 26.484878453712909, -19.425597915258187 ], [ 26.484821447613818, -19.425646832311404 ], [ 26.484766224678953, -19.425697390630123 ], [ 26.484712499698901, -19.42574956820004 ], [ 26.484660749319254, -19.425803317443371 ], [ 26.484610879350935, -19.425858573838312 ], [ 26.48456269988635, -19.425915307660379 ], [ 26.484516592965896, -19.425973433896228 ], [ 26.484472273797977, -19.42603290344378 ], [ 26.484429933542469, -19.42609366476794 ], [ 26.484389763498733, -19.426155657304651 ], [ 26.484351574594282, -19.426218797154149 ], [ 26.484315462271034, -19.426283067578886 ], [ 26.484281808988854, -19.426348356478606 ], [ 26.484249853865268, -19.426414626211816 ], [ 26.484220549641467, -19.426481817740779 ], [ 26.484193326038579, -19.426549878004312 ], [ 26.484168470633005, -19.426618675524399 ], [ 26.484145698494892, -19.426688170226971 ], [ 26.484125295532309, -19.426758338984193 ], [ 26.484107168253786, -19.426829072127418 ], [ 26.484091793172194, -19.426900331109632 ], [ 26.484078505679548, -19.426972007373852 ], [ 26.484067592380153, -19.427044032646222 ], [ 26.484059054389608, -19.427116334694041 ], [ 26.48405317817393, -19.427188854272561 ], [ 26.484049393313789, -19.42726154734811 ], [ 26.484048272460278, -19.427334313488622 ], [ 26.484049245889036, -19.427407063514252 ], [ 26.484052885417249, -19.427479751168011 ], [ 26.484058906114765, -19.427552336374479 ], [ 26.484067310349211, -19.427624665637786 ], [ 26.48407809854103, -19.42769671187045 ], [ 26.484091271249767, -19.427768438955681 ], [ 26.484106830703912, -19.427839702426468 ], [ 26.484124777462945, -19.427910466165812 ], [ 26.484145111947207, -19.427980703085833 ], [ 26.484167835828753, -19.428050304835935 ], [ 26.484192665288429, -19.42811915910664 ], [ 26.484219885820025, -19.428187269856092 ], [ 26.484249117744817, -19.428254568601002 ], [ 26.484280839387587, -19.428320899413222 ], [ 26.484314669122142, -19.428386320217811 ], [ 26.484350514290149, -19.428450667169116 ], [ 26.484388850574245, -19.428513955892871 ], [ 26.484428918751117, -19.428576040394084 ], [ 26.48447109961733, -19.428636916920517 ], [ 26.48451539428719, -19.42869651323743 ], [ 26.484561517687254, -19.428754798297604 ], [ 26.48460937646238, -19.428811653400999 ], [ 26.484659447268662, -19.428867030968181 ], [ 26.48471125386925, -19.428920951488152 ], [ 26.484764893653939, -19.428973271811977 ], [ 26.484819985966244, -19.429023986660749 ], [ 26.484876911880594, -19.42907307422276 ], [ 26.484935387711914, -19.429120413159165 ], [ 26.484995413877222, -19.429165976380879 ], [ 26.485056895211805, -19.429209762567091 ], [ 26.485119927991924, -19.429251700801963 ], [ 26.485184132115332, -19.429291749690492 ], [ 26.485249603857731, -19.429329838316917 ], [ 26.485316532990868, -19.429366005434666 ], [ 26.485384445220351, -19.429400145125669 ], [ 26.485453531012652, -19.429432250997479 ], [ 26.485523600454105, -19.429462293323084 ], [ 26.485594844567149, -19.429490229593053 ], [ 26.485666692223226, -19.4295160609215 ], [ 26.48573952463461, -19.429539756466177 ], [ 26.48581296225252, -19.429561238716857 ], [ 26.485887290151432, -19.429580538716408 ], [ 26.485962032366505, -19.429597658898885 ], [ 26.486037380753281, -19.429612502579776 ], [ 26.486112953816207, -19.429625118658446 ], [ 26.486189322957603, -19.429635487958564 ], [ 26.486265632108978, -19.429643571523787 ], [ 26.486342547142399, -19.429649396642198 ], [ 26.486419211989013, -19.429652924358322 ], [ 26.486496292659879, -19.429654172930782 ] ] ] } },
{ "type": "Feature", "properties": { "fid": 168, "RIV_BND_": 3717, "RIV_BND_ID": 134, "NAME": null, "IMPORTANT": 0 }, "geometry": { "type": "MultiLineString", "coordinates": [ [ [ 26.71987330749451, -19.456424041337232 ], [ 26.718686897732812, -19.455624466133685 ], [ 26.719188825979842, -19.452583258380454 ], [ 26.721256158137294, -19.4511169866778 ], [ 26.724032391215275, -19.452728150571264 ], [ 26.723126825033003, -19.455757318186929 ], [ 26.71987330749451, -19.456424041337232 ] ] ] } },
{ "type": "Feature", "properties": { "fid": 169, "RIV_BND_": 3546, "RIV_BND_ID": 158, "NAME": null, "IMPORTANT": 0 }, "geometry": { "type": "MultiLineString", "coordinates": [ [ [ 26.493493801672418, -19.267680353985451 ], [ 26.490269075498109, -19.26758010026192 ], [ 26.487914233404954, -19.265596877119009 ], [ 26.488003722653055, -19.262925703287184 ], [ 26.489251122291883, -19.261818525519885 ], [ 26.492060004751249, -19.262287841867959 ], [ 26.493608409223135, -19.264245963133455 ], [ 26.493493801672418, -19.267680353985451 ] ] ] } },
{ "type": "Feature", "properties": { "fid": 170, "RIV_BND_": 3738, "RIV_BND_ID": 129, "NAME": null, "IMPORTANT": 0 }, "geometry": { "type": "MultiLineString", "coordinates": [ [ [ 26.798492145312078, -19.474423242114803 ], [ 26.794491498227259, -19.473159076354552 ], [ 26.795407928582524, -19.469747743893915 ], [ 26.797046999855368, -19.469032011695607 ], [ 26.80065589059188, -19.46990253719996 ], [ 26.800571170705076, -19.472574332179043 ], [ 26.798492145312078, -19.474423242114803 ] ] ] } },
{ "type": "Feature", "properties": { "fid": 171, "RIV_BND_": 3739, "RIV_BND_ID": 3167, "NAME": null, "IMPORTANT": 0 }, "geometry": { "type": "MultiLineString", "coordinates": [ [ [ 26.549251410856655, -19.471904054695383 ], [ 26.549304074291364, -19.471903358484504 ], [ 26.549356952560977, -19.471901039510108 ], [ 26.549409568064551, -19.471897199685845 ], [ 26.549462016945125, -19.471891777092864 ], [ 26.549514298929576, -19.471884789790309 ], [ 26.549566222949487, -19.471876280349882 ], [ 26.549617980341839, -19.471866188140826 ], [ 26.54966937922352, -19.471854609912413 ], [ 26.549720229884208, -19.471841497940829 ], [ 26.54977062724484, -19.471826871573576 ], [ 26.549820666090607, -19.471810759187601 ], [ 26.549870060974204, -19.471793147889688 ], [ 26.549918811079682, -19.471774091857682 ], [ 26.549966916134299, -19.471753609151222 ], [ 26.55001437600114, -19.471731708800206 ], [ 26.550061000427096, -19.47170837919986 ], [ 26.550106883247359, -19.471683711934347 ], [ 26.550151739286708, -19.471657676052065 ], [ 26.550195948912435, -19.471630303793436 ], [ 26.550239225863354, -19.471601636443637 ], [ 26.550281474130401, -19.471571726893064 ], [ 26.550322503325415, -19.471540572567047 ], [ 26.55036278968841, -19.471508161845438 ], [ 26.550401760155641, -19.471474613417151 ], [ 26.550439700579666, -19.47143991308667 ], [ 26.550476514951988, -19.471404113744519 ], [ 26.550512012613527, -19.471367230875497 ], [ 26.550546192885569, -19.471329309628242 ], [ 26.550579245612631, -19.471290388696989 ], [ 26.550610884806567, -19.471250491308627 ], [ 26.550641299769094, -19.471209692275597 ], [ 26.550670299977508, -19.471167998053204 ], [ 26.550697884482162, -19.471125471849337 ], [ 26.550724148477109, -19.471082114952129 ], [ 26.550748709424326, -19.471038039597214 ], [ 26.550772043699421, -19.470993225133675 ], [ 26.55079367384258, -19.470947764450568 ], [ 26.550813885706674, -19.470901643351603 ], [ 26.550832582334731, -19.470854977934653 ], [ 26.550849668670057, -19.470807757883367 ], [ 26.550865238821444, -19.470760056722408 ], [ 26.550879196918022, -19.47071191831294 ], [ 26.550891542146747, -19.470663396833011 ], [ 26.550902273830314, -19.470614537431057 ], [ 26.550911296776768, -19.470565338820194 ], [ 26.550918704009398, -19.47051594676164 ], [ 26.550924591401351, -19.470466317395086 ], [ 26.550928766939052, -19.470416556501306 ], [ 26.550931134752339, -19.470366707941352 ], [ 26.550931980015086, -19.470316802666055 ], [ 26.55093111193537, -19.470266865189828 ], [ 26.550928623807899, -19.470217023214364 ], [ 26.550924611641474, -19.470167223849508 ], [ 26.550918787551428, -19.470117616736555 ], [ 26.550911342061102, -19.470068195420502 ], [ 26.550902274629152, -19.470018996019629 ], [ 26.550891584035682, -19.469970099800268 ], [ 26.550879174817851, -19.469921523534108 ], [ 26.550865331198708, -19.469873361378816 ], [ 26.55084967213671, -19.469825626244209 ], [ 26.550832672376103, -19.469778405832781 ], [ 26.550814047018175, -19.469731651134424 ], [ 26.550793793757204, -19.469685515651822 ], [ 26.550772103115602, -19.469639992929658 ], [ 26.55074887868032, -19.469595162946501 ], [ 26.550724120723931, -19.469551007642707 ], [ 26.550697923082971, -19.469507618601035 ], [ 26.55067028548693, -19.469465013880143 ], [ 26.550641397100414, -19.469423277320505 ], [ 26.550611067674659, -19.469382397317297 ], [ 26.550579296531847, -19.469342419017767 ], [ 26.550546272428985, -19.46930345335117 ], [ 26.550512091373399, -19.469265447426803 ], [ 26.550476656815707, -19.469228490252416 ], [ 26.550439778371373, -19.469192579252436 ], [ 26.550401930645616, -19.469157811159359 ], [ 26.550362923660835, -19.469124156308755 ], [ 26.550322755924032, -19.469091714025396 ], [ 26.550281618634305, -19.469060432706051 ], [ 26.550239319506503, -19.469030436189144 ], [ 26.550196145067563, -19.469001665129468 ], [ 26.550151998631662, -19.468974217564259 ], [ 26.550106975797878, -19.468948067691539 ], [ 26.550061075479753, -19.468923287747405 ], [ 26.550014392597419, -19.468899897077907 ], [ 26.549967022613878, -19.468877878910888 ], [ 26.549918964578055, -19.468857296452846 ], [ 26.54987012383992, -19.468838112296993 ], [ 26.549820689153865, -19.468820437373264 ], [ 26.549770851853481, -19.468804211049456 ], [ 26.549720326089673, -19.468789447520884 ], [ 26.549669491408022, -19.468776233204458 ], [ 26.549618253158208, -19.468764530693623 ], [ 26.54956642081893, -19.468754346441631 ], [ 26.549514470077952, -19.468745704946656 ], [ 26.549462210413878, -19.468738612662129 ], [ 26.549409641825321, -19.468733069587628 ], [ 26.54935704947977, -19.46872910667545 ], [ 26.549304243263119, -19.46872670329024 ], [ 26.549251509021712, -19.468725845236651 ], [ 26.54919884607509, -19.468726577662515 ], [ 26.5491460645807, -19.468728861873142 ], [ 26.549093354378019, -19.468732736562846 ], [ 26.549040906392829, -19.468738168189628 ], [ 26.548988625567326, -19.46874514643569 ], [ 26.548936702555785, -19.468753655818364 ], [ 26.548884946700941, -19.468763711820387 ], [ 26.548833548113841, -19.468775335077577 ], [ 26.54878269853533, -19.46878843787082 ], [ 26.548732302092862, -19.468803064060015 ], [ 26.548682264000441, -19.468819185268288 ], [ 26.548632870104655, -19.468836787301829 ], [ 26.548584121219189, -19.46885581598357 ], [ 26.548536016527915, -19.468876325491326 ], [ 26.548488652444263, -19.468898235847821 ], [ 26.54844193418252, -19.468921518676261 ], [ 26.548396146503073, -19.468946232020098 ], [ 26.548351195978775, -19.468972257206911 ], [ 26.54830698728076, -19.468999601978162 ], [ 26.548263710928396, -19.469028259881995 ], [ 26.548221652905145, -19.469058207696158 ], [ 26.548180433528419, -19.469089368030215 ], [ 26.548140148125729, -19.469121733143787 ], [ 26.548101177737276, -19.46915529013312 ], [ 26.548063237601209, -19.469189980955385 ], [ 26.548026422773631, -19.469225815929565 ], [ 26.547990925133455, -19.469262698308505 ], [ 26.547956744816602, -19.469300619063432 ], [ 26.547923691981918, -19.469339539499188 ], [ 26.547892052614156, -19.469379436394178 ], [ 26.547861637415842, -19.469420234934894 ], [ 26.547832636907902, -19.469461928670125 ], [ 26.54780505204193, -19.469504454393611 ], [ 26.547778787626005, -19.469547810817151 ], [ 26.547754226061102, -19.469591894742162 ], [ 26.547730891385605, -19.469636699724795 ], [ 26.54770926064981, -19.469682159973729 ], [ 26.54768904814118, -19.469728280652426 ], [ 26.547670350819651, -19.469774945665932 ], [ 26.547653263742955, -19.469822165333436 ], [ 26.547637692806674, -19.469869866129905 ], [ 26.547623734291697, -19.469917977108363 ], [ 26.54761138779158, -19.469966525357918 ], [ 26.547600655210072, -19.470015384465146 ], [ 26.547591631877111, -19.470064546689883 ], [ 26.547584223144963, -19.470113974625253 ], [ 26.547578335317027, -19.470163567657252 ], [ 26.547574348622383, -19.470213367060655 ], [ 26.547571789408664, -19.470263212887858 ], [ 26.547570942984024, -19.470313127065328 ], [ 26.547571810165405, -19.470363055415827 ], [ 26.54757429712042, -19.470412906354749 ], [ 26.547578308929371, -19.470462660534036 ], [ 26.547584131308586, -19.470512312791271 ], [ 26.547591575776238, -19.470561734134407 ], [ 26.547600642333808, -19.470610924563385 ], [ 26.54761133179818, -19.470659829900683 ], [ 26.547623740722898, -19.470708361139561 ], [ 26.547637583258243, -19.470756532471789 ], [ 26.547653241537169, -19.470804258757653 ], [ 26.547670239866978, -19.470851515492534 ], [ 26.54768886491566, -19.470898234306681 ], [ 26.547709117363976, -19.470944370051868 ], [ 26.547730902427652, -19.470989894349987 ], [ 26.547754030264759, -19.471034768504321 ], [ 26.547778787679306, -19.47107891511525 ], [ 26.547804984557477, -19.471122313545141 ], [ 26.547832621715532, -19.471164909616036 ], [ 26.547861509446932, -19.471206655601605 ], [ 26.547891838546892, -19.471247526990474 ], [ 26.547923609831489, -19.47128746960459 ], [ 26.547956632914403, -19.471326480865397 ], [ 26.547990813825507, -19.471364478217215 ], [ 26.548026248166359, -19.47140143585958 ], [ 26.548063126867955, -19.471437320251255 ], [ 26.548100973962701, -19.471472124947166 ], [ 26.548139981468374, -19.471505744169441 ], [ 26.548180148841514, -19.471538214035625 ], [ 26.548221286781782, -19.471569459730777 ], [ 26.548263585540457, -19.471599492861344 ], [ 26.548306760215628, -19.471628264412374 ], [ 26.548350906951686, -19.471655712464866 ], [ 26.548395930690322, -19.47168182669979 ], [ 26.54844183129515, -19.471706616146037 ], [ 26.548488514251112, -19.47173003436631 ], [ 26.548535884635413, -19.471752062012129 ], [ 26.548583943262344, -19.471772644905393 ], [ 26.548632785324866, -19.471791784334094 ], [ 26.548682220162707, -19.471809495779464 ], [ 26.548732058066395, -19.47182573151602 ], [ 26.54878258529558, -19.47184045026086 ], [ 26.548833420258621, -19.471853701036878 ], [ 26.548884849758483, -19.471865406442824 ], [ 26.548936492474983, -19.471875597442615 ], [ 26.548988444144037, -19.471884239206094 ], [ 26.549040799958163, -19.471891333021109 ], [ 26.549093274877524, -19.471896838903888 ], [ 26.549145867814062, -19.471900829090767 ], [ 26.549198674910997, -19.47190324166268 ], [ 26.549251410856655, -19.471904054695383 ] ] ] } },
{ "type": "Feature", "properties": { "fid": 172, "RIV_BND_": 3747, "RIV_BND_ID": 4772, "NAME": null, "IMPORTANT": 0 }, "geometry": { "type": "MultiLineString", "coordinates": [ [ [ 26.31649559523462, -19.48188182920881 ], [ 26.316562824315312, -19.481880983827068 ], [ 26.316630181461253, -19.481878144661547 ], [ 26.316697190609489, -19.481873313684108 ], [ 26.316764232784418, -19.481866478483337 ], [ 26.316830735848104, -19.481857693788061 ], [ 26.316896891352911, -19.481846890197218 ], [ 26.31696288832218, -19.481834151784213 ], [ 26.317028251139345, -19.481819453438316 ], [ 26.317093455416188, -19.481802820270357 ], [ 26.317157739245477, -19.481784268077007 ], [ 26.317221388172005, -19.481763801091546 ], [ 26.317284210639002, -19.481741488716121 ], [ 26.317346493530007, -19.481717253932405 ], [ 26.31740794921372, -19.48169121889941 ], [ 26.317468482208493, -19.481663400262924 ], [ 26.317527902594239, -19.48163376811862 ], [ 26.317586400138911, -19.481602361400309 ], [ 26.317643783286613, -19.481569249510951 ], [ 26.317700051738527, -19.481534450507326 ], [ 26.317755394965442, -19.481498021378954 ], [ 26.317809241872958, -19.48145995366345 ], [ 26.317861687344891, -19.481420266828493 ], [ 26.317912919662831, -19.481379090087014 ], [ 26.317962749353963, -19.481336366451611 ], [ 26.318011079302458, -19.48129221187607 ], [ 26.318057909507964, -19.481246626361571 ], [ 26.318103333962696, -19.481199683543007 ], [ 26.318147257038344, -19.481151409094942 ], [ 26.318189392594103, -19.481101834899345 ], [ 26.318229834474081, -19.481051043619157 ], [ 26.318268486604605, -19.480999088012915 ], [ 26.318305634234719, -19.480945990368372 ], [ 26.318340704786639, -19.480891832504685 ], [ 26.318374364385893, -19.480836633322316 ], [ 26.318405944976089, -19.480780491286296 ], [ 26.318435446112531, -19.4807234334817 ], [ 26.31846315274732, -19.480665500251764 ], [ 26.31848915887409, -19.480606765231027 ], [ 26.318512987396232, -19.480547293593531 ], [ 26.318534827489639, -19.480487160383895 ], [ 26.318554869073367, -19.480426395506985 ], [ 26.31857253972143, -19.480365071754772 ], [ 26.318588410079631, -19.480303224672245 ], [ 26.318602288002754, -19.480240959775163 ], [ 26.318613696990724, -19.480178306126106 ], [ 26.31862339745734, -19.480115338201248 ], [ 26.318631007786816, -19.480052104528774 ], [ 26.31863614591801, -19.479988680720801 ], [ 26.318639572412689, -19.479925132225151 ], [ 26.318640619814353, -19.479861521395954 ], [ 26.318639572777737, -19.479797906631088 ], [ 26.318636525891939, -19.479734325452419 ], [ 26.318631286715785, -19.479670901431422 ], [ 26.318624045316923, -19.479607655443864 ], [ 26.318614610740863, -19.479544620781706 ], [ 26.318603171568572, -19.47948190859999 ], [ 26.318589631432129, -19.479419589712183 ], [ 26.318573990333984, -19.479357664118027 ], [ 26.318556531441068, -19.479296280494168 ], [ 26.318536684413008, -19.479235385240791 ], [ 26.318515112545786, -19.479175168785972 ], [ 26.318491340531484, -19.479115587967588 ], [ 26.318465557396223, -19.479056726856456 ], [ 26.318437952017099, -19.478998678551338 ], [ 26.318408524247239, -19.478941452079493 ], [ 26.318377082091615, -19.47888514392746 ], [ 26.318343719989482, -19.478829800644053 ], [ 26.31830891280514, -19.478775492474277 ], [ 26.31827208945586, -19.478722210956921 ], [ 26.318233343339841, -19.478670065836241 ], [ 26.318193149766575, -19.478619100273377 ], [ 26.318151127420006, -19.478569344738709 ], [ 26.318107275855212, -19.478520826314842 ], [ 26.318062259552335, -19.478473663206852 ], [ 26.318015412099804, -19.47842785457058 ], [ 26.317967017998797, -19.478383467830717 ], [ 26.317917457376456, -19.478340544738767 ], [ 26.317866349362536, -19.47829908868065 ], [ 26.317813787650675, -19.478259191344556 ], [ 26.317760248142179, -19.478220859780802 ], [ 26.317705254042998, -19.478184141104329 ], [ 26.317648994821131, -19.478149092301997 ], [ 26.317591471070742, -19.478115677260881 ], [ 26.317533156759062, -19.4780840203948 ], [ 26.317473861673268, -19.478054109854025 ], [ 26.317413299528248, -19.47802598654566 ], [ 26.317352136881297, -19.477999642285983 ], [ 26.317290086703466, -19.477975163121823 ], [ 26.317227054556703, -19.477952502501893 ], [ 26.317163419523975, -19.477931765374588 ], [ 26.317099182495763, -19.477912897571432 ], [ 26.317034342577884, -19.477895953259161 ], [ 26.316968804290887, -19.477880949082014 ], [ 26.316902948650366, -19.477867872626057 ], [ 26.316836870090462, -19.477856770441075 ], [ 26.316769997082716, -19.477847661145539 ], [ 26.316703187137318, -19.477840503268236 ], [ 26.316636058044498, -19.477835381444741 ], [ 26.316568897126739, -19.477832191572048 ], [ 26.316501702299128, -19.477831060040693 ], [ 26.316434379866749, -19.477831895160222 ], [ 26.316367120038322, -19.477834708780087 ], [ 26.31630011212992, -19.477839566917645 ], [ 26.316233072086806, -19.477846375060405 ], [ 26.316166570242416, -19.477855186814359 ], [ 26.316100321798263, -19.477865952806784 ], [ 26.316034421485512, -19.477878701532539 ], [ 26.315968964630514, -19.477893425375122 ], [ 26.315903857687548, -19.477910023616346 ], [ 26.315839574768699, -19.477928611647798 ], [ 26.315775832563681, -19.477949049817376 ], [ 26.315713010897511, -19.477971397938379 ], [ 26.315650730089732, -19.477995587170518 ], [ 26.315589370858362, -19.478021623159833 ], [ 26.31552874328786, -19.4780494760004 ], [ 26.315469419200614, -19.478079109022193 ], [ 26.315410827514821, -19.478110513757095 ], [ 26.315353445766068, -19.478143597956489 ], [ 26.315297273506577, -19.478178388705039 ], [ 26.315242216001423, -19.478214857508423 ], [ 26.315188369620127, -19.47825293355589 ], [ 26.3151356399257, -19.478292570297153 ], [ 26.315084407340063, -19.478333791435826 ], [ 26.315034578170767, -19.478376505282281 ], [ 26.314986248490481, -19.478420659081877 ], [ 26.314939418447665, -19.478466243807954 ], [ 26.314893994052582, -19.478513185826532 ], [ 26.314850070931826, -19.478561459466814 ], [ 26.314807840041361, -19.478611031442021 ], [ 26.314767493528304, -19.478661796242331 ], [ 26.314728840585961, -19.478713778128938 ], [ 26.314691693086964, -19.478766838860494 ], [ 26.314656526189474, -19.478821030637409 ], [ 26.314623246649258, -19.478876234686226 ], [ 26.314591665297367, -19.478932375960802 ], [ 26.314561877612995, -19.478989437818377 ], [ 26.314534074851576, -19.479047368916707 ], [ 26.314508163024968, -19.479106095621589 ], [ 26.314484238655083, -19.479165538094897 ], [ 26.314462396775344, -19.479225706777701 ], [ 26.314442734801386, -19.479286467664544 ], [ 26.314424681948889, -19.47934779422776 ], [ 26.314408810792504, -19.479409604661832 ], [ 26.314395311547081, -19.479471910819875 ], [ 26.314383520331646, -19.479534558371032 ], [ 26.314373913647692, -19.479597518265194 ], [ 26.314366302178119, -19.479660724483246 ], [ 26.314361067393158, -19.47972413753504 ], [ 26.314357639252105, -19.479787685752502 ], [ 26.314356590034027, -19.479851305386013 ], [ 26.314357634794181, -19.479914956087757 ], [ 26.314360775917265, -19.479978493411505 ], [ 26.314366012661321, -19.480041962496934 ], [ 26.314373252378843, -19.480105208457609 ], [ 26.314382590104465, -19.480168241733701 ], [ 26.314394123553001, -19.480230910262993 ], [ 26.314407661471201, -19.480293265388426 ], [ 26.314423301573807, -19.480355155047629 ], [ 26.314440758170381, -19.480416584031634 ], [ 26.314460509105285, -19.480477442038421 ], [ 26.314482174102181, -19.480537696334988 ], [ 26.31450584968454, -19.480597267082025 ], [ 26.31453163192926, -19.480656101523692 ], [ 26.314559235442875, -19.480714186394906 ], [ 26.314588662609324, -19.480771377248608 ], [ 26.314620198974989, -19.480827678320541 ], [ 26.314653464708684, -19.480883029793837 ], [ 26.314688556035644, -19.480937369884472 ], [ 26.314725188156679, -19.480990649215766 ], [ 26.314763933502984, -19.481042795008218 ], [ 26.31480441194465, -19.481093765500759 ], [ 26.314846148020454, -19.481143526548401 ], [ 26.314889999706995, -19.48119200960733 ], [ 26.314935015782577, -19.481239164444599 ], [ 26.314981862967041, -19.481284973859367 ], [ 26.315030256906351, -19.481329361391229 ], [ 26.315079816873101, -19.481372321391188 ], [ 26.315130830199372, -19.481413749759106 ], [ 26.315183486653673, -19.481453685429155 ], [ 26.315237312112316, -19.481492013005681 ], [ 26.31529202087987, -19.481528737279969 ], [ 26.315348280569594, -19.481563786882536 ], [ 26.315405710452776, -19.481597156164845 ], [ 26.315464120610944, -19.481628815218379 ], [ 26.315523415860966, -19.481658762630321 ], [ 26.315583978716333, -19.481686895711526 ], [ 26.315645143049608, -19.481713195551034 ], [ 26.315707193661627, -19.481737711522456 ], [ 26.315770132188089, -19.481760344317717 ], [ 26.315833767965284, -19.481781109168317 ], [ 26.315898006106909, -19.481799986605971 ], [ 26.315962942686223, -19.481816923873833 ], [ 26.316028387039182, -19.481831936203793 ], [ 26.316094244725484, -19.481844977044062 ], [ 26.316160705512321, -19.481856085328346 ], [ 26.316227198898989, -19.481865216475903 ], [ 26.316294010876444, -19.481872347636639 ], [ 26.316361236178281, -19.481877507304961 ], [ 26.316428399485705, -19.481880652312125 ], [ 26.31649559523462, -19.48188182920881 ] ] ] } },
{ "type": "Feature", "properties": { "fid": 173, "RIV_BND_": 3392, "RIV_BND_ID": 2217, "NAME": null, "IMPORTANT": 0 }, "geometry": { "type": "MultiLineString", "coordinates": [ [ [ 27.42733951067612, -19.08770636745626 ], [ 27.42747213004812, -19.087701002929172 ], [ 27.42760426193264, -19.087686878664673 ], [ 27.427735050498647, -19.087664050607636 ], [ 27.427863639233394, -19.087632646984222 ], [ 27.427989741852684, -19.08759279185314 ], [ 27.428112596017474, -19.087544704603456 ], [ 27.428231439305584, -19.087488613661176 ], [ 27.428346079097825, -19.087424788457479 ], [ 27.428455562247855, -19.087353528078676 ], [ 27.428559505071846, -19.087275208755305 ], [ 27.428657618997697, -19.08719019849401 ], [ 27.428749044974793, -19.087098896578755 ], [ 27.428833683632114, -19.08700176298693 ], [ 27.428910865291105, -19.086899270903313 ], [ 27.42898030011451, -19.08679192385901 ], [ 27.429041603159725, -19.086680233609467 ], [ 27.42909467421585, -19.086564750479873 ], [ 27.429139032896938, -19.086446030588771 ], [ 27.429174578571264, -19.086324669434376 ], [ 27.42920102090406, -19.086201224754003 ], [ 27.429218353949569, -19.086076328993421 ], [ 27.429226572018738, -19.085950587492441 ], [ 27.429225384355188, -19.085824603159327 ], [ 27.429214975231663, -19.085698991986433 ], [ 27.429195338875317, -19.085574368344499 ], [ 27.429166564620719, -19.085451338378114 ], [ 27.429128741971933, -19.085330490160796 ], [ 27.42908224524319, -19.085212441299863 ], [ 27.429027164361251, -19.085097734692024 ], [ 27.42896377895466, -19.084986950992697 ], [ 27.4288922740533, -19.084880624871825 ], [ 27.428813215113735, -19.084779258100021 ], [ 27.428726787330433, -19.084683367276114 ], [ 27.428633651516204, -19.084593418840779 ], [ 27.428534278862305, -19.084509832439956 ], [ 27.428428665447271, -19.084433023667216 ], [ 27.428317947949914, -19.084363381702239 ], [ 27.428202123465258, -19.084301213720671 ], [ 27.428082234154726, -19.084246853884473 ], [ 27.427958562769646, -19.08420054855825 ], [ 27.427831772231102, -19.084162538315205 ], [ 27.427702621161465, -19.08413299226196 ], [ 27.427571488265102, -19.084112058193629 ], [ 27.427439227694094, -19.084099851821733 ], [ 27.427306314109874, -19.084096422371864 ], [ 27.427173507579202, -19.084101785364808 ], [ 27.427041378637252, -19.084115900492094 ], [ 27.426910687862659, -19.084138729069284 ], [ 27.42678210166633, -19.084170141254361 ], [ 27.426655906544489, -19.084209985891892 ], [ 27.426533149594739, -19.084258073144532 ], [ 27.42641430812829, -19.08431417216924 ], [ 27.426299669927243, -19.084377996291938 ], [ 27.426190093162706, -19.084449236604328 ], [ 27.426086151114465, -19.08452756369531 ], [ 27.425988132597642, -19.084612582475604 ], [ 27.425896706773973, -19.08470387399878 ], [ 27.42581206787008, -19.084800997190563 ], [ 27.425734885481578, -19.084903487931275 ], [ 27.425665449461416, -19.085010842714748 ], [ 27.425604049836387, -19.08512253996485 ], [ 27.425550976977888, -19.085238021965576 ], [ 27.425506711304614, -19.085356732624479 ], [ 27.425471068167674, -19.085478101129347 ], [ 27.425444718376955, -19.085601536870797 ], [ 27.425427287583982, -19.085726431271063 ], [ 27.425419161705889, -19.085852173212647 ], [ 27.425420346400454, -19.085978166398299 ], [ 27.425430752730232, -19.086103768543119 ], [ 27.425450291159709, -19.086228400604682 ], [ 27.425479157733676, -19.086351431766396 ], [ 27.425516882909648, -19.086472270699961 ], [ 27.425563472257586, -19.086590330136172 ], [ 27.425618551083264, -19.086705037626107 ], [ 27.42568202975918, -19.086815823155913 ], [ 27.425753343198366, -19.086922148790087 ], [ 27.425832401170286, -19.087023507756975 ], [ 27.425918828286772, -19.087119399883008 ], [ 27.42601196374488, -19.087209358698175 ], [ 27.426111621683869, -19.087292939861328 ], [ 27.426217045501925, -19.087369757404339 ], [ 27.426327858943363, -19.087439401502188 ], [ 27.426443589701442, -19.087501569936492 ], [ 27.42656348073719, -19.087555921915509 ], [ 27.426687154078394, -19.087602228312949 ], [ 27.426813946765051, -19.08764024853404 ], [ 27.426943100384211, -19.087669786348375 ], [ 27.427074330956465, -19.087690721862739 ], [ 27.427206499288019, -19.087702927883392 ], [ 27.42733951067612, -19.08770636745626 ] ] ] } },
{ "type": "Feature", "properties": { "fid": 174, "RIV_BND_": 2036, "RIV_BND_ID": 4466, "NAME": null, "IMPORTANT": 0 }, "geometry": { "type": "MultiLineString", "coordinates": [ [ [ 25.738071693818465, -17.844036592316382 ], [ 25.738472858973466, -17.845495329516535 ], [ 25.740029466448462, -17.846694215438394 ], [ 25.747164989260678, -17.84846579465545 ], [ 25.755198599474703, -17.848740315412392 ], [ 25.759409938409906, -17.848924018749006 ], [ 25.760871054343248, -17.84854855436225 ] ], [ [ 25.763140366907944, -17.848272338280623 ], [ 25.765156045119589, -17.848698329406389 ], [ 25.766740258086983, -17.849134195683511 ], [ 25.767883657939024, -17.850700686620037 ], [ 25.769867309047733, -17.851150104462569 ], [ 25.774086075818108, -17.855273929716404 ] ], [ [ 25.774506993076148, -17.855685359548879 ], [ 25.778367621649167, -17.859458844162628 ], [ 25.783892288420091, -17.861556178064216 ], [ 25.785834992288144, -17.863149780673655 ], [ 25.789016530353578, -17.863257865835713 ] ], [ [ 25.789041425813039, -17.86326872930556 ], [ 25.790574817491986, -17.864838310007251 ], [ 25.791498612104512, -17.864869705629125 ] ], [ [ 25.795376356076446, -17.878459401495768 ], [ 25.795178697993542, -17.881415211933859 ], [ 25.799051032379101, -17.884983567091208 ], [ 25.805375888147445, -17.887107585711838 ], [ 25.809707635108239, -17.887774175087252 ] ] ] } },
{ "type": "Feature", "properties": { "fid": 175, "RIV_BND_": 2038, "RIV_BND_ID": 4994, "NAME": null, "IMPORTANT": 0 }, "geometry": { "type": "MultiLineString", "coordinates": [ [ [ 25.694187509386051, -17.8424466331149 ], [ 25.690095639226037, -17.844978489882273 ], [ 25.687104238314525, -17.850221105360571 ], [ 25.678022468681814, -17.857926139349548 ], [ 25.666199667540678, -17.864008440265437 ], [ 25.664118415908252, -17.866227381269002 ], [ 25.661868632066405, -17.873022491099473 ], [ 25.654782617267021, -17.880795240934656 ], [ 25.649398502856474, -17.896645260017266 ], [ 25.640431205434997, -17.911988495066765 ] ] ] } },
{ "type": "Feature", "properties": { "fid": 176, "RIV_BND_": 2047, "RIV_BND_ID": 4019, "NAME": null, "IMPORTANT": 0 }, "geometry": { "type": "MultiLineString", "coordinates": [ [ [ 26.248908274351233, -17.929915744594325 ], [ 26.245075716193529, -17.924828611621091 ], [ 26.245539515072515, -17.922933463578158 ], [ 26.245761930667076, -17.922940499411332 ], [ 26.24578756949651, -17.922179197889349 ], [ 26.24593204402268, -17.917872081086482 ] ] ] } },
{ "type": "Feature", "properties": { "fid": 177, "RIV_BND_": 2050, "RIV_BND_ID": 5109, "NAME": null, "IMPORTANT": 0 }, "geometry": { "type": "MultiLineString", "coordinates": [ [ [ 25.357510067249052, -17.872545073164904 ], [ 25.354882637348243, -17.888864910903337 ], [ 25.347831404126072, -17.90578758576644 ], [ 25.33956299318239, -17.912740269248005 ], [ 25.333039462048554, -17.915938750498988 ] ] ] } },
{ "type": "Feature", "properties": { "fid": 178, "RIV_BND_": 2059, "RIV_BND_ID": 5036, "NAME": null, "IMPORTANT": 0 }, "geometry": { "type": "MultiLineString", "coordinates": [ [ [ 25.591739670915729, -17.854925198955929 ], [ 25.590728405995979, -17.860617064521957 ], [ 25.585510117755859, -17.871888677540209 ], [ 25.579163354666424, -17.881211381111502 ], [ 25.576668733835149, -17.894487219240347 ], [ 25.569164791384758, -17.902623456190952 ], [ 25.5669110614724, -17.909416672939937 ], [ 25.56485734346845, -17.921562270424875 ], [ 25.563958418710932, -17.924203308185838 ] ] ] } },
{ "type": "Feature", "properties": { "fid": 179, "RIV_BND_": 2062, "RIV_BND_ID": 213, "NAME": null, "IMPORTANT": 0 }, "geometry": { "type": "MultiLineString", "coordinates": [ [ [ 25.291674982057838, -17.920155193059262 ], [ 25.288509249941324, -17.919275891727093 ], [ 25.289042299567033, -17.915859865718989 ], [ 25.289870794055687, -17.91512679260633 ], [ 25.291468302817641, -17.915185269070662 ], [ 25.292962289559025, -17.917912042235248 ], [ 25.291674982057838, -17.920155193059262 ] ] ] } },
{ "type": "Feature", "properties": { "fid": 180, "RIV_BND_": 2063, "RIV_BND_ID": 4075, "NAME": null, "IMPORTANT": 0 }, "geometry": { "type": "MultiLineString", "coordinates": [ [ [ 25.818665561297212, -17.904314336917242 ], [ 25.818456485853957, -17.90425372221231 ], [ 25.816478930786506, -17.903778891250663 ], [ 25.813937009378346, -17.90314899296957 ], [ 25.811002502842445, -17.901553852811698 ], [ 25.807802986158851, -17.897500521698312 ], [ 25.802386641639174, -17.89235238775505 ], [ 25.794504177061231, -17.889029693539879 ], [ 25.789061289831988, -17.884644142615841 ], [ 25.786057003095856, -17.879195731271569 ], [ 25.776411615545673, -17.869320754656101 ], [ 25.765458826528434, -17.862455788552158 ], [ 25.759149105588591, -17.859949219123841 ], [ 25.739572914328956, -17.859279869957593 ], [ 25.728966325471184, -17.853952321614585 ], [ 25.727395986649594, -17.853134707735592 ], [ 25.718401984797943, -17.847480144850188 ], [ 25.711169910954272, -17.848377106384206 ], [ 25.707616371052637, -17.847109368439931 ], [ 25.706803345245127, -17.847463228116968 ], [ 25.702808766571138, -17.847325753507221 ], [ 25.694187509386051, -17.8424466331149 ] ] ] } },
{ "type": "Feature", "properties": { "fid": 181, "RIV_BND_": 2064, "RIV_BND_ID": 5028, "NAME": null, "IMPORTANT": 0 }, "geometry": { "type": "MultiLineString", "coordinates": [ [ [ 25.606589344298698, -17.853535284181465 ], [ 25.607533634656729, -17.860441035069236 ], [ 25.616485978693021, -17.877935510833307 ], [ 25.617200231799742, -17.880251326963137 ], [ 25.616095113959645, -17.899303807914507 ], [ 25.614674493460829, -17.916054373702515 ], [ 25.611453163018801, -17.927396360485488 ] ] ] } },
{ "type": "Feature", "properties": { "fid": 182, "RIV_BND_": 2087, "RIV_BND_ID": 5062, "NAME": null, "IMPORTANT": 0 }, "geometry": { "type": "MultiLineString", "coordinates": [ [ [ 25.404230598259474, -17.853082812706077 ], [ 25.402298559718975, -17.872635257705486 ], [ 25.400954757899498, -17.876404482983183 ], [ 25.400605012533166, -17.885554028124211 ], [ 25.405701831237483, -17.898717321163328 ], [ 25.405911798710395, -17.903687791846817 ], [ 25.40397894060991, -17.912398701441006 ], [ 25.398260285397203, -17.92593581698863 ], [ 25.398280315503101, -17.935862241504001 ], [ 25.401228458348221, -17.942458410542788 ], [ 25.403523443082186, -17.945213477225661 ] ] ] } },
{ "type": "Feature", "properties": { "fid": 183, "RIV_BND_": 2102, "RIV_BND_ID": 2166, "NAME": "Zambezi", "IMPORTANT": 1 }, "geometry": { "type": "MultiLineString", "coordinates": [ [ [ 25.845891778610607, -17.941897045056521 ], [ 25.845905492989111, -17.942007098913724 ], [ 25.846264537011368, -17.942184349204471 ] ], [ [ 25.860670280444289, -17.950398878322417 ], [ 25.860259265336964, -17.951690934032385 ], [ 25.858909881620519, -17.954058883677487 ], [ 25.857881645154837, -17.956286755947094 ], [ 25.857501158516857, -17.958083993192986 ], [ 25.857529707253924, -17.960282632776611 ] ] ] } },
{ "type": "Feature", "properties": { "fid": 184, "RIV_BND_": 2117, "RIV_BND_ID": 5396, "NAME": null, "IMPORTANT": 0 }, "geometry": { "type": "MultiLineString", "coordinates": [ [ [ 25.809068722974018, -17.973536369005522 ], [ 25.810055972875801, -17.972900798469311 ] ], [ [ 25.811192417753102, -17.972169165083297 ], [ 25.813576327182023, -17.970634375115367 ], [ 25.827237811252047, -17.969188111579278 ], [ 25.835124416762802, -17.972510105904476 ], [ 25.841562312275389, -17.971582125391755 ], [ 25.84922680352636, -17.969931653007112 ], [ 25.849659789771479, -17.969584784110889 ], [ 25.849817694599857, -17.969590058840918 ], [ 25.855909447407317, -17.967231016168601 ], [ 25.857570997928089, -17.965875996936191 ] ] ] } },
{ "type": "Feature", "properties": { "fid": 185, "RIV_BND_": 2148, "RIV_BND_ID": 2227, "NAME": "Zambezi", "IMPORTANT": 1 }, "geometry": { "type": "MultiLineString", "coordinates": [ [ [ 25.861848169222551, -17.969143610834166 ], [ 25.86181764014697, -17.969994162075682 ], [ 25.859558824177814, -17.971275710516093 ], [ 25.857963454949058, -17.971674545540626 ], [ 25.857593903913511, -17.973170409158396 ], [ 25.858001726495843, -17.973657482341579 ] ] ] } },
{ "type": "Feature", "properties": { "fid": 186, "RIV_BND_": 2155, "RIV_BND_ID": 77, "NAME": "Zambezi", "IMPORTANT": 1 }, "geometry": { "type": "MultiLineString", "coordinates": [ [ [ 25.98963867604018, -17.99244386385595 ], [ 25.989608316164411, -17.991445091568647 ], [ 25.988787506060898, -17.987797725600156 ], [ 25.988739754762197, -17.987570531454981 ], [ 25.988558382634288, -17.986706237281716 ] ], [ [ 26.091892140510538, -17.944172838392625 ], [ 26.091843413988357, -17.944101499437412 ], [ 26.09093789387563, -17.942546438642239 ], [ 26.09050013236234, -17.9417951833567 ], [ 26.090080479285398, -17.940923198517613 ], [ 26.089852274710299, -17.940449021198159 ] ] ] } },
{ "type": "Feature", "properties": { "fid": 187, "RIV_BND_": 2158, "RIV_BND_ID": 5221, "NAME": null, "IMPORTANT": 0 }, "geometry": { "type": "MultiLineString", "coordinates": [ [ [ 26.248908274351233, -17.929915744594325 ], [ 26.252443178533618, -17.93193758547806 ], [ 26.253902380081243, -17.936185598027919 ], [ 26.252642260456039, -17.949897020957959 ], [ 26.252837840683419, -17.956014887821986 ], [ 26.2517820241602, -17.963621107862753 ], [ 26.251551968283515, -17.970489541542985 ], [ 26.249670354893048, -17.978833483190446 ], [ 26.248371073838047, -17.99368949098319 ], [ 26.244991506796662, -17.998929985894357 ], [ 26.237739607272836, -18.000227694554773 ], [ 26.229094934544815, -18.007210436636676 ], [ 26.223855729600352, -18.008189686747645 ], [ 26.215854765989512, -18.007934771172849 ] ] ] } },
{ "type": "Feature", "properties": { "fid": 188, "RIV_BND_": 2166, "RIV_BND_ID": 5222, "NAME": null, "IMPORTANT": 0 }, "geometry": { "type": "MultiLineString", "coordinates": [ [ [ 26.248908274351233, -17.929915744594325 ], [ 26.243879494046258, -17.936632060390593 ], [ 26.22812977024449, -17.940716017850342 ], [ 26.214069398011006, -17.942178584817825 ], [ 26.193945949581931, -17.945356315330574 ], [ 26.190256468455807, -17.947912132725069 ], [ 26.188579573535829, -17.950150352708864 ], [ 26.187637729842606, -17.95432180103672 ], [ 26.184257167850173, -17.959561107294746 ], [ 26.18366332348711, -17.965271572095158 ], [ 26.176231383625783, -17.971908854208792 ], [ 26.175366718143191, -17.9737909273444 ], [ 26.175159377075229, -17.979895710178869 ], [ 26.168926480614005, -17.986570928501081 ], [ 26.168422686211088, -17.989610496846371 ], [ 26.165944919635393, -17.991822631437135 ], [ 26.159893319104885, -17.993155981997528 ], [ 26.15737639163401, -17.996512631896273 ], [ 26.155542257357247, -18.003328829641795 ], [ 26.147655285291322, -18.011477845276794 ] ] ] } },
{ "type": "Feature", "properties": { "fid": 189, "RIV_BND_": 2193, "RIV_BND_ID": 3081, "NAME": null, "IMPORTANT": 0 }, "geometry": { "type": "MultiLineString", "coordinates": [ [ [ 25.485792796971563, -17.86455067377554 ], [ 25.482838705486998, -17.868645223117614 ], [ 25.482777703265164, -17.88086010140707 ], [ 25.478937978560658, -17.887213672539787 ], [ 25.478505615385849, -17.898651802051326 ], [ 25.477976222481146, -17.902069011583457 ], [ 25.476748931674194, -17.902788849536961 ], [ 25.473134830185032, -17.913731565202941 ], [ 25.472513908006739, -17.930126003041995 ], [ 25.470713683856793, -17.935406638002082 ], [ 25.471579986139364, -17.944218465955903 ], [ 25.472003526017627, -17.9541598072299 ], [ 25.469730615604483, -17.961332438980065 ], [ 25.465146734684158, -17.966131807184762 ], [ 25.462059746816536, -17.973656932980408 ], [ 25.461471693101032, -17.978599014957901 ], [ 25.456800182103564, -17.985685553069075 ], [ 25.456298906690265, -17.988340006574251 ], [ 25.447586495135837, -17.996426845578572 ], [ 25.447724500032248, -18.003303594929939 ], [ 25.448705669818672, -18.009065331036357 ], [ 25.448015392046159, -18.016676048595716 ], [ 25.445442531016297, -18.021164901360674 ], [ 25.440100515104799, -18.024790810989376 ], [ 25.433660671574817, -18.025704734743361 ], [ 25.430375279300954, -18.027877234973133 ], [ 25.420337931460704, -18.028661201926965 ], [ 25.411558098919034, -18.027962998776772 ], [ 25.408360218938455, -18.027847633313296 ], [ 25.402067065241027, -18.024948214209637 ], [ 25.393643400554993, -18.025407239234287 ], [ 25.388890849256448, -18.024090142263862 ] ] ] } },
{ "type": "Feature", "properties": { "fid": 190, "RIV_BND_": 2205, "RIV_BND_ID": 5413, "NAME": null, "IMPORTANT": 0 }, "geometry": { "type": "MultiLineString", "coordinates": [ [ [ 25.809068722974018, -17.973536369005522 ], [ 25.804230868022536, -17.985591772407982 ], [ 25.800467117850356, -17.990046275781065 ], [ 25.799171241597612, -17.992675257329388 ], [ 25.790554135761795, -17.998491764077212 ], [ 25.784997244980531, -18.008230760011294 ], [ 25.782032519640484, -18.01271203177124 ], [ 25.773330672063878, -18.020815814891236 ], [ 25.76883490647867, -18.023335093792223 ], [ 25.766669197990364, -18.027843288115896 ], [ 25.761620794402699, -18.034543974642052 ], [ 25.75207548041373, -18.04376313737265 ], [ 25.751275719775936, -18.043735693895933 ] ] ] } },
{ "type": "Feature", "properties": { "fid": 191, "RIV_BND_": 2213, "RIV_BND_ID": 5458, "NAME": null, "IMPORTANT": 0 }, "geometry": { "type": "MultiLineString", "coordinates": [ [ [ 25.947953721130713, -17.998032013704563 ], [ 25.944543179224969, -18.000512509734815 ], [ 25.944217180207573, -18.00061200800813 ], [ 25.941763830084824, -18.002058055264158 ], [ 25.931271571761027, -18.004381758916391 ], [ 25.927577734796536, -18.006931826681569 ], [ 25.926108031225564, -18.014520791404468 ], [ 25.921573554651921, -18.018188366127237 ], [ 25.911425708901223, -18.022049906025178 ], [ 25.889679550106429, -18.025521725389158 ], [ 25.885089537170881, -18.03071402165704 ], [ 25.88054037732968, -18.034761847270882 ], [ 25.869950189088058, -18.039751731499745 ], [ 25.86110983578422, -18.04059942144869 ], [ 25.852919126287603, -18.04566920528989 ], [ 25.843169059647504, -18.049540241043946 ] ] ] } },
{ "type": "Feature", "properties": { "fid": 192, "RIV_BND_": 2242, "RIV_BND_ID": 5577, "NAME": null, "IMPORTANT": 0 }, "geometry": { "type": "MultiLineString", "coordinates": [ [ [ 25.751275719775936, -18.043735693895933 ], [ 25.747387506748399, -18.040547387484562 ], [ 25.722304618151259, -18.036629854121166 ], [ 25.713204925385774, -18.03364315723887 ], [ 25.70517894464794, -18.034129792571086 ], [ 25.702765640004316, -18.034428226108538 ], [ 25.689225681372395, -18.032432452908246 ], [ 25.673504204680764, -18.035323944944036 ], [ 25.669792797282806, -18.03824980122479 ], [ 25.668739629829265, -18.045086194916038 ], [ 25.67015625847959, -18.050099238787574 ], [ 25.665518045990993, -18.056429144916393 ], [ 25.663447810187019, -18.058266342559303 ], [ 25.660709979295426, -18.067335014717816 ], [ 25.658169064074041, -18.071064908878348 ] ] ] } },
{ "type": "Feature", "properties": { "fid": 193, "RIV_BND_": 2281, "RIV_BND_ID": 2883, "NAME": null, "IMPORTANT": 0 }, "geometry": { "type": "MultiLineString", "coordinates": [ [ [ 25.809068722974018, -17.973536369005522 ], [ 25.803108303136288, -17.971663162674407 ], [ 25.799093632967111, -17.970471035156606 ], [ 25.794329397144384, -17.969605341514157 ], [ 25.787316500576672, -17.969718899293763 ], [ 25.782434431275519, -17.968429283690426 ], [ 25.771585299126631, -17.969586525601901 ], [ 25.766319343891816, -17.971315916248553 ], [ 25.763134831576213, -17.970825189612153 ], [ 25.755966642578752, -17.969816219476137 ], [ 25.752438085592011, -17.967786058956083 ], [ 25.742913468287956, -17.965550298519329 ], [ 25.729308062174081, -17.965464952792207 ], [ 25.704649831532301, -17.961179221733229 ], [ 25.69451723925178, -17.964647836045714 ], [ 25.687308140177098, -17.964780429933963 ], [ 25.683640528740433, -17.966562757795717 ], [ 25.667061850185942, -17.982025298813809 ], [ 25.652318690485814, -17.991058890350576 ], [ 25.643039522725712, -17.993026813931614 ], [ 25.637701414387443, -17.996659029569372 ], [ 25.626822634415756, -17.998570325590681 ], [ 25.618643266459923, -18.003248117183549 ], [ 25.611818638337294, -18.003772954516172 ], [ 25.602595283746325, -18.004213466529446 ], [ 25.597312916046455, -18.006319099405534 ], [ 25.588518123940094, -18.006010316956946 ], [ 25.581065785746773, -18.012620901764752 ], [ 25.576654365263479, -18.023538206650862 ], [ 25.570714582638495, -18.032492363837854 ], [ 25.564416919348293, -18.040288148101531 ], [ 25.561760535198335, -18.047066834216654 ], [ 25.558818276485606, -18.050780981111021 ], [ 25.557217858111635, -18.06141487597014 ], [ 25.559958600875792, -18.073729363747791 ], [ 25.560556894319213, -18.089786193728372 ], [ 25.565412610732054, -18.09912098102162 ], [ 25.565540328651547, -18.106379777685429 ] ] ] } },
{ "type": "Feature", "properties": { "fid": 194, "RIV_BND_": 2341, "RIV_BND_ID": 5576, "NAME": null, "IMPORTANT": 0 }, "geometry": { "type": "MultiLineString", "coordinates": [ [ [ 25.751275719775936, -18.043735693895933 ], [ 25.746956387866753, -18.052370047791442 ], [ 25.745725318373044, -18.064165296383457 ], [ 25.747171938900848, -18.068415429582963 ], [ 25.746949429008321, -18.07451742157048 ], [ 25.740214970281258, -18.083450334137066 ], [ 25.732005314004056, -18.088895498458751 ], [ 25.724195209842044, -18.094354080855378 ], [ 25.712138398250179, -18.09546519499666 ], [ 25.704025533005247, -18.09823943391218 ], [ 25.688726166032065, -18.100382387278774 ], [ 25.682213175676946, -18.103211110115616 ], [ 25.678584649268913, -18.103848780795946 ], [ 25.670014845338585, -18.108132897695786 ], [ 25.66544501415737, -18.112555850455795 ], [ 25.663520282473904, -18.121270930529747 ], [ 25.663251837783793, -18.128516391100252 ], [ 25.661382841058778, -18.135706077483814 ], [ 25.663072531367124, -18.144165204937948 ], [ 25.662761547840866, -18.152554616344649 ], [ 25.665077650433727, -18.154926275813644 ] ] ] } },
{ "type": "Feature", "properties": { "fid": 195, "RIV_BND_": 2356, "RIV_BND_ID": 511, "NAME": null, "IMPORTANT": 0 }, "geometry": { "type": "MultiLineString", "coordinates": [ [ [ 26.095890210893533, -18.153794478825965 ], [ 26.099277481595333, -18.148557700432391 ], [ 26.107947555938779, -18.141201040448717 ], [ 26.110107016877489, -18.13668788756495 ], [ 26.115041995639348, -18.133028814116756 ], [ 26.120337918626866, -18.130527083984127 ], [ 26.130337896500169, -18.119392872687886 ], [ 26.1323655824498, -18.118694620577781 ], [ 26.149576708137904, -18.119251204468721 ], [ 26.159309343642441, -18.127586317856899 ], [ 26.172388790715395, -18.131827213562858 ], [ 26.178832655529323, -18.130888551093125 ], [ 26.189640835334103, -18.13123567077475 ], [ 26.192817223769246, -18.132101553807576 ], [ 26.195489798981455, -18.136006888919582 ], [ 26.194998524351949, -18.138664898182988 ], [ 26.192880032146959, -18.142034565124167 ], [ 26.193150589388875, -18.145862887786613 ], [ 26.203274114862694, -18.154590627822749 ], [ 26.209472645749639, -18.160900556386107 ], [ 26.213411896789314, -18.162936399755274 ], [ 26.221535588848962, -18.171599378223917 ], [ 26.222258795720506, -18.173914322130351 ], [ 26.230034566164832, -18.181038009262789 ] ] ] } },
{ "type": "Feature", "properties": { "fid": 196, "RIV_BND_": 2391, "RIV_BND_ID": 4005, "NAME": "Matetsi", "IMPORTANT": 1 }, "geometry": { "type": "MultiLineString", "coordinates": [ [ [ 26.230034566164832, -18.181038009262789 ], [ 26.222981388895654, -18.188070291644223 ], [ 26.219002632741073, -18.187179183650521 ], [ 26.213900454283984, -18.183960225641371 ], [ 26.201526213827304, -18.182418067893636 ], [ 26.19792210196082, -18.182302476376695 ], [ 26.196203628339902, -18.185685013534901 ], [ 26.196757455186471, -18.192960091738627 ], [ 26.202530336070019, -18.2000205808278 ], [ 26.202413522442974, -18.203454524346437 ], [ 26.200346270451579, -18.205298012684707 ] ] ] } },
{ "type": "Feature", "properties": { "fid": 197, "RIV_BND_": 2396, "RIV_BND_ID": 2745, "NAME": "Matetsi", "IMPORTANT": 1 }, "geometry": { "type": "MultiLineString", "coordinates": [ [ [ 26.200346270451579, -18.205298012684707 ], [ 26.197542929235563, -18.205208091610082 ], [ 26.185710895366988, -18.199480568749845 ], [ 26.178463634191676, -18.20039329226729 ], [ 26.16991019553258, -18.204319343276449 ], [ 26.1629714703503, -18.207915066949518 ], [ 26.157220819582712, -18.211930881290755 ], [ 26.153124544623019, -18.214472152507341 ], [ 26.14789189746763, -18.215066802329048 ] ] ] } },
{ "type": "Feature", "properties": { "fid": 198, "RIV_BND_": 2414, "RIV_BND_ID": 2769, "NAME": null, "IMPORTANT": 0 }, "geometry": { "type": "MultiLineString", "coordinates": [ [ [ 25.877616196712264, -18.138918928136476 ], [ 25.87314565684645, -18.140677612782426 ], [ 25.869379730974803, -18.145133064126032 ], [ 25.867104814914363, -18.152693961291131 ], [ 25.861213791957205, -18.160514340441981 ], [ 25.858469272560729, -18.169968514537661 ], [ 25.855006315012201, -18.177107023446681 ], [ 25.856829196894278, -18.182133255469139 ], [ 25.863773652154084, -18.189623965859113 ], [ 25.866024717026871, -18.193900840509187 ], [ 25.864963402103861, -18.201120711714271 ], [ 25.856766087426077, -18.217264113256746 ], [ 25.857774653358803, -18.222644562284898 ] ] ] } },
{ "type": "Feature", "properties": { "fid": 199, "RIV_BND_": 2426, "RIV_BND_ID": 5454, "NAME": null, "IMPORTANT": 0 }, "geometry": { "type": "MultiLineString", "coordinates": [ [ [ 25.780808533695264, -18.167706535061487 ], [ 25.79140442679218, -18.184871094785382 ], [ 25.796841974595161, -18.189639367047182 ], [ 25.803494264409988, -18.194067162386936 ], [ 25.805343474200132, -18.198330869799534 ], [ 25.807246548682116, -18.212143038487362 ], [ 25.813789577104906, -18.219621825548582 ], [ 25.821285528219526, -18.222932286307742 ], [ 25.827636311363268, -18.224676084632907 ], [ 25.836928071953967, -18.233775239282732 ], [ 25.840503962961403, -18.234660565126763 ], [ 25.851148607531002, -18.228530019250815 ], [ 25.856145732841952, -18.223353123647581 ], [ 25.857774653358803, -18.222644562284898 ] ] ] } },
{ "type": "Feature", "properties": { "fid": 200, "RIV_BND_": 2450, "RIV_BND_ID": 4481, "NAME": "Matetsi", "IMPORTANT": 1 }, "geometry": { "type": "MultiLineString", "coordinates": [ [ [ 26.14789189746763, -18.215066802329048 ], [ 26.137906322748226, -18.213979572173432 ], [ 26.128255544858742, -18.21481239959363 ], [ 26.12338387507176, -18.216563927959026 ], [ 26.122464492471622, -18.219971540961794 ], [ 26.120809870432613, -18.221445568743903 ], [ 26.114829010621641, -18.220487163307208 ], [ 26.110089166911518, -18.218423163518683 ], [ 26.104055488059995, -18.218990524804081 ], [ 26.097088971651928, -18.223346626614312 ], [ 26.089519356204242, -18.221953693632596 ], [ 26.087464003078637, -18.223414325434593 ], [ 26.086050634471452, -18.229479095327751 ], [ 26.082793782932029, -18.230900351031003 ], [ 26.063183100575699, -18.229875943771294 ], [ 26.053251693669953, -18.238716118061784 ], [ 26.040328953629945, -18.241346356416184 ], [ 26.037325085868531, -18.24697628618075 ], [ 26.03668373323443, -18.253829760809982 ] ] ] } },
{ "type": "Feature", "properties": { "fid": 201, "RIV_BND_": 2485, "RIV_BND_ID": 4193, "NAME": null, "IMPORTANT": 0 }, "geometry": { "type": "MultiLineString", "coordinates": [ [ [ 25.721713056962315, -18.216459004826589 ], [ 25.723974538063903, -18.220355678016038 ], [ 25.725983568340272, -18.231116786786313 ], [ 25.728961696070478, -18.237329315865573 ], [ 25.73406818596294, -18.240178655012556 ], [ 25.741647239887985, -18.241204032471515 ], [ 25.747555141399879, -18.244080667321068 ], [ 25.750217799880257, -18.247990952000261 ], [ 25.750892656494223, -18.251450931928961 ], [ 25.75477078912294, -18.25502115691312 ], [ 25.761577756416244, -18.255255544091032 ], [ 25.770512421410636, -18.252126017221656 ], [ 25.781765902798515, -18.251366774706263 ], [ 25.790575102220501, -18.251668702559144 ], [ 25.79732644930499, -18.253427309843687 ], [ 25.799729085868396, -18.25350950283276 ], [ 25.801800809350926, -18.251671049442805 ], [ 25.810251096389258, -18.250814182896768 ], [ 25.821366229084123, -18.253866568406522 ], [ 25.828215309100365, -18.252954280474441 ], [ 25.836265381812552, -18.252082705764547 ], [ 25.841816524865255, -18.253798923368098 ], [ 25.853843677064923, -18.253825429697692 ], [ 25.870358546483921, -18.251711773916348 ], [ 25.87445921900532, -18.249177225331078 ], [ 25.882040134844843, -18.25019721161123 ], [ 25.893047612684722, -18.256296953949064 ], [ 25.897675578672533, -18.261417535244188 ], [ 25.901766505244822, -18.270338827015397 ], [ 25.909144266873557, -18.277079325409129 ] ] ] } },
{ "type": "Feature", "properties": { "fid": 202, "RIV_BND_": 2490, "RIV_BND_ID": 5568, "NAME": null, "IMPORTANT": 0 }, "geometry": { "type": "MultiLineString", "coordinates": [ [ [ 25.909144266873557, -18.277079325409129 ], [ 25.906258602702504, -18.279273566538777 ], [ 25.905043254504761, -18.279614517989845 ] ] ] } },
{ "type": "Feature", "properties": { "fid": 203, "RIV_BND_": 2492, "RIV_BND_ID": 5553, "NAME": null, "IMPORTANT": 0 }, "geometry": { "type": "MultiLineString", "coordinates": [ [ [ 25.857774653358803, -18.222644562284898 ], [ 25.87334862656871, -18.224317234988519 ], [ 25.876869896727506, -18.226727536391778 ], [ 25.878030159971654, -18.227912374896558 ], [ 25.878693722608322, -18.231753711366952 ], [ 25.881414480553378, -18.23413687244852 ], [ 25.893012923762914, -18.234910070744494 ], [ 25.895388116834049, -18.235753823433935 ], [ 25.905385238706934, -18.236472312410722 ], [ 25.91365799674379, -18.240569400066661 ], [ 25.919019289621179, -18.247623558658205 ], [ 25.92161803312684, -18.253439218701455 ], [ 25.930611378444631, -18.259851302143108 ], [ 25.93587853320636, -18.269575257421561 ], [ 25.946740163502479, -18.279868300636736 ], [ 25.947099976737057, -18.281026049824341 ] ] ] } },
{ "type": "Feature", "properties": { "fid": 204, "RIV_BND_": 2493, "RIV_BND_ID": 4983, "NAME": "Matetsi", "IMPORTANT": 1 }, "geometry": { "type": "MultiLineString", "coordinates": [ [ [ 25.909144266873557, -18.277079325409129 ], [ 25.932347727867963, -18.27862247213881 ], [ 25.941078256482321, -18.281206425466934 ], [ 25.947099976737057, -18.281026049824341 ] ] ] } },
{ "type": "Feature", "properties": { "fid": 205, "RIV_BND_": 2494, "RIV_BND_ID": 4106, "NAME": "Matetsi", "IMPORTANT": 1 }, "geometry": { "type": "MultiLineString", "coordinates": [ [ [ 26.03668373323443, -18.253829760809982 ], [ 26.033479545148669, -18.253724152293117 ], [ 26.030102387294139, -18.247120020851725 ], [ 26.028273877171912, -18.242094707053482 ], [ 26.024656141009377, -18.242357196978773 ], [ 26.018807747872696, -18.249038561069764 ], [ 26.012386348440796, -18.24920812837156 ], [ 26.005779159251009, -18.24326059681535 ], [ 26.002080585377371, -18.2458115237397 ], [ 26.001145425166637, -18.249599663944799 ], [ 26.001064456424984, -18.251888466570644 ], [ 25.993666975443347, -18.25698991423603 ], [ 25.967444551028347, -18.261464420601126 ], [ 25.960113275286744, -18.264657105531892 ], [ 25.955945666926986, -18.2691007937681 ], [ 25.954913955326987, -18.275558676977262 ], [ 25.955606762176942, -18.278637092481443 ], [ 25.951879545907342, -18.281949676314277 ], [ 25.947099976737057, -18.281026049824341 ] ] ] } },
{ "type": "Feature", "properties": { "fid": 206, "RIV_BND_": 2501, "RIV_BND_ID": 4620, "NAME": null, "IMPORTANT": 0 }, "geometry": { "type": "MultiLineString", "coordinates": [ [ [ 25.626160961839439, -18.220766453085343 ], [ 25.634952685586693, -18.221456601201076 ], [ 25.643173889205841, -18.226708297874932 ], [ 25.655370441033952, -18.232862275939222 ], [ 25.658802862231155, -18.237564119009953 ], [ 25.660878696078772, -18.246418654382961 ], [ 25.670118906784861, -18.256668740428754 ], [ 25.671050614308346, -18.263956009753393 ], [ 25.675242474033166, -18.26982967237873 ], [ 25.681107064037775, -18.273852364435033 ], [ 25.691847971025471, -18.276135515779988 ], [ 25.7037903885352, -18.278459790941127 ], [ 25.710056686432914, -18.28249571493949 ] ] ] } },
{ "type": "Feature", "properties": { "fid": 207, "RIV_BND_": 2521, "RIV_BND_ID": 2684, "NAME": null, "IMPORTANT": 0 }, "geometry": { "type": "MultiLineString", "coordinates": [ [ [ 25.710056686432914, -18.28249571493949 ], [ 25.701063115013355, -18.287147337235623 ], [ 25.69010941339263, -18.290584717766333 ], [ 25.680813795584179, -18.292551935020381 ], [ 25.670160487398167, -18.298671401326608 ], [ 25.664468706573416, -18.300763492909493 ], [ 25.64722000203982, -18.300923561321181 ], [ 25.627125583239124, -18.30212741075016 ] ] ] } },
{ "type": "Feature", "properties": { "fid": 208, "RIV_BND_": 2533, "RIV_BND_ID": 3751, "NAME": null, "IMPORTANT": 0 }, "geometry": { "type": "MultiLineString", "coordinates": [ [ [ 26.200346270451579, -18.205298012684707 ], [ 26.19977681972431, -18.210245340337462 ], [ 26.196856349274547, -18.213589247818469 ], [ 26.197397205281487, -18.22124588170594 ], [ 26.190793474431494, -18.226763129382483 ], [ 26.186657810466127, -18.230449778363766 ], [ 26.183606470362264, -18.237608822359597 ], [ 26.179431314287751, -18.242439841553566 ], [ 26.181186072860385, -18.249753593160793 ], [ 26.182927787206516, -18.25744883159318 ], [ 26.181956860728231, -18.262383027543024 ], [ 26.182575155913433, -18.267750315216809 ], [ 26.183036917810963, -18.277696100689649 ], [ 26.183563972349969, -18.285734216342473 ], [ 26.188755304035993, -18.29812403138623 ], [ 26.188093498281638, -18.305741882569297 ], [ 26.187213514722746, -18.308005309746544 ], [ 26.185850329192931, -18.324385578232487 ] ] ] } },
{ "type": "Feature", "properties": { "fid": 209, "RIV_BND_": 2535, "RIV_BND_ID": 1528, "NAME": "Matetsi", "IMPORTANT": 1 }, "geometry": { "type": "MultiLineString", "coordinates": [ [ [ 25.905043254504761, -18.279614517989845 ], [ 25.89329104664629, -18.283037320786622 ], [ 25.883458747284692, -18.288815527424799 ], [ 25.878446193309113, -18.294374368561147 ], [ 25.874165707665512, -18.301867178797988 ], [ 25.865077843415317, -18.309196961824863 ], [ 25.86141771188397, -18.310600376063736 ], [ 25.843350111074937, -18.31113227740898 ], [ 25.834232958646108, -18.319223134707226 ] ] ] } },
{ "type": "Feature", "properties": { "fid": 210, "RIV_BND_": 2536, "RIV_BND_ID": 5303, "NAME": null, "IMPORTANT": 0 }, "geometry": { "type": "MultiLineString", "coordinates": [ [ [ 25.710056686432914, -18.28249571493949 ], [ 25.716063289134858, -18.282704044829433 ], [ 25.724171152295654, -18.280312045365456 ], [ 25.732151962170462, -18.281351840964103 ], [ 25.738805702605767, -18.28578213996229 ], [ 25.748122652977145, -18.294122672261214 ], [ 25.759294791878244, -18.295653396162532 ], [ 25.761972228423012, -18.299182284536656 ], [ 25.765753824177679, -18.305422159955224 ], [ 25.775599621699474, -18.310343066531438 ], [ 25.78102584807252, -18.315493665459265 ], [ 25.787765563085568, -18.3176342941847 ], [ 25.804189030380556, -18.318197142161868 ], [ 25.813154555985658, -18.314303276738784 ], [ 25.821538820301736, -18.315353405285009 ], [ 25.829798784505297, -18.319835704153402 ], [ 25.834232958646108, -18.319223134707226 ] ] ] } },
{ "type": "Feature", "properties": { "fid": 211, "RIV_BND_": 2576, "RIV_BND_ID": 2350, "NAME": "Matetsi", "IMPORTANT": 1 }, "geometry": { "type": "MultiLineString", "coordinates": [ [ [ 25.834232958646108, -18.319223134707226 ], [ 25.832256723242466, -18.329466280166809 ], [ 25.829714300746943, -18.333198342483282 ], [ 25.820539861125543, -18.342813793200143 ], [ 25.816642310843164, -18.350699793646367 ], [ 25.817015367904133, -18.351476287847969 ] ] ] } },
{ "type": "Feature", "properties": { "fid": 212, "RIV_BND_": 2598, "RIV_BND_ID": 967, "NAME": "Matetsi", "IMPORTANT": 1 }, "geometry": { "type": "MultiLineString", "coordinates": [ [ [ 25.817015367904133, -18.351476287847969 ], [ 25.815385045194684, -18.352184283575156 ], [ 25.813615501072061, -18.356706192650208 ], [ 25.807741570639401, -18.363760631120773 ], [ 25.807243352287333, -18.36641656021542 ] ] ] } },
{ "type": "Feature", "properties": { "fid": 213, "RIV_BND_": 2609, "RIV_BND_ID": 2204, "NAME": null, "IMPORTANT": 0 }, "geometry": { "type": "MultiLineString", "coordinates": [ [ [ 25.717663790410715, -18.35874587731097 ], [ 25.728523323157631, -18.357976943189659 ], [ 25.735060050303499, -18.354766795487638 ], [ 25.738349480863025, -18.352589540083894 ], [ 25.749567236187328, -18.352977358097139 ], [ 25.755274187893583, -18.350501382853778 ], [ 25.769585108382675, -18.35404951530192 ], [ 25.777984646397609, -18.354720425515715 ], [ 25.790014121972384, -18.365825801624272 ], [ 25.797376038968366, -18.372951914941041 ] ] ] } },
{ "type": "Feature", "properties": { "fid": 214, "RIV_BND_": 2610, "RIV_BND_ID": 4611, "NAME": "Matetsi", "IMPORTANT": 1 }, "geometry": { "type": "MultiLineString", "coordinates": [ [ [ 25.807243352287333, -18.36641656021542 ], [ 25.798177432973976, -18.372979438767238 ], [ 25.797376038968366, -18.372951914941041 ] ] ] } },
{ "type": "Feature", "properties": { "fid": 215, "RIV_BND_": 2634, "RIV_BND_ID": 3586, "NAME": null, "IMPORTANT": 0 }, "geometry": { "type": "MultiLineString", "coordinates": [ [ [ 26.14789189746763, -18.215066802329048 ], [ 26.142744866298795, -18.224830871994762 ], [ 26.143296514154656, -18.232105802243368 ], [ 26.141365946142589, -18.241592001066511 ], [ 26.139408893783525, -18.251841208952339 ], [ 26.132815679588184, -18.25697456858471 ], [ 26.127516157573943, -18.25947603958344 ], [ 26.122938435398812, -18.264292511168613 ], [ 26.119843954719578, -18.272594646020671 ], [ 26.113623381619256, -18.278503204074447 ], [ 26.111021501466077, -18.284147560471851 ], [ 26.105293679413656, -18.287398234833496 ], [ 26.101088526549546, -18.292990075064075 ], [ 26.098111934179528, -18.297857985747946 ], [ 26.09517457364861, -18.301581427536064 ], [ 26.094790034896569, -18.312645016686947 ], [ 26.097677057227173, -18.321905854270561 ], [ 26.097570823173921, -18.324957887278494 ], [ 26.09388486301296, -18.327128943598979 ], [ 26.088234907783509, -18.328089870268006 ], [ 26.084107883442755, -18.331392123993457 ], [ 26.076013782883269, -18.33341832879243 ], [ 26.067077887468301, -18.336562354824132 ], [ 26.057727444971576, -18.340074163633158 ], [ 26.054735076622318, -18.345322659683006 ], [ 26.052584146460788, -18.34945296895193 ], [ 26.051087600017418, -18.357806058664121 ], [ 26.046758362487616, -18.366829534247795 ], [ 26.045702276497376, -18.37405124095223 ], [ 26.03849928206515, -18.384889174564471 ], [ 26.035010811684959, -18.392794209045597 ], [ 26.027967868300792, -18.399053861098313 ] ] ] } },
{ "type": "Feature", "properties": { "fid": 216, "RIV_BND_": 2655, "RIV_BND_ID": 5405, "NAME": null, "IMPORTANT": 0 }, "geometry": { "type": "MultiLineString", "coordinates": [ [ [ 26.080575042458673, -18.39811440502049 ], [ 26.097198979597593, -18.404770284074896 ], [ 26.11095178057521, -18.413240743740715 ], [ 26.123248188434413, -18.417461480728733 ], [ 26.138510180015313, -18.417194688968884 ], [ 26.147423470125915, -18.414810779021419 ], [ 26.160694026835479, -18.414095503751742 ], [ 26.166333723758239, -18.413514299972249 ], [ 26.174701013900716, -18.415312849164845 ], [ 26.179782123686113, -18.419296609849336 ], [ 26.184192611495941, -18.419439067116169 ], [ 26.188682044233552, -18.417292234052425 ], [ 26.19350667055966, -18.417065885042685 ], [ 26.198980916094907, -18.409603145848145 ], [ 26.213815950845142, -18.410080307601419 ], [ 26.221691794295467, -18.414534776856133 ], [ 26.224899529258867, -18.414637673180096 ], [ 26.229388463438383, -18.412489791149127 ], [ 26.234187044665941, -18.413025463977945 ], [ 26.242102341350609, -18.416334468935155 ], [ 26.246008479498581, -18.419515106367392 ], [ 26.248776562000135, -18.420749466587093 ] ] ] } },
{ "type": "Feature", "properties": { "fid": 217, "RIV_BND_": 2668, "RIV_BND_ID": 401, "NAME": "Matetsi", "IMPORTANT": 1 }, "geometry": { "type": "MultiLineString", "coordinates": [ [ [ 25.797376038968366, -18.372951914941041 ], [ 25.790741432354313, -18.37883399783902 ], [ 25.78781084610733, -18.382170066427932 ], [ 25.780528087318736, -18.383829002375016 ], [ 25.770630775713844, -18.391125374789638 ], [ 25.748168980988101, -18.401805581091793 ], [ 25.736497254642789, -18.413620613138207 ], [ 25.726982924886141, -18.421309367259372 ], [ 25.724535878185069, -18.422369951575526 ] ] ] } },
{ "type": "Feature", "properties": { "fid": 218, "RIV_BND_": 2672, "RIV_BND_ID": 2942, "NAME": null, "IMPORTANT": 0 }, "geometry": { "type": "MultiLineString", "coordinates": [ [ [ 25.651121498981102, -18.37895197390645 ], [ 25.66231137470059, -18.38010778378521 ], [ 25.667047870888773, -18.382182748042393 ], [ 25.670111054826055, -18.386108172074131 ], [ 25.671199047465443, -18.389200849600059 ], [ 25.671673101888114, -18.397999429472264 ], [ 25.677828529650242, -18.405087596705691 ], [ 25.69039599169437, -18.412399425307896 ], [ 25.698311862313748, -18.415348315425948 ], [ 25.706430190013602, -18.423649632489838 ] ] ] } },
{ "type": "Feature", "properties": { "fid": 219, "RIV_BND_": 2673, "RIV_BND_ID": 2978, "NAME": "Matetsi", "IMPORTANT": 1 }, "geometry": { "type": "MultiLineString", "coordinates": [ [ [ 25.724535878185069, -18.422369951575526 ], [ 25.711239398773657, -18.423817027205637 ], [ 25.706430190013602, -18.423649632489838 ] ] ] } },
{ "type": "Feature", "properties": { "fid": 220, "RIV_BND_": 2688, "RIV_BND_ID": 931, "NAME": null, "IMPORTANT": 0 }, "geometry": { "type": "MultiLineString", "coordinates": [ [ [ 25.905043254504761, -18.279614517989845 ], [ 25.905680288216423, -18.284218682945685 ], [ 25.902257029090656, -18.29021360845698 ], [ 25.903226047627125, -18.29673844200131 ], [ 25.904691631918229, -18.300606685845249 ], [ 25.904513692124233, -18.305565249891458 ], [ 25.897457249329019, -18.31220135304466 ], [ 25.89338270898438, -18.313973341750156 ], [ 25.883010432184324, -18.323551893900071 ], [ 25.881684816218065, -18.326944077846676 ], [ 25.881851834023461, -18.333441760031278 ], [ 25.882598246652964, -18.33499448562511 ], [ 25.882918586977311, -18.348371284205307 ], [ 25.884784532502653, -18.352253270961985 ], [ 25.891804697597312, -18.357836969496606 ], [ 25.898438517551732, -18.363025598683137 ], [ 25.902253629660496, -18.368500794375652 ], [ 25.902931674180003, -18.3719606573456 ], [ 25.902838608346052, -18.385705476997654 ], [ 25.904290893003857, -18.38995526980348 ], [ 25.912073523104841, -18.396709890332691 ], [ 25.916359078476049, -18.400291344901571 ], [ 25.918959562636861, -18.406107291258003 ], [ 25.920275324095556, -18.414171334124823 ], [ 25.92604162356287, -18.421239530216805 ], [ 25.927398780822898, -18.428159290426191 ], [ 25.927111543049463, -18.436169366369551 ] ] ] } },
{ "type": "Feature", "properties": { "fid": 221, "RIV_BND_": 2695, "RIV_BND_ID": 296, "NAME": null, "IMPORTANT": 0 }, "geometry": { "type": "MultiLineString", "coordinates": [ [ [ 26.03668373323443, -18.253829760809982 ], [ 26.037724866787332, -18.25844717486838 ], [ 26.037978317427491, -18.262656721481207 ], [ 26.039807244657759, -18.26768200369586 ], [ 26.036055065883172, -18.271759480069012 ], [ 26.031488076934021, -18.276191863243639 ], [ 26.030579774364796, -18.279217221224545 ], [ 26.027281509560844, -18.281781790743118 ], [ 26.018027755155117, -18.282621652433871 ], [ 26.012739582345095, -18.284738179050905 ], [ 26.010255325907579, -18.286947409088928 ], [ 26.009531935747638, -18.296089409549392 ], [ 26.008996822895764, -18.299890879729592 ], [ 26.008407856915913, -18.305218192439899 ], [ 26.004253549001771, -18.309281482605908 ], [ 25.99857705627501, -18.311002704902513 ], [ 25.978131261677241, -18.31070471027471 ], [ 25.977302951243821, -18.31144091015679 ], [ 25.97720817483172, -18.314111115241005 ], [ 25.983402084193802, -18.320427916460886 ], [ 25.99054206608109, -18.334032340421551 ], [ 25.997565618540978, -18.339612604928622 ], [ 26.00149176769148, -18.342034480462342 ], [ 26.003000238818363, -18.344757964515445 ], [ 26.003347121762818, -18.346297093597801 ], [ 25.995972240772474, -18.35063506908784 ], [ 25.992991433204807, -18.355500818937383 ], [ 25.987178247991029, -18.361036026420379 ], [ 25.986173732813853, -18.366731250262855 ], [ 25.986493320761667, -18.36903331877938 ], [ 25.982228383694487, -18.376147536424376 ], [ 25.979620554499004, -18.38178914912751 ], [ 25.965762481781919, -18.387818945572473 ], [ 25.962005750939408, -18.391894291776882 ], [ 25.954756346817074, -18.403872496359568 ], [ 25.947187087194486, -18.413548207482911 ], [ 25.939051887780909, -18.427787287725415 ], [ 25.935835564530834, -18.43913607759373 ], [ 25.935780783721988, -18.440661822334263 ] ] ] } },
{ "type": "Feature", "properties": { "fid": 222, "RIV_BND_": 2728, "RIV_BND_ID": 694, "NAME": "Matetsi", "IMPORTANT": 1 }, "geometry": { "type": "MultiLineString", "coordinates": [ [ [ 25.706430190013602, -18.423649632489838 ], [ 25.698659282012407, -18.427579100864108 ], [ 25.692906474071997, -18.431196793235795 ], [ 25.684862368492436, -18.431679608449357 ], [ 25.679652113527698, -18.431497515249571 ], [ 25.672138779956772, -18.439253011162652 ], [ 25.665125553436546, -18.444352912799189 ], [ 25.662134245778841, -18.449211720654038 ], [ 25.662564620790878, -18.459154230930725 ] ] ] } },
{ "type": "Feature", "properties": { "fid": 223, "RIV_BND_": 2735, "RIV_BND_ID": 3092, "NAME": null, "IMPORTANT": 0 }, "geometry": { "type": "MultiLineString", "coordinates": [ [ [ 25.586828000018478, -18.445410469410724 ], [ 25.596818670209089, -18.446528155560411 ], [ 25.608969456637336, -18.454212399220516 ], [ 25.611345479964868, -18.455060009972769 ], [ 25.625760192323995, -18.45595073633736 ], [ 25.632058433644879, -18.459227265604977 ], [ 25.642007622805746, -18.461486639116728 ], [ 25.6471611958609, -18.463195171607499 ], [ 25.657210918854634, -18.462784592118055 ], [ 25.662564620790878, -18.459154230930725 ] ] ] } },
{ "type": "Feature", "properties": { "fid": 224, "RIV_BND_": 2743, "RIV_BND_ID": 1237, "NAME": null, "IMPORTANT": 0 }, "geometry": { "type": "MultiLineString", "coordinates": [ [ [ 26.017929402664844, -18.410560702838406 ], [ 26.025707714613908, -18.40623548220195 ], [ 26.033846307832192, -18.403067551864897 ], [ 26.040233236562898, -18.404042530942903 ], [ 26.052873687837909, -18.409806668176774 ], [ 26.063190020322871, -18.41320199546352 ], [ 26.08132470646802, -18.422582619376815 ], [ 26.093099710732773, -18.430225590042838 ], [ 26.10454143307884, -18.435947345022164 ], [ 26.120046659516174, -18.440273447468769 ], [ 26.133667155636722, -18.441099475835269 ], [ 26.141180488734449, -18.444399564337928 ], [ 26.148240205290101, -18.449212448013604 ], [ 26.154656515907178, -18.449420843960034 ], [ 26.160914799119737, -18.454207280399125 ], [ 26.164793223293007, -18.458152509046865 ], [ 26.17233444451896, -18.460688478677245 ], [ 26.176588238910693, -18.465409569090298 ], [ 26.175897767337148, -18.473790160224418 ], [ 26.177008752403562, -18.476499771731987 ] ] ] } },
{ "type": "Feature", "properties": { "fid": 225, "RIV_BND_": 2746, "RIV_BND_ID": 1459, "NAME": "Deka", "IMPORTANT": 1 }, "geometry": { "type": "MultiLineString", "coordinates": [ [ [ 26.248776562000135, -18.420749466587093 ], [ 26.243834535803064, -18.424411208880461 ], [ 26.23232046707324, -18.432445900996331 ], [ 26.231362123891856, -18.436998770782154 ], [ 26.231580767694378, -18.442353261831244 ], [ 26.214010021562377, -18.451338300098286 ], [ 26.212327328101843, -18.453575960256572 ], [ 26.21219682451774, -18.457391350365082 ], [ 26.212480255150759, -18.460838100327759 ], [ 26.210422322267373, -18.462299743278411 ], [ 26.199231765309253, -18.460793492097338 ], [ 26.196424223774724, -18.460702964392766 ], [ 26.191105375314542, -18.46358701043502 ], [ 26.186121872569505, -18.46839149847116 ], [ 26.182999062293156, -18.477457453595768 ] ] ] } },
{ "type": "Feature", "properties": { "fid": 226, "RIV_BND_": 2747, "RIV_BND_ID": 3921, "NAME": null, "IMPORTANT": 0 }, "geometry": { "type": "MultiLineString", "coordinates": [ [ [ 26.177008752403562, -18.476499771731987 ], [ 26.182183629922235, -18.477813039512426 ], [ 26.182999062293156, -18.477457453595768 ] ] ] } },
{ "type": "Feature", "properties": { "fid": 227, "RIV_BND_": 2755, "RIV_BND_ID": 3969, "NAME": null, "IMPORTANT": 0 }, "geometry": { "type": "MultiLineString", "coordinates": [ [ [ 26.018084055602213, -18.428897790612428 ], [ 26.042552094568215, -18.440783571114579 ], [ 26.076514092736879, -18.456798216471849 ], [ 26.0923543124999, -18.463047360136262 ], [ 26.106993176120511, -18.469255975965517 ], [ 26.118490921486881, -18.473451304029798 ], [ 26.127234846886036, -18.476028397308077 ], [ 26.13766277721027, -18.47636829988086 ], [ 26.143185255918301, -18.479221665863452 ], [ 26.151594784519059, -18.479877086448184 ], [ 26.159083657283905, -18.483939782915144 ], [ 26.164324569481799, -18.483345904666457 ], [ 26.172530919728725, -18.478264589953021 ], [ 26.176995691394886, -18.476881304358965 ], [ 26.177008752403562, -18.476499771731987 ] ] ] } },
{ "type": "Feature", "properties": { "fid": 228, "RIV_BND_": 1955, "RIV_BND_ID": 3767, "NAME": null, "IMPORTANT": 0 }, "geometry": { "type": "MultiLineString", "coordinates": [ [ [ 25.762910148866315, -17.855495279051745 ], [ 25.760127559629449, -17.855018423494119 ], [ 25.759438985429608, -17.85194001033241 ], [ 25.761078170212627, -17.850850440349923 ], [ 25.763475266355218, -17.850932231580892 ], [ 25.766175236150627, -17.853697267664135 ], [ 25.762910148866315, -17.855495279051745 ] ] ] } },
{ "type": "Feature", "properties": { "fid": 229, "RIV_BND_": 1956, "RIV_BND_ID": 4847, "NAME": null, "IMPORTANT": 0 }, "geometry": { "type": "MultiLineString", "coordinates": [ [ [ 25.694187509386051, -17.8424466331149 ], [ 25.693816007364813, -17.841670136101278 ], [ 25.694150298765212, -17.832517451867883 ], [ 25.694105201992894, -17.827671433652871 ], [ 25.694187068998474, -17.825436965278442 ], [ 25.693727224423021, -17.822193018151498 ], [ 25.690671316876845, -17.818269300793375 ], [ 25.686305740623908, -17.817355099961905 ], [ 25.679074869217345, -17.818251134084537 ], [ 25.672972242266379, -17.82109501616732 ], [ 25.661110017558229, -17.828321483500943 ], [ 25.653682437620304, -17.834555322759272 ], [ 25.634972409318461, -17.843069672477906 ], [ 25.632561796726687, -17.843367643730506 ], [ 25.616645908104239, -17.851977198068528 ], [ 25.607416450122347, -17.852800572359378 ], [ 25.606589344298698, -17.853535284181465 ] ] ] } },
{ "type": "Feature", "properties": { "fid": 230, "RIV_BND_": 1960, "RIV_BND_ID": 5029, "NAME": null, "IMPORTANT": 0 }, "geometry": { "type": "MultiLineString", "coordinates": [ [ [ 25.606589344298698, -17.853535284181465 ], [ 25.599000175749218, -17.853270129185312 ], [ 25.591739670915729, -17.854925198955929 ] ] ] } },
{ "type": "Feature", "properties": { "fid": 231, "RIV_BND_": 1962, "RIV_BND_ID": 5308, "NAME": null, "IMPORTANT": 0 }, "geometry": { "type": "MultiLineString", "coordinates": [ [ [ 25.374758685128295, -17.8519409609763 ], [ 25.383070834743258, -17.853446597427745 ], [ 25.388731096419111, -17.854102720822699 ], [ 25.39519734774364, -17.854335260854008 ], [ 25.397065295339033, -17.854091029963573 ], [ 25.398727107679377, -17.85434980807791 ], [ 25.401112487902974, -17.854165819451286 ], [ 25.404230598259474, -17.853082812706077 ] ] ] } },
{ "type": "Feature", "properties": { "fid": 232, "RIV_BND_": 1976, "RIV_BND_ID": 3212, "NAME": null, "IMPORTANT": 0 }, "geometry": { "type": "MultiLineString", "coordinates": [ [ [ 25.485792796971563, -17.86455067377554 ], [ 25.483853400809473, -17.862954612600067 ], [ 25.476344214505456, -17.859647901379276 ], [ 25.46267726984685, -17.854034816959658 ], [ 25.458257160322237, -17.849806116040494 ], [ 25.452243870414421, -17.845978867087968 ], [ 25.447917838700697, -17.847953071751434 ], [ 25.444971809637575, -17.849483477998017 ], [ 25.438514405282387, -17.853173416847593 ], [ 25.430616881624072, -17.855620944162052 ], [ 25.41779621764902, -17.853940037881241 ], [ 25.404230598259474, -17.853082812706077 ] ] ] } },
{ "type": "Feature", "properties": { "fid": 233, "RIV_BND_": 1983, "RIV_BND_ID": 665, "NAME": null, "IMPORTANT": 0 }, "geometry": { "type": "MultiLineString", "coordinates": [ [ [ 25.485792796971563, -17.86455067377554 ], [ 25.490942167777281, -17.865879028506018 ], [ 25.499215116285129, -17.869227057341476 ], [ 25.502108113912989, -17.869535103305918 ], [ 25.507314181575982, -17.870024778769452 ], [ 25.511259876478427, -17.870164376765569 ], [ 25.516276377009433, -17.869838730625798 ], [ 25.518931909443662, -17.868823970296443 ], [ 25.524450556557301, -17.86821202397724 ], [ 25.533010132855328, -17.863932948176526 ], [ 25.537175736584445, -17.859498390880582 ], [ 25.542011734149575, -17.858523546386873 ], [ 25.551140572933257, -17.849682006293392 ], [ 25.556846100221339, -17.846828346860541 ], [ 25.569227672749147, -17.847263440854057 ], [ 25.590155810441125, -17.854487965202381 ], [ 25.591739670915729, -17.854925198955929 ] ] ] } },
{ "type": "Feature", "properties": { "fid": 234, "RIV_BND_": 1984, "RIV_BND_ID": 4051, "NAME": null, "IMPORTANT": 0 }, "geometry": { "type": "MultiLineString", "coordinates": [ [ [ 25.788934728528506, -17.874986945816207 ], [ 25.790137351077028, -17.874132786706483 ], [ 25.78996779036466, -17.87233714784189 ], [ 25.790040232280532, -17.87032584981101 ], [ 25.789168510171312, -17.868506359629855 ], [ 25.788740537958585, -17.867373078752799 ], [ 25.788078456924893, -17.866231875170996 ], [ 25.786867813539782, -17.867309515644727 ], [ 25.786787271064362, -17.869544203794444 ], [ 25.787158812412422, -17.872241804829084 ], [ 25.787804568687548, -17.873829893499529 ], [ 25.788934728528506, -17.874986945816207 ] ] ] } },
{ "type": "Feature", "properties": { "fid": 235, "RIV_BND_": 1994, "RIV_BND_ID": 5219, "NAME": null, "IMPORTANT": 0 }, "geometry": { "type": "MultiLineString", "coordinates": [ [ [ 25.374758685128295, -17.8519409609763 ], [ 25.373271142455351, -17.857452176607509 ], [ 25.37328559875704, -17.857464177787751 ], [ 25.370343839218407, -17.861175289323239 ], [ 25.370168431561165, -17.865750041824864 ], [ 25.364786653132182, -17.870518067299432 ], [ 25.357510067249052, -17.872545073164904 ] ] ] } },
{ "type": "Feature", "properties": { "fid": 236, "RIV_BND_": 2007, "RIV_BND_ID": 5110, "NAME": null, "IMPORTANT": 0 }, "geometry": { "type": "MultiLineString", "coordinates": [ [ [ 25.357510067249052, -17.872545073164904 ], [ 25.352717831351196, -17.872371513920335 ], [ 25.350691508621164, -17.873061455641007 ], [ 25.329969338707098, -17.871163851867877 ], [ 25.312545763463248, -17.866712208173684 ], [ 25.304706823017423, -17.862608977336702 ], [ 25.294709067559669, -17.862625685017196 ], [ 25.289769409579794, -17.866262432455883 ], [ 25.287624904824, -17.870001246537939 ], [ 25.285243210420848, -17.879838923506199 ] ] ] } },
{ "type": "Feature", "properties": { "fid": 237, "RIV_BND_": 2021, "RIV_BND_ID": 4995, "NAME": null, "IMPORTANT": 0 }, "geometry": { "type": "MultiLineString", "coordinates": [ [ [ 25.819767574023576, -17.900138430690777 ], [ 25.81829011810802, -17.899474439329214 ], [ 25.816441318973297, -17.89874072100945 ], [ 25.814818558426094, -17.898238375711816 ], [ 25.813203574522674, -17.897512521533663 ], [ 25.811661143553579, -17.894775412009956 ], [ 25.813598577533433, -17.893050935039309 ], [ 25.814860966765146, -17.892553608903867 ] ] ] } },
{ "type": "Feature", "properties": { "fid": 238, "RIV_BND_": 2125, "RIV_BND_ID": 5377, "NAME": null, "IMPORTANT": 0 }, "geometry": { "type": "MultiLineString", "coordinates": [ [ [ 26.923834621087206, -17.977691701503321 ], [ 26.924270012450954, -17.977543057942462 ] ] ] } },
{ "type": "Feature", "properties": { "fid": 239, "RIV_BND_": 2167, "RIV_BND_ID": 3597, "NAME": null, "IMPORTANT": 0 }, "geometry": { "type": "MultiLineString", "coordinates": [ [ [ 26.571527132148045, -18.017550062081032 ], [ 26.570416960706634, -18.015259882955707 ], [ 26.570212029786259, -18.008175397646262 ], [ 26.569557926089765, -18.001692812011846 ], [ 26.56936904927506, -18.000866477315761 ], [ 26.568832061774216, -17.997465063532747 ], [ 26.568597102927711, -17.992938345566298 ] ] ] } },
{ "type": "Feature", "properties": { "fid": 240, "RIV_BND_": 2169, "RIV_BND_ID": 2240, "NAME": null, "IMPORTANT": 0 }, "geometry": { "type": "MultiLineString", "coordinates": [ [ [ 26.506418405102131, -17.989379289295464 ], [ 26.50336428488194, -17.991564079497913 ], [ 26.503048238832811, -17.991554496104538 ], [ 26.50234979804689, -17.991260340587644 ], [ 26.500288038749112, -17.993107774625667 ], [ 26.482209455495141, -17.994849509030058 ], [ 26.463367583313136, -17.995420151685032 ], [ 26.452065698059609, -17.998130167394297 ], [ 26.439250136119966, -17.998118995899485 ], [ 26.434374420068611, -18.000261324764228 ], [ 26.420772939920937, -18.012067173829266 ], [ 26.411020459843513, -18.016350514176363 ], [ 26.405418591546876, -18.01617747471883 ], [ 26.401854931644724, -18.01492129207853 ], [ 26.38218644508764, -18.016222171874329 ], [ 26.374559154931688, -18.016749402093623 ] ] ] } },
{ "type": "Feature", "properties": { "fid": 241, "RIV_BND_": 2173, "RIV_BND_ID": 1542, "NAME": null, "IMPORTANT": 0 }, "geometry": { "type": "MultiLineString", "coordinates": [ [ [ 26.923834621087206, -17.977691701503321 ], [ 26.922622092731071, -17.978683621968319 ], [ 26.921860725793923, -17.978969987040099 ], [ 26.920454734755516, -17.979238232300386 ], [ 26.918391665643178, -17.979898375685384 ], [ 26.914483645493934, -17.981122011455373 ], [ 26.911410707267393, -17.983190069817095 ], [ 26.904411109089725, -17.987096620038997 ], [ 26.893521197707614, -17.991611014046622 ], [ 26.885167213816935, -17.990451063813151 ], [ 26.877762255252673, -17.986342157125275 ], [ 26.873706329345282, -17.989197880535226 ], [ 26.8704127034866, -17.992160992477451 ], [ 26.86997814971361, -17.993294892524318 ], [ 26.872596222252405, -17.999483039923334 ], [ 26.863503644746238, -18.008776450035004 ], [ 26.856710661982259, -18.008200413955517 ], [ 26.853439523239086, -18.010399492190427 ], [ 26.850649225330223, -18.009937600149421 ], [ 26.849917750622719, -18.007624143937214 ], [ 26.8544703903579, -18.002786987662532 ], [ 26.853815267820874, -17.995510653758675 ], [ 26.846413187477449, -17.994889161495703 ], [ 26.832554480838581, -17.994390482237282 ], [ 26.829471062562469, -17.996764526888072 ], [ 26.828512000998792, -18.000020217909032 ], [ 26.830625679986404, -18.004800246536256 ], [ 26.831140607141393, -18.00593996998921 ], [ 26.833472821523831, -18.008299400885285 ], [ 26.834157750797452, -18.012140038719281 ], [ 26.831386022032174, -18.024287529157007 ], [ 26.828537829856245, -18.025734085745132 ] ] ] } },
{ "type": "Feature", "properties": { "fid": 242, "RIV_BND_": 2197, "RIV_BND_ID": 4911, "NAME": null, "IMPORTANT": 0 }, "geometry": { "type": "MultiLineString", "coordinates": [ [ [ 26.571527132148045, -18.017550062081032 ], [ 26.572442033022334, -18.019218865769055 ], [ 26.575053400449285, -18.021656579169679 ], [ 26.576691013601039, -18.02427030862216 ], [ 26.582724717078882, -18.027323281816784 ], [ 26.586319587251971, -18.029277442436609 ], [ 26.588729180060547, -18.031298603142066 ], [ 26.591760971421969, -18.034056438087021 ], [ 26.593946148857796, -18.03637861414391 ], [ 26.595460648320206, -18.039501498248082 ], [ 26.59627848289519, -18.044244870575302 ], [ 26.595972551495436, -18.0471081714993 ], [ 26.596539444236381, -18.04958714586904 ], [ 26.598623823288946, -18.051701096269934 ], [ 26.599135273820124, -18.052537029096612 ] ] ] } },
{ "type": "Feature", "properties": { "fid": 243, "RIV_BND_": 2204, "RIV_BND_ID": 5232, "NAME": null, "IMPORTANT": 0 }, "geometry": { "type": "MultiLineString", "coordinates": [ [ [ 26.571527132148045, -18.017550062081032 ], [ 26.547109246147599, -18.031965568634714 ], [ 26.53883656655011, -18.040120579946795 ], [ 26.533160129919601, -18.042241113201047 ], [ 26.501203659810727, -18.0393615488418 ], [ 26.496400946545581, -18.039215302569705 ], [ 26.491075281326086, -18.042873395479933 ], [ 26.484610153239053, -18.04458648200503 ], [ 26.479610243495781, -18.050546328362721 ], [ 26.472331861345804, -18.052616042420873 ], [ 26.4639146720694, -18.052740535252862 ], [ 26.460663442178376, -18.054169048894956 ], [ 26.453058898750449, -18.053935957786074 ], [ 26.448305786795697, -18.052261997908751 ], [ 26.434735623996094, -18.050698819018606 ], [ 26.424128952463214, -18.044259926467312 ], [ 26.416913184556154, -18.044419373367738 ], [ 26.410847813625701, -18.046142196617986 ], [ 26.399179422480408, -18.047691466463192 ], [ 26.391288360229932, -18.044008975527699 ] ] ] } },
{ "type": "Feature", "properties": { "fid": 244, "RIV_BND_": 2224, "RIV_BND_ID": 2750, "NAME": null, "IMPORTANT": 0 }, "geometry": { "type": "MultiLineString", "coordinates": [ [ [ 26.685812601832897, -18.073614860327517 ], [ 26.682427187387816, -18.072910764708102 ], [ 26.680471269917938, -18.071858197378699 ], [ 26.673784646440147, -18.067840135650286 ], [ 26.672060007617588, -18.066473985353195 ] ], [ [ 26.572927113191668, -18.008782797338263 ], [ 26.572377172763467, -18.007727353418336 ], [ 26.572385277593597, -18.007472748633347 ] ] ] } },
{ "type": "Feature", "properties": { "fid": 245, "RIV_BND_": 2225, "RIV_BND_ID": 3806, "NAME": null, "IMPORTANT": 0 }, "geometry": { "type": "MultiLineString", "coordinates": [ [ [ 26.700918395088582, -18.076792177568169 ], [ 26.700693039825367, -18.073792047137978 ], [ 26.702392052040363, -18.071042386054629 ], [ 26.702961988399455, -18.070228128188784 ], [ 26.702644750160033, -18.067544244242619 ], [ 26.702410427300176, -18.062188374411601 ], [ 26.706544065632329, -18.05810700397517 ], [ 26.716305671119049, -18.053426564101173 ], [ 26.72657322346728, -18.045321600226298 ], [ 26.729552310516105, -18.039677614438201 ], [ 26.736157139910642, -18.0333753166855 ], [ 26.74678783418096, -18.026425905475119 ], [ 26.752850395901131, -18.024692058069427 ], [ 26.769685013635513, -18.024417150969128 ], [ 26.782353622176672, -18.029369423601945 ], [ 26.789111787222136, -18.031093311035551 ], [ 26.799931332764181, -18.031023931174008 ], [ 26.801991045588412, -18.029172912219874 ], [ 26.806237988966757, -18.021271559324404 ], [ 26.810136282249534, -18.024822699845931 ], [ 26.815316727065458, -18.025736073405657 ], [ 26.821425296511944, -18.022472965714929 ], [ 26.824238733892198, -18.022171725949413 ], [ 26.828537829856245, -18.025734085745132 ] ] ] } },
{ "type": "Feature", "properties": { "fid": 246, "RIV_BND_": 2226, "RIV_BND_ID": 2640, "NAME": null, "IMPORTANT": 0 }, "geometry": { "type": "MultiLineString", "coordinates": [ [ [ 26.599135273820124, -18.052537029096612 ], [ 26.603150924352903, -18.05481124086295 ], [ 26.610941323737801, -18.056787510360412 ], [ 26.617266086083216, -18.057488742709776 ], [ 26.62273759289203, -18.057959227441739 ], [ 26.629821290015929, -18.058477447566165 ], [ 26.639469797874025, -18.056766444480814 ], [ 26.646462142895661, -18.056768502319649 ], [ 26.662339824672124, -18.065034737020333 ], [ 26.667725253343356, -18.068271427035931 ], [ 26.67311413135095, -18.071405410005021 ], [ 26.67668219747123, -18.074280494610978 ], [ 26.678969999977554, -18.076810052252974 ] ] ] } },
{ "type": "Feature", "properties": { "fid": 247, "RIV_BND_": 2229, "RIV_BND_ID": 2103, "NAME": "Gwayi", "IMPORTANT": 1 }, "geometry": { "type": "MultiLineString", "coordinates": [ [ [ 26.888887036567489, -18.072611027956899 ], [ 26.889325050589701, -18.069501299268484 ], [ 26.884864156491449, -18.057911375032127 ], [ 26.886054506910984, -18.044953890576842 ], [ 26.886394926683707, -18.044647682254439 ] ], [ [ 26.886216524908306, -18.03834902548839 ], [ 26.884728108145563, -18.035745727824889 ], [ 26.883802099648573, -18.026548988900359 ], [ 26.881126028348557, -18.022269785467625 ], [ 26.881309274172676, -18.016161363344608 ], [ 26.882959117441441, -18.014890673330392 ] ], [ [ 26.920805273725545, -17.995348965545872 ], [ 26.923565172270955, -17.991234025267339 ] ], [ [ 26.923921541714922, -17.988376054035101 ], [ 26.924385177667478, -17.982227595100841 ], [ 26.923834621087206, -17.977691701503321 ] ] ] } },
{ "type": "Feature", "properties": { "fid": 248, "RIV_BND_": 2235, "RIV_BND_ID": 4586, "NAME": null, "IMPORTANT": 0 }, "geometry": { "type": "MultiLineString", "coordinates": [ [ [ 26.678969999977554, -18.076810052252974 ], [ 26.681017050753077, -18.079231457640695 ], [ 26.682702508979322, -18.080375176067154 ], [ 26.684118467207945, -18.080963895132431 ], [ 26.686107659987456, -18.08156941849613 ], [ 26.688391876877979, -18.081910170159436 ], [ 26.690688919042998, -18.081942923642647 ], [ 26.692573167595118, -18.082148577896824 ], [ 26.698308894654044, -18.078114709636218 ], [ 26.700918395088582, -18.076792177568169 ] ] ] } },
{ "type": "Feature", "properties": { "fid": 249, "RIV_BND_": 2270, "RIV_BND_ID": 5451, "NAME": null, "IMPORTANT": 0 }, "geometry": { "type": "MultiLineString", "coordinates": [ [ [ 26.828537829856245, -18.025734085745132 ], [ 26.826385768440193, -18.030639503709875 ], [ 26.818524882468804, -18.038819416198596 ], [ 26.811875963014568, -18.04665184618004 ], [ 26.806746408512939, -18.057202468147917 ], [ 26.804639927404157, -18.060580513947837 ], [ 26.804064990131796, -18.066295220386458 ], [ 26.798720256964867, -18.070725976559871 ], [ 26.788795857134179, -18.0807552180732 ], [ 26.783675455963792, -18.090923122865266 ], [ 26.781898331547893, -18.096602843049315 ], [ 26.776069777247589, -18.103693346244281 ], [ 26.766989925820642, -18.112217461761318 ] ] ] } },
{ "type": "Feature", "properties": { "fid": 250, "RIV_BND_": 2275, "RIV_BND_ID": 5588, "NAME": "Gwayi", "IMPORTANT": 1 }, "geometry": { "type": "MultiLineString", "coordinates": [ [ [ 26.866586288271371, -18.095295371143443 ], [ 26.86607378901358, -18.09635003708874 ], [ 26.864722862155048, -18.103461493129522 ] ], [ [ 26.863675698974053, -18.109101600583973 ], [ 26.863014041663003, -18.118042085864975 ], [ 26.862132405798025, -18.120691572433344 ] ] ] } },
{ "type": "Feature", "properties": { "fid": 251, "RIV_BND_": 2290, "RIV_BND_ID": 2584, "NAME": "Matetsi", "IMPORTANT": 1 }, "geometry": { "type": "MultiLineString", "coordinates": [ [ [ 26.599135273820124, -18.052537029096612 ], [ 26.588953107069166, -18.064169600522018 ], [ 26.579358311909061, -18.076107291023551 ], [ 26.57254030136556, -18.088891926492284 ], [ 26.569300177778075, -18.102548041579325 ], [ 26.56481085508694, -18.10508716621241 ], [ 26.556063337595397, -18.102913241667007 ], [ 26.544611305068042, -18.097600925134273 ], [ 26.539394443852323, -18.097825192794406 ], [ 26.532368129432719, -18.104489212876572 ], [ 26.528544157437892, -18.111249997648578 ], [ 26.517038872912472, -18.120069646774663 ], [ 26.514076286426409, -18.124946049540199 ], [ 26.511599989976791, -18.12716295724513 ], [ 26.50439266534757, -18.126943607917365 ], [ 26.497160558573494, -18.127487377307567 ], [ 26.492731494360655, -18.128116317741764 ] ] ] } },
{ "type": "Feature", "properties": { "fid": 252, "RIV_BND_": 2291, "RIV_BND_ID": 3064, "NAME": null, "IMPORTANT": 0 }, "geometry": { "type": "MultiLineString", "coordinates": [ [ [ 26.341085500851612, -18.096308287513608 ], [ 26.352381866541158, -18.093987296690994 ], [ 26.362313450216995, -18.096589125346881 ], [ 26.373146543281209, -18.096162528255142 ], [ 26.385193210771032, -18.095390934231112 ], [ 26.396013918534781, -18.095344669346769 ], [ 26.403181818278238, -18.096712725126263 ], [ 26.416955598842723, -18.104396879801055 ], [ 26.434144806642124, -18.105691136211163 ], [ 26.435808681007668, -18.103832265048872 ], [ 26.435169644132078, -18.098846415620393 ], [ 26.436820708499511, -18.097369160955747 ], [ 26.444377207814153, -18.099129690611207 ], [ 26.450795058453668, -18.098944864491347 ], [ 26.457675055071117, -18.096863904415489 ], [ 26.470861078894579, -18.098032049834146 ], [ 26.483961195216267, -18.101870794878295 ], [ 26.489030158207068, -18.106227836856309 ], [ 26.488197917752167, -18.11957338635596 ], [ 26.491191443785244, -18.12615919715785 ], [ 26.492731494360655, -18.128116317741764 ] ] ] } },
{ "type": "Feature", "properties": { "fid": 253, "RIV_BND_": 2306, "RIV_BND_ID": 2796, "NAME": "Deka", "IMPORTANT": 1 }, "geometry": { "type": "MultiLineString", "coordinates": [ [ [ 26.679855746442609, -18.142903883123463 ], [ 26.685241146288671, -18.137331975235924 ], [ 26.690919627330956, -18.135207042406005 ], [ 26.703346735273609, -18.13519099727176 ], [ 26.713065595392614, -18.132037949872867 ], [ 26.718437742292377, -18.126846686921226 ], [ 26.719039635697722, -18.120369102915898 ], [ 26.717650940557178, -18.113451129091068 ], [ 26.717522825224464, -18.104659755118465 ], [ 26.719643416304756, -18.100901205787768 ], [ 26.720668937809577, -18.093671913556413 ], [ 26.71681874236404, -18.088592130177787 ], [ 26.714982414463257, -18.083189284256338 ], [ 26.709943330052425, -18.07769236957526 ], [ 26.701159008758257, -18.076670203737894 ], [ 26.700918395088582, -18.076792177568169 ] ] ] } },
{ "type": "Feature", "properties": { "fid": 254, "RIV_BND_": 2327, "RIV_BND_ID": 2245, "NAME": null, "IMPORTANT": 0 }, "geometry": { "type": "MultiLineString", "coordinates": [ [ [ 26.678969999977554, -18.076810052252974 ], [ 26.678266921317302, -18.078288281665287 ], [ 26.675190287017028, -18.086984862451136 ], [ 26.667356051464136, -18.094012481111843 ], [ 26.66605939910059, -18.097030579661382 ], [ 26.665784470115337, -18.105809869673081 ], [ 26.662909808959483, -18.108017142252564 ], [ 26.655642384740045, -18.109712098897546 ], [ 26.653968732224357, -18.111954788423276 ], [ 26.654601987657738, -18.117322429391386 ], [ 26.655247147657306, -18.122308287335596 ], [ 26.65239595694824, -18.123751926503733 ], [ 26.643562010764096, -18.124253720844724 ], [ 26.637883502552295, -18.126377169097726 ], [ 26.630299058618302, -18.125387278642066 ], [ 26.627399491170223, -18.128357265100796 ], [ 26.625264698744463, -18.132496235688464 ], [ 26.620751079508267, -18.135800078069174 ], [ 26.613943014731436, -18.135596710829653 ], [ 26.607559728183364, -18.134641816234474 ], [ 26.603470337388419, -18.137193783217985 ], [ 26.600485511404653, -18.142835080565145 ], [ 26.597184874522434, -18.145792599724405 ], [ 26.587463878956431, -18.148939384695556 ], [ 26.578822702808679, -18.155938530439776 ], [ 26.573191353672883, -18.156533176848942 ], [ 26.568822288095632, -18.155255454046461 ], [ 26.558409420215348, -18.154941466297128 ] ] ] } },
{ "type": "Feature", "properties": { "fid": 255, "RIV_BND_": 2335, "RIV_BND_ID": 1342, "NAME": "Gwayi", "IMPORTANT": 1 }, "geometry": { "type": "MultiLineString", "coordinates": [ [ [ 26.862132405798025, -18.120691572433344 ], [ 26.860329845403083, -18.129932130414133 ] ], [ [ 26.853077875443937, -18.147514302022948 ], [ 26.853186073467388, -18.15138517106244 ], [ 26.857018676309576, -18.157226310435011 ], [ 26.860943707368225, -18.160013289558464 ], [ 26.867168905103252, -18.166304773644967 ], [ 26.867935540630466, -18.167472971712936 ] ] ] } },
{ "type": "Feature", "properties": { "fid": 256, "RIV_BND_": 2340, "RIV_BND_ID": 4781, "NAME": "Matetsi", "IMPORTANT": 1 }, "geometry": { "type": "MultiLineString", "coordinates": [ [ [ 26.492731494360655, -18.128116317741764 ], [ 26.484938395170932, -18.133608767196215 ], [ 26.482424569686479, -18.136970206667804 ], [ 26.46502036866967, -18.142167766223078 ], [ 26.460879674058827, -18.14624295860526 ], [ 26.458716100191573, -18.151142801640567 ], [ 26.456778757639672, -18.161397875426381 ], [ 26.456328778407222, -18.162912114393507 ], [ 26.451386102629037, -18.166962415243784 ], [ 26.450585230888059, -18.166937815343342 ] ] ] } },
{ "type": "Feature", "properties": { "fid": 257, "RIV_BND_": 2342, "RIV_BND_ID": 2145, "NAME": "Matetsi", "IMPORTANT": 1 }, "geometry": { "type": "MultiLineString", "coordinates": [ [ [ 26.368653180822847, -18.15943501073728 ], [ 26.37151936679636, -18.15761432615637 ], [ 26.38943868359938, -18.161227858479492 ], [ 26.395457883438773, -18.161032747049454 ], [ 26.400401467539218, -18.15698402501835 ], [ 26.405169092670359, -18.15827782194668 ], [ 26.405519502963596, -18.159816663136723 ], [ 26.403741981468951, -18.165109760206281 ], [ 26.407696580777689, -18.166760291172409 ], [ 26.412226937868112, -18.163080419565489 ], [ 26.418184021119448, -18.164792763527892 ], [ 26.423790377696136, -18.164966041445442 ], [ 26.430347953384004, -18.160584254203883 ], [ 26.43560383550675, -18.159218264881051 ], [ 26.444389095934898, -18.160252891201385 ], [ 26.449396223661982, -18.166519271060778 ], [ 26.450585230888059, -18.166937815343342 ] ] ] } },
{ "type": "Feature", "properties": { "fid": 258, "RIV_BND_": 2345, "RIV_BND_ID": 741, "NAME": null, "IMPORTANT": 0 }, "geometry": { "type": "MultiLineString", "coordinates": [ [ [ 26.862132405798025, -18.120691572433344 ], [ 26.858104113160348, -18.121340595572114 ], [ 26.847779115105439, -18.131361434160254 ], [ 26.844174141186425, -18.131258063945285 ], [ 26.839414113901356, -18.129593172896652 ], [ 26.833383051441814, -18.130184077602376 ], [ 26.823996649839639, -18.135645477480825 ], [ 26.811486879263754, -18.138341634263657 ], [ 26.806598841997488, -18.140875143043431 ], [ 26.796705559811762, -18.149759157940334 ], [ 26.792264350132925, -18.150776808376438 ], [ 26.777844215658348, -18.150358657526258 ], [ 26.775735892095366, -18.153736167368482 ], [ 26.773957550716435, -18.159415672811608 ], [ 26.773392758624738, -18.164748366171697 ], [ 26.7720969820821, -18.167767309866104 ], [ 26.764285860152651, -18.17403536582475 ] ] ] } },
{ "type": "Feature", "properties": { "fid": 259, "RIV_BND_": 2366, "RIV_BND_ID": 5137, "NAME": "Deka", "IMPORTANT": 1 }, "geometry": { "type": "MultiLineString", "coordinates": [ [ [ 26.679855746442609, -18.142903883123463 ], [ 26.676651515877982, -18.142809233325078 ], [ 26.667356325178371, -18.145208635139955 ], [ 26.653863692806443, -18.153596047072519 ], [ 26.643574229518354, -18.162077630441786 ], [ 26.639801113477017, -18.167314121493284 ], [ 26.638042496425864, -18.172228523494596 ], [ 26.630214886085831, -18.178872259043676 ], [ 26.626660518339676, -18.189845714477617 ], [ 26.622934343931217, -18.193555000425107 ], [ 26.616889065551891, -18.194520543375567 ], [ 26.611717541052244, -18.19321972894415 ] ] ] } },
{ "type": "Feature", "properties": { "fid": 260, "RIV_BND_": 2367, "RIV_BND_ID": 3594, "NAME": "Gwayi", "IMPORTANT": 1 }, "geometry": { "type": "MultiLineString", "coordinates": [ [ [ 26.867935540630466, -18.167472971712936 ], [ 26.866572160129291, -18.172783289033692 ], [ 26.857869962017062, -18.182086708864137 ], [ 26.85451428491498, -18.186957747615534 ], [ 26.853550961990528, -18.192279448130225 ], [ 26.855061096543402, -18.195379471900669 ], [ 26.860612841826104, -18.197448918953118 ] ] ] } },
{ "type": "Feature", "properties": { "fid": 261, "RIV_BND_": 2374, "RIV_BND_ID": 4378, "NAME": null, "IMPORTANT": 0 }, "geometry": { "type": "MultiLineString", "coordinates": [ [ [ 26.468201265673219, -18.192310069145101 ], [ 26.475386534671056, -18.193294335313432 ], [ 26.483649534277756, -18.198131611831503 ], [ 26.486416474100672, -18.199362313994861 ], [ 26.492838149116906, -18.199176529765552 ], [ 26.501348797100146, -18.196380076253707 ], [ 26.5281996640418, -18.196815088582181 ], [ 26.535908874477101, -18.193992723348401 ], [ 26.5428656228903, -18.189619094432089 ], [ 26.555417759674686, -18.185796291821664 ], [ 26.563404724972894, -18.186801532969945 ], [ 26.569716317612613, -18.190048178873564 ], [ 26.573952247476317, -18.195524365134368 ], [ 26.575845511663932, -18.199019775692417 ], [ 26.576561567386676, -18.201715595710958 ] ] ] } },
{ "type": "Feature", "properties": { "fid": 262, "RIV_BND_": 2375, "RIV_BND_ID": 4370, "NAME": "Deka", "IMPORTANT": 1 }, "geometry": { "type": "MultiLineString", "coordinates": [ [ [ 26.611717541052244, -18.19321972894415 ], [ 26.608937567824107, -18.192372444287983 ], [ 26.598765005367081, -18.197034228798493 ], [ 26.591906221174934, -18.198356572314456 ], [ 26.578965107546534, -18.201788007979712 ], [ 26.576561567386676, -18.201715595710958 ] ] ] } },
{ "type": "Feature", "properties": { "fid": 263, "RIV_BND_": 2382, "RIV_BND_ID": 4990, "NAME": null, "IMPORTANT": 0 }, "geometry": { "type": "MultiLineString", "coordinates": [ [ [ 26.679855746442609, -18.142903883123463 ], [ 26.680902059370258, -18.147901620631469 ], [ 26.684351781995868, -18.15297030813554 ], [ 26.681297356423389, -18.160903439688585 ], [ 26.679611588637616, -18.163528048380702 ], [ 26.680245533940017, -18.16889568688007 ], [ 26.683659673668984, -18.175109511715373 ], [ 26.684646688064323, -18.182015781978752 ], [ 26.683313472319146, -18.186179092443304 ], [ 26.687588987875017, -18.190508072838345 ], [ 26.690734201752004, -18.192511238040613 ], [ 26.689987629205746, -18.203569041973239 ], [ 26.691895538660972, -18.206681854644003 ] ] ] } },
{ "type": "Feature", "properties": { "fid": 264, "RIV_BND_": 2385, "RIV_BND_ID": 1248, "NAME": null, "IMPORTANT": 0 }, "geometry": { "type": "MultiLineString", "coordinates": [ [ [ 26.784308822904176, -18.200980843404846 ], [ 26.779076635829256, -18.201593050182172 ], [ 26.765630902334504, -18.208461413063805 ], [ 26.750393089049993, -18.208399123394869 ], [ 26.745196202881889, -18.207865160519901 ], [ 26.729946796597094, -18.208182989181715 ], [ 26.724690661784074, -18.209557138134677 ], [ 26.691895538660972, -18.206681854644003 ] ] ] } },
{ "type": "Feature", "properties": { "fid": 265, "RIV_BND_": 2407, "RIV_BND_ID": 3217, "NAME": null, "IMPORTANT": 0 }, "geometry": { "type": "MultiLineString", "coordinates": [ [ [ 26.867935540630466, -18.167472971712936 ], [ 26.883136225617136, -18.168670881369831 ], [ 26.892201628660661, -18.173896198518911 ], [ 26.89774180988282, -18.176346337610592 ], [ 26.901187155206664, -18.181793629613068 ], [ 26.906773639429826, -18.182716468628641 ], [ 26.912783565176067, -18.182886851657535 ], [ 26.918542261655126, -18.191456242426053 ], [ 26.92473646577324, -18.198891545773893 ], [ 26.928205803343157, -18.203574888557043 ], [ 26.936083574757571, -18.208382682291035 ], [ 26.940434712854692, -18.210416049039587 ], [ 26.950052608415202, -18.210687104792143 ], [ 26.958744240726158, -18.215134879895011 ], [ 26.963749946617035, -18.222153501444044 ], [ 26.966374065548226, -18.228340923116775 ], [ 26.971482284239329, -18.231923351387117 ], [ 26.974299291681181, -18.231620222388791 ], [ 26.979165531422247, -18.229846080762801 ], [ 26.987147590339315, -18.231215921116902 ], [ 26.994271707289435, -18.234471967065897 ], [ 26.998268643225977, -18.234965722680744 ], [ 27.005217542792298, -18.230574253730545 ], [ 27.020882788891292, -18.22986403664255 ] ] ] } },
{ "type": "Feature", "properties": { "fid": 266, "RIV_BND_": 2430, "RIV_BND_ID": 1452, "NAME": "Gwayi", "IMPORTANT": 1 }, "geometry": { "type": "MultiLineString", "coordinates": [ [ [ 26.860612841826104, -18.197448918953118 ], [ 26.863887648503791, -18.195250040578774 ], [ 26.869485774446261, -18.195792219073304 ], [ 26.874144127641721, -18.200892472048249 ], [ 26.872391475005102, -18.205809683231379 ], [ 26.858647508883926, -18.22261066148582 ], [ 26.852816820119283, -18.229703290296083 ], [ 26.844819582937536, -18.242082712104516 ], [ 26.838714782237709, -18.244963954722113 ], [ 26.834578965355089, -18.249047879816445 ], [ 26.83450907708783, -18.251338449208269 ] ] ] } },
{ "type": "Feature", "properties": { "fid": 267, "RIV_BND_": 2440, "RIV_BND_ID": 2246, "NAME": null, "IMPORTANT": 0 }, "geometry": { "type": "MultiLineString", "coordinates": [ [ [ 26.450585230888059, -18.166937815343342 ], [ 26.44879656226037, -18.17261306553188 ], [ 26.443490680717812, -18.175505943011451 ], [ 26.435393020012757, -18.177930534716257 ], [ 26.432439814459066, -18.182423619978657 ], [ 26.424229586530966, -18.188282346240676 ], [ 26.419773708666948, -18.189672635399173 ], [ 26.407357560982877, -18.189288305107901 ], [ 26.398370260373206, -18.194357709016881 ], [ 26.386165708438348, -18.199708585776875 ], [ 26.373193726142699, -18.21611272618728 ], [ 26.369424300688518, -18.220961193041415 ], [ 26.366253714639161, -18.231940161252403 ], [ 26.357899870253917, -18.241993093925966 ], [ 26.350460309820043, -18.248636194093034 ] ] ] } },
{ "type": "Feature", "properties": { "fid": 268, "RIV_BND_": 2460, "RIV_BND_ID": 4226, "NAME": null, "IMPORTANT": 0 }, "geometry": { "type": "MultiLineString", "coordinates": [ [ [ 26.691895538660972, -18.206681854644003 ], [ 26.692930433102546, -18.212061230349757 ], [ 26.694060975309675, -18.214386979942709 ], [ 26.691537616829496, -18.21813311144712 ], [ 26.682166501240566, -18.222823093522191 ], [ 26.67841674524476, -18.227296934757479 ], [ 26.675796985522375, -18.234096444531207 ], [ 26.664241128187125, -18.244451590615736 ], [ 26.663540292675975, -18.253982180676918 ], [ 26.662241957092302, -18.257000136110499 ], [ 26.659340507004575, -18.259970382216888 ], [ 26.659548895995847, -18.266089463146031 ], [ 26.662198274875806, -18.271134904038771 ] ] ] } },
{ "type": "Feature", "properties": { "fid": 269, "RIV_BND_": 2472, "RIV_BND_ID": 4175, "NAME": "Deka", "IMPORTANT": 1 }, "geometry": { "type": "MultiLineString", "coordinates": [ [ [ 26.576561567386676, -18.201715595710958 ], [ 26.571280481276062, -18.203848788188292 ], [ 26.564663284264132, -18.210143941699034 ], [ 26.558605021595938, -18.211489150223116 ], [ 26.55567840773822, -18.215221077223923 ], [ 26.55265368250484, -18.222006348029517 ], [ 26.548561629538078, -18.22455678228485 ], [ 26.545331849529532, -18.225223060953791 ], [ 26.542404710762238, -18.228954719249565 ], [ 26.541930574070786, -18.231232553695964 ], [ 26.535773258060861, -18.235630298899494 ], [ 26.528851174527404, -18.238858409734775 ], [ 26.522570379820742, -18.247072177267572 ], [ 26.520832057066229, -18.251221643495782 ], [ 26.520474727438355, -18.262289619922527 ], [ 26.521165393374531, -18.265748889369132 ], [ 26.516208439097067, -18.270182321087059 ], [ 26.50689279413292, -18.272954595923171 ], [ 26.504401621516145, -18.275552759445024 ] ] ] } },
{ "type": "Feature", "properties": { "fid": 270, "RIV_BND_": 2473, "RIV_BND_ID": 1180, "NAME": null, "IMPORTANT": 0 }, "geometry": { "type": "MultiLineString", "coordinates": [ [ [ 26.420399305804931, -18.231713157882723 ], [ 26.429501216002677, -18.235432650761396 ], [ 26.433357518971434, -18.240135960591225 ], [ 26.435962062672733, -18.246328559060647 ], [ 26.441346411827563, -18.25337091894286 ], [ 26.443199956914551, -18.258012228390154 ], [ 26.44866007430576, -18.262764688721465 ], [ 26.454595906869415, -18.265239641545204 ], [ 26.461671632951244, -18.269659493676812 ], [ 26.468471572694092, -18.270250441508587 ], [ 26.472115389728781, -18.269216236213943 ], [ 26.483699330896997, -18.270717447624801 ], [ 26.498865473940786, -18.273091538735564 ], [ 26.504401621516145, -18.275552759445024 ] ] ] } },
{ "type": "Feature", "properties": { "fid": 271, "RIV_BND_": 2480, "RIV_BND_ID": 2954, "NAME": "Lukozi", "IMPORTANT": 1 }, "geometry": { "type": "MultiLineString", "coordinates": [ [ [ 26.860612841826104, -18.197448918953118 ], [ 26.860566605809403, -18.198975932909196 ], [ 26.856810109329864, -18.203835589764331 ], [ 26.854266915647774, -18.208347797167704 ], [ 26.850259827534803, -18.208232901810074 ], [ 26.844800675650486, -18.203109081733839 ], [ 26.840770528072678, -18.203757532777214 ], [ 26.83741392485619, -18.208628232099098 ], [ 26.836403525154012, -18.215476752869172 ], [ 26.835816804401684, -18.221573236116338 ], [ 26.833354272949123, -18.223412813672759 ], [ 26.83098464879162, -18.222198402216055 ], [ 26.830206446121807, -18.221411829707019 ], [ 26.830381011413944, -18.215685550982457 ], [ 26.828058145472145, -18.212944006879322 ], [ 26.824463290223303, -18.212458400326415 ], [ 26.820339683718931, -18.216160384918926 ], [ 26.819410047091679, -18.22033649208473 ], [ 26.819316797240791, -18.223390488616719 ], [ 26.816464921281931, -18.224836519680885 ], [ 26.811644525409623, -18.225079358586708 ], [ 26.809570686461921, -18.227311916888752 ], [ 26.809889672677098, -18.229995765828864 ], [ 26.814169598590901, -18.234322295688074 ], [ 26.814099567090032, -18.236612762239826 ], [ 26.810834984113729, -18.238428872620275 ], [ 26.800769098318554, -18.239666042317843 ], [ 26.791445949043091, -18.242834559750825 ], [ 26.785741305877902, -18.24572562359004 ], [ 26.777254458362705, -18.247771534160499 ], [ 26.770064061321218, -18.246798085674936 ], [ 26.765679147227306, -18.245906195994227 ], [ 26.7628500113059, -18.246587927162565 ], [ 26.758252891688688, -18.252567024335445 ], [ 26.755270333376693, -18.25821101701084 ], [ 26.74622809886398, -18.265206099800032 ], [ 26.737811206630884, -18.264959705796514 ], [ 26.733449813330203, -18.263303655882169 ], [ 26.72781482942468, -18.263902500792469 ], [ 26.720846699396354, -18.26866474421314 ], [ 26.714691923595115, -18.27306853104664 ], [ 26.708584320093596, -18.275945260710753 ], [ 26.704845795754387, -18.280037818935448 ], [ 26.703877061473527, -18.28535816967079 ], [ 26.70262682069577, -18.286849495281452 ] ] ] } },
{ "type": "Feature", "properties": { "fid": 272, "RIV_BND_": 2482, "RIV_BND_ID": 3156, "NAME": null, "IMPORTANT": 0 }, "geometry": { "type": "MultiLineString", "coordinates": [ [ [ 26.35005407460763, -18.260847266144733 ], [ 26.3606440180974, -18.268054664958278 ], [ 26.368645022304452, -18.268686734006248 ], [ 26.375043467297207, -18.269268467576577 ], [ 26.377409793359522, -18.270488298949797 ], [ 26.384985130556526, -18.271870389670422 ], [ 26.391708890295067, -18.27475370103841 ], [ 26.404544110638337, -18.274770675649762 ], [ 26.407412149126678, -18.272949666410792 ], [ 26.415401356472767, -18.273961387300634 ], [ 26.419783947312755, -18.274861182044447 ], [ 26.428637457811391, -18.273989135117422 ], [ 26.436176287469731, -18.276514177208877 ], [ 26.459732495040456, -18.27991428163978 ], [ 26.464491634901755, -18.281588697780087 ], [ 26.473684054587462, -18.282635054325205 ], [ 26.477629314397806, -18.284666172710814 ] ] ] } },
{ "type": "Feature", "properties": { "fid": 273, "RIV_BND_": 2495, "RIV_BND_ID": 4780, "NAME": "Deka", "IMPORTANT": 1 }, "geometry": { "type": "MultiLineString", "coordinates": [ [ [ 26.504401621516145, -18.275552759445024 ], [ 26.503063463829392, -18.27971412156581 ], [ 26.502390615349412, -18.288098145348869 ], [ 26.498721640715807, -18.28989621182544 ], [ 26.494713940149673, -18.28977368297134 ], [ 26.484529312947121, -18.282203560868851 ], [ 26.480897577409277, -18.282856258228506 ], [ 26.477629314397806, -18.284666172710814 ] ] ] } },
{ "type": "Feature", "properties": { "fid": 274, "RIV_BND_": 2498, "RIV_BND_ID": 2070, "NAME": "Gwayi", "IMPORTANT": 1 }, "geometry": { "type": "MultiLineString", "coordinates": [ [ [ 26.83450907708783, -18.251338449208269 ], [ 26.836855846678162, -18.253316373013615 ], [ 26.854834460643922, -18.25574325605761 ], [ 26.871106543582126, -18.261558511805312 ], [ 26.879774985581207, -18.266773440995124 ], [ 26.886004108731253, -18.273064641974312 ], [ 26.890939067583222, -18.282375669221938 ], [ 26.892839880265988, -18.285868632742567 ], [ 26.898623378450129, -18.293675297146141 ], [ 26.903400014330348, -18.294957496774867 ], [ 26.908291489676579, -18.292421856114402 ], [ 26.914683162974239, -18.293367569517081 ], [ 26.916183737076732, -18.29684899577925 ] ] ] } },
{ "type": "Feature", "properties": { "fid": 275, "RIV_BND_": 2499, "RIV_BND_ID": 1547, "NAME": null, "IMPORTANT": 0 }, "geometry": { "type": "MultiLineString", "coordinates": [ [ [ 27.110929065939512, -18.251070418906874 ], [ 27.10405888189274, -18.252793129724434 ], [ 27.093658007139993, -18.251743870145926 ], [ 27.086552959805598, -18.24772763404906 ], [ 27.081430541563059, -18.244529849400294 ], [ 27.071798779744274, -18.244647019623621 ], [ 27.05726756915811, -18.247685333695934 ], [ 27.052757822681823, -18.250999848900598 ], [ 27.040297431076773, -18.251801415129602 ], [ 27.035798296237541, -18.254733592232355 ], [ 27.034644085323777, -18.255979202391714 ], [ 27.033067411911567, -18.256568330921954 ], [ 27.031955585703891, -18.256986474209789 ], [ 27.030525225398016, -18.257545463482025 ], [ 27.027856642829601, -18.257471526565816 ], [ 27.025192498713235, -18.257248037201851 ], [ 27.023003711428434, -18.256888039214189 ], [ 27.020496779759416, -18.256668865622917 ], [ 27.016926080867218, -18.255223034893064 ], [ 27.014471915138436, -18.253209597573065 ], [ 27.011699372843967, -18.251336883823438 ], [ 27.00843850562401, -18.25004913574578 ], [ 27.003141616470277, -18.248554966832472 ], [ 26.997970829266915, -18.248111747700403 ], [ 26.993858894883392, -18.249044576571752 ], [ 26.990379259795759, -18.249845398905801 ], [ 26.987684279075967, -18.250667949959048 ], [ 26.984900119183976, -18.25293330021281 ], [ 26.982861940952812, -18.254022580334674 ], [ 26.97506453650999, -18.259917761554071 ], [ 26.957199227511005, -18.267057923355424 ], [ 26.947796708562805, -18.272906674210013 ], [ 26.941188642139807, -18.279215919038894 ], [ 26.935794249442065, -18.2851772015824 ], [ 26.927615917358938, -18.290295243210746 ], [ 26.923904507478905, -18.293629020444747 ], [ 26.917787460646899, -18.29689451368316 ], [ 26.916183737076732, -18.29684899577925 ] ] ] } },
{ "type": "Feature", "properties": { "fid": 276, "RIV_BND_": 2502, "RIV_BND_ID": 5632, "NAME": null, "IMPORTANT": 0 }, "geometry": { "type": "MultiLineString", "coordinates": [ [ [ 27.150052162292379, -18.304726934929089 ], [ 27.149907708293807, -18.304866298081098 ] ] ] } },
{ "type": "Feature", "properties": { "fid": 277, "RIV_BND_": 2514, "RIV_BND_ID": 780, "NAME": "Deka", "IMPORTANT": 1 }, "geometry": { "type": "MultiLineString", "coordinates": [ [ [ 26.477629314397806, -18.284666172710814 ], [ 26.474699887161471, -18.288396553000972 ], [ 26.472646308016902, -18.289861567277004 ], [ 26.464229961624628, -18.289603018652137 ], [ 26.459057579026311, -18.288297899153775 ], [ 26.456164758075516, -18.290883001497328 ], [ 26.453973765658532, -18.296545769057033 ], [ 26.450241789739323, -18.300250869630581 ], [ 26.44885224219637, -18.30593829069111 ], [ 26.446798255953585, -18.307402972252724 ], [ 26.440810978117195, -18.306454238341704 ], [ 26.437229029458855, -18.305579546962687 ], [ 26.433959954376434, -18.307388601319676 ], [ 26.433884795389009, -18.309678331621104 ] ] ] } },
{ "type": "Feature", "properties": { "fid": 278, "RIV_BND_": 2520, "RIV_BND_ID": 3384, "NAME": null, "IMPORTANT": 0 }, "geometry": { "type": "MultiLineString", "coordinates": [ [ [ 26.611717541052244, -18.19321972894415 ], [ 26.609994128656517, -18.196988584117349 ], [ 26.604628671484384, -18.201794537917468 ], [ 26.597247668780465, -18.206921908976017 ], [ 26.597126319166701, -18.210738680565942 ], [ 26.605649623682282, -18.22016336799021 ], [ 26.606147824052158, -18.229729474329734 ], [ 26.603100464286886, -18.237279046480843 ], [ 26.603671445781103, -18.244555055760411 ], [ 26.604812833487284, -18.246499514769749 ], [ 26.604946638819889, -18.254908523864859 ], [ 26.608832843291498, -18.258845506643205 ], [ 26.616034105084413, -18.259443209095551 ], [ 26.620236708854954, -18.266063781839645 ], [ 26.622058929576056, -18.271849014470977 ], [ 26.625508812812996, -18.276918793979974 ], [ 26.625315337154202, -18.283025798666191 ], [ 26.618053203724482, -18.296944270897551 ], [ 26.613279950366579, -18.308262695570019 ], [ 26.607509891180339, -18.313056296494306 ], [ 26.598569186166941, -18.316608250189358 ] ] ] } },
{ "type": "Feature", "properties": { "fid": 279, "RIV_BND_": 2524, "RIV_BND_ID": 3752, "NAME": "Gwayi", "IMPORTANT": 1 }, "geometry": { "type": "MultiLineString", "coordinates": [ [ [ 26.916183737076732, -18.29684899577925 ], [ 26.916194685066497, -18.309840666866148 ], [ 26.920754023268639, -18.318376144695527 ], [ 26.923858750807636, -18.32190303719489 ], [ 26.92381281707091, -18.323430162726844 ] ] ] } },
{ "type": "Feature", "properties": { "fid": 280, "RIV_BND_": 2525, "RIV_BND_ID": 2481, "NAME": null, "IMPORTANT": 0 }, "geometry": { "type": "MultiLineString", "coordinates": [ [ [ 26.307567798724353, -18.28395876397154 ], [ 26.319550613893632, -18.285482517943073 ], [ 26.331794293438261, -18.291215645269819 ], [ 26.338244080844419, -18.2902723666949 ], [ 26.349388095447868, -18.292913925761631 ], [ 26.35761322312803, -18.298901504699174 ], [ 26.373529586402082, -18.30283715029983 ], [ 26.381718189193379, -18.309968626857852 ], [ 26.384359700713322, -18.315017020592897 ], [ 26.387528194204638, -18.316261769078707 ], [ 26.397961603950311, -18.31620456614997 ], [ 26.39953971036314, -18.317017682065618 ], [ 26.410762577767933, -18.317366307080082 ], [ 26.418690913689687, -18.320286283396193 ], [ 26.422411223118647, -18.316963493817148 ], [ 26.422448887154172, -18.315818609753919 ], [ 26.429826535141714, -18.311080916897133 ], [ 26.433884795389009, -18.309678331621104 ] ] ] } },
{ "type": "Feature", "properties": { "fid": 281, "RIV_BND_": 2529, "RIV_BND_ID": 274, "NAME": null, "IMPORTANT": 0 }, "geometry": { "type": "MultiLineString", "coordinates": [ [ [ 26.83450907708783, -18.251338449208269 ], [ 26.83079719199548, -18.254670335115172 ], [ 26.829977060608599, -18.268401722836892 ], [ 26.829813974857256, -18.273746274060546 ], [ 26.827280746632749, -18.277876160767732 ], [ 26.826082550965541, -18.290832465291238 ], [ 26.825425008723396, -18.299219341173703 ], [ 26.823739484636192, -18.301845271965693 ], [ 26.823906944058518, -18.309491732456724 ], [ 26.827021249409388, -18.312638301007613 ], [ 26.830629620874436, -18.312742379530714 ], [ 26.834720696513742, -18.310185626188375 ], [ 26.83993288636136, -18.310335738250817 ], [ 26.845830712070121, -18.314326287498492 ], [ 26.850206312562548, -18.315598250669783 ], [ 26.851327953517973, -18.318305101418169 ], [ 26.851792875837333, -18.329398945038125 ] ] ] } },
{ "type": "Feature", "properties": { "fid": 282, "RIV_BND_": 2545, "RIV_BND_ID": 5200, "NAME": "Deka", "IMPORTANT": 1 }, "geometry": { "type": "MultiLineString", "coordinates": [ [ [ 26.433884795389009, -18.309678331621104 ], [ 26.437404579180523, -18.312461196172897 ], [ 26.441349944432972, -18.31449309028557 ], [ 26.442890759918878, -18.316450711734149 ], [ 26.442765558221154, -18.320267001244535 ], [ 26.431191112599826, -18.330605623457743 ], [ 26.423411735015552, -18.33533086163267 ], [ 26.422998505338352, -18.335700086854548 ] ] ] } },
{ "type": "Feature", "properties": { "fid": 283, "RIV_BND_": 2548, "RIV_BND_ID": 1078, "NAME": "Gwayi", "IMPORTANT": 1 }, "geometry": { "type": "MultiLineString", "coordinates": [ [ [ 26.92381281707091, -18.323430162726844 ], [ 26.926196062782648, -18.324261910099946 ], [ 26.929174956738105, -18.331988282427147 ], [ 26.93115723669246, -18.332808558939593 ], [ 26.936026639171054, -18.331035855524732 ], [ 26.949912128179626, -18.323021862531927 ], [ 26.95758828574062, -18.321327686511029 ], [ 26.966799936574038, -18.321969014453678 ], [ 26.97351494468267, -18.325596736946355 ], [ 26.986923016805683, -18.333614932612509 ], [ 26.994028680993331, -18.337634965620417 ], [ 27.00669310163337, -18.343720643281529 ], [ 27.013867213299537, -18.34544924444026 ], [ 27.026679066803773, -18.346570181630206 ], [ 27.031558317507347, -18.348148576174278 ] ] ] } },
{ "type": "Feature", "properties": { "fid": 284, "RIV_BND_": 2550, "RIV_BND_ID": 2109, "NAME": null, "IMPORTANT": 0 }, "geometry": { "type": "MultiLineString", "coordinates": [ [ [ 27.031558317507347, -18.348148576174278 ], [ 27.031611478339254, -18.348165776396584 ], [ 27.031848252015095, -18.34824234330662 ], [ 27.03348626257203, -18.347141566291661 ], [ 27.047914234331145, -18.347923859599394 ], [ 27.057918986870625, -18.348965026030175 ], [ 27.069651115152304, -18.345849994630964 ], [ 27.081706227809402, -18.345417934379295 ], [ 27.087766922900823, -18.344056132741105 ], [ 27.09819535724332, -18.344342546080803 ], [ 27.105315504406423, -18.347976940769861 ], [ 27.11169998824268, -18.349298104182594 ], [ 27.119019288896709, -18.346059159760141 ], [ 27.128678908500255, -18.345176505042708 ], [ 27.135964773759575, -18.343082313604967 ], [ 27.153723069799536, -18.339743881520196 ], [ 27.165365944880147, -18.339677439133176 ], [ 27.174547597243702, -18.341454424007903 ] ] ] } },
{ "type": "Feature", "properties": { "fid": 285, "RIV_BND_": 2552, "RIV_BND_ID": 5199, "NAME": null, "IMPORTANT": 0 }, "geometry": { "type": "MultiLineString", "coordinates": [ [ [ 26.92381281707091, -18.323430162726844 ], [ 26.919310225000192, -18.326359285112002 ], [ 26.918691239660181, -18.333601556713212 ], [ 26.913741137224431, -18.338046186188741 ], [ 26.893906522487736, -18.343595240581536 ], [ 26.887844791368771, -18.34495071510884 ], [ 26.882492685519818, -18.349382985551713 ], [ 26.876110664806159, -18.348054231268939 ], [ 26.872914052438265, -18.347580624956922 ], [ 26.870083644600296, -18.348263812557981 ] ] ] } },
{ "type": "Feature", "properties": { "fid": 286, "RIV_BND_": 2553, "RIV_BND_ID": 3446, "NAME": "Gwayi", "IMPORTANT": 1 }, "geometry": { "type": "MultiLineString", "coordinates": [ [ [ 27.031969479088456, -18.351036509373923 ], [ 27.031558317507347, -18.348148576174278 ] ] ] } },
{ "type": "Feature", "properties": { "fid": 287, "RIV_BND_": 2557, "RIV_BND_ID": 2682, "NAME": null, "IMPORTANT": 0 }, "geometry": { "type": "MultiLineString", "coordinates": [ [ [ 27.193182568583786, -18.344400144828473 ], [ 27.187522925957293, -18.350976016968524 ], [ 27.185018078883058, -18.354347692863129 ] ] ] } },
{ "type": "Feature", "properties": { "fid": 288, "RIV_BND_": 2560, "RIV_BND_ID": 3291, "NAME": null, "IMPORTANT": 0 }, "geometry": { "type": "MultiLineString", "coordinates": [ [ [ 27.031969479088456, -18.351036509373923 ], [ 27.026866640808493, -18.353835577074257 ], [ 27.015545828441685, -18.356577270466413 ] ] ] } },
{ "type": "Feature", "properties": { "fid": 289, "RIV_BND_": 2563, "RIV_BND_ID": 5116, "NAME": "Gwayi", "IMPORTANT": 1 }, "geometry": { "type": "MultiLineString", "coordinates": [ [ [ 27.037539230175696, -18.359481721998748 ], [ 27.03413116528554, -18.352509045634459 ], [ 27.032170721711342, -18.350926151665654 ], [ 27.031969479088456, -18.351036509373923 ] ] ] } },
{ "type": "Feature", "properties": { "fid": 290, "RIV_BND_": 2564, "RIV_BND_ID": 81, "NAME": null, "IMPORTANT": 0 }, "geometry": { "type": "MultiLineString", "coordinates": [ [ [ 26.870083644600296, -18.348263812557981 ], [ 26.857558628973916, -18.350961422317209 ], [ 26.84712006779564, -18.351043595559474 ], [ 26.841011270068609, -18.3539244789545 ], [ 26.828555674084722, -18.354329553235907 ], [ 26.821866598405595, -18.349933561697977 ], [ 26.816629984913295, -18.350546338858123 ], [ 26.811712183572116, -18.353842733596299 ], [ 26.799563833257263, -18.357311475158227 ], [ 26.795105359714707, -18.358710350621937 ] ] ] } },
{ "type": "Feature", "properties": { "fid": 291, "RIV_BND_": 2566, "RIV_BND_ID": 437, "NAME": "Lukozi", "IMPORTANT": 1 }, "geometry": { "type": "MultiLineString", "coordinates": [ [ [ 26.70262682069577, -18.286849495281452 ], [ 26.692073480597372, -18.290740683894509 ], [ 26.686461541165759, -18.290574769935731 ], [ 26.679838817020116, -18.284265843592411 ], [ 26.675040878976439, -18.283741682025724 ], [ 26.673377603581933, -18.285602636635755 ], [ 26.674424268107334, -18.290600417657959 ], [ 26.67825287929713, -18.296444737443331 ], [ 26.680454281276631, -18.303004934682495 ], [ 26.682386749966945, -18.305354494961698 ], [ 26.689626598943605, -18.304804587186478 ], [ 26.693270293373363, -18.30376610109764 ], [ 26.695215007358598, -18.305733830345964 ], [ 26.694742295902664, -18.308012229531009 ], [ 26.687298848990622, -18.315051327529062 ], [ 26.680884446256847, -18.314861459592297 ], [ 26.670605159846833, -18.309972094924532 ], [ 26.66735002242039, -18.311403722720094 ], [ 26.665141202586902, -18.317833022470854 ], [ 26.656882261838543, -18.325228651188485 ], [ 26.654989493227873, -18.334341607369563 ], [ 26.64755525018607, -18.340997119208733 ], [ 26.647714867066451, -18.348642854845824 ], [ 26.641093935684985, -18.354940263398408 ], [ 26.640219429068981, -18.357206472121057 ] ] ] } },
{ "type": "Feature", "properties": { "fid": 292, "RIV_BND_": 2579, "RIV_BND_ID": 4989, "NAME": null, "IMPORTANT": 0 }, "geometry": { "type": "MultiLineString", "coordinates": [ [ [ 26.285377695886158, -18.299682235673984 ], [ 26.291529868224799, -18.295675326622316 ], [ 26.294335000425363, -18.29576405939536 ], [ 26.30167966597546, -18.304017952980871 ], [ 26.305094335700403, -18.309855611087443 ], [ 26.309775531621128, -18.313823280603412 ], [ 26.316550247930703, -18.315182906215327 ], [ 26.31883976443644, -18.318692973765152 ], [ 26.319100133276535, -18.322903046949566 ], [ 26.319232274210375, -18.330928904883127 ], [ 26.321458287909188, -18.336346936620561 ], [ 26.328882545384513, -18.342310564339883 ], [ 26.341556701525082, -18.347293062162297 ], [ 26.353906928812123, -18.349972624466719 ], [ 26.35927765636232, -18.35739882961359 ], [ 26.367143390184058, -18.362229021571821 ] ] ] } },
{ "type": "Feature", "properties": { "fid": 293, "RIV_BND_": 2580, "RIV_BND_ID": 3731, "NAME": null, "IMPORTANT": 0 }, "geometry": { "type": "MultiLineString", "coordinates": [ [ [ 26.70262682069577, -18.286849495281452 ], [ 26.703249534327636, -18.292598838204338 ], [ 26.704285162595987, -18.297978205109981 ], [ 26.705416092731042, -18.300303944367094 ], [ 26.70487203457742, -18.304872640355367 ], [ 26.703173097756334, -18.307879093552526 ], [ 26.694503234974537, -18.315646423792927 ], [ 26.693988843432926, -18.332059793838013 ], [ 26.69586187830755, -18.336317780791394 ], [ 26.704821148719276, -18.344987689175404 ], [ 26.712697634108768, -18.349804653459476 ], [ 26.712435117978259, -18.358202296659627 ], [ 26.708269671612598, -18.363046267653203 ], [ 26.701320809939073, -18.367043822094764 ], [ 26.701709780304078, -18.367437368394999 ] ] ] } },
{ "type": "Feature", "properties": { "fid": 294, "RIV_BND_": 2581, "RIV_BND_ID": 4504, "NAME": "Deka", "IMPORTANT": 1 }, "geometry": { "type": "MultiLineString", "coordinates": [ [ [ 26.422998505338352, -18.335700086854548 ], [ 26.408214870787027, -18.345937585487039 ], [ 26.395421605180406, -18.356617764486952 ], [ 26.390935820775319, -18.35877003474771 ], [ 26.385158842156137, -18.363555933893238 ], [ 26.381913590153239, -18.364600654853678 ] ] ] } },
{ "type": "Feature", "properties": { "fid": 295, "RIV_BND_": 2582, "RIV_BND_ID": 2065, "NAME": "Deka", "IMPORTANT": 1 }, "geometry": { "type": "MultiLineString", "coordinates": [ [ [ 26.367143390184058, -18.362229021571821 ], [ 26.370139877238589, -18.356592864043602 ], [ 26.374174115032936, -18.355954971515942 ], [ 26.377680770282701, -18.359120530678641 ], [ 26.379934370706138, -18.363774844671539 ], [ 26.381913590153239, -18.364600654853678 ] ] ] } },
{ "type": "Feature", "properties": { "fid": 296, "RIV_BND_": 2604, "RIV_BND_ID": 1729, "NAME": "Gwayi", "IMPORTANT": 1 }, "geometry": { "type": "MultiLineString", "coordinates": [ [ [ 27.037539230175696, -18.359481721998748 ], [ 27.045828024304388, -18.364297084762633 ], [ 27.049393445276365, -18.365924329206464 ], [ 27.052479371488719, -18.370213074052891 ], [ 27.053035529911483, -18.378635002016036 ], [ 27.054873383505814, -18.384417632185055 ], [ 27.052766763143211, -18.387798365556531 ], [ 27.051964404357211, -18.387776170912989 ] ] ] } },
{ "type": "Feature", "properties": { "fid": 297, "RIV_BND_": 2605, "RIV_BND_ID": 2349, "NAME": null, "IMPORTANT": 0 }, "geometry": { "type": "MultiLineString", "coordinates": [ [ [ 26.870083644600296, -18.348263812557981 ], [ 26.870688772603692, -18.354776655102619 ], [ 26.866870611235356, -18.361544881353609 ], [ 26.861151140070376, -18.364819650600314 ], [ 26.85462931340972, -18.36807114539268 ], [ 26.852001943353979, -18.375255323250819 ], [ 26.849339306534262, -18.38358464871995 ], [ 26.847263782032751, -18.385817435352713 ] ] ] } },
{ "type": "Feature", "properties": { "fid": 298, "RIV_BND_": 2608, "RIV_BND_ID": 5352, "NAME": null, "IMPORTANT": 0 }, "geometry": { "type": "MultiLineString", "coordinates": [ [ [ 26.847263782032751, -18.385817435352713 ], [ 26.843630445016593, -18.386477020896873 ], [ 26.842392030805016, -18.387587608418102 ] ] ] } },
{ "type": "Feature", "properties": { "fid": 299, "RIV_BND_": 2614, "RIV_BND_ID": 3147, "NAME": null, "IMPORTANT": 0 }, "geometry": { "type": "MultiLineString", "coordinates": [ [ [ 27.037539230175696, -18.359481721998748 ], [ 27.030574204544052, -18.364255713257091 ], [ 27.027485130387909, -18.373722690605941 ], [ 27.017587325375928, -18.382617730926025 ], [ 27.015892487458309, -18.38562735309154 ], [ 27.01014072828033, -18.390052152651634 ], [ 27.002382682514284, -18.394420724148638 ], [ 27.002772554868908, -18.394813730096626 ] ] ] } },
{ "type": "Feature", "properties": { "fid": 300, "RIV_BND_": 2619, "RIV_BND_ID": 4185, "NAME": null, "IMPORTANT": 0 }, "geometry": { "type": "MultiLineString", "coordinates": [ [ [ 27.263323308694659, -18.345941220473154 ], [ 27.261917202456662, -18.346471428759681 ], [ 27.255728186935336, -18.35242115655722 ], [ 27.252683662847655, -18.360747299809674 ], [ 27.251884637159307, -18.374865274128066 ], [ 27.247234462940206, -18.383148486521019 ], [ 27.242247451611963, -18.389129738301904 ], [ 27.236696737099464, -18.400827822254069 ] ] ] } },
{ "type": "Feature", "properties": { "fid": 301, "RIV_BND_": 2626, "RIV_BND_ID": 4652, "NAME": "Deka", "IMPORTANT": 1 }, "geometry": { "type": "MultiLineString", "coordinates": [ [ [ 26.367143390184058, -18.362229021571821 ], [ 26.367028959350488, -18.365663418580237 ], [ 26.361289196097786, -18.369303660690534 ], [ 26.350362818432032, -18.372017025020462 ], [ 26.348307004854419, -18.373480428713982 ], [ 26.342719659275129, -18.372540978991378 ], [ 26.337209156087706, -18.369311779179704 ], [ 26.334790678245181, -18.369617710398185 ], [ 26.335089736772243, -18.372683015666524 ], [ 26.33780670126205, -18.375442392802746 ], [ 26.340988456692426, -18.376306474345238 ], [ 26.343291988706827, -18.379434791068402 ], [ 26.341236407516703, -18.380898103726022 ], [ 26.336851495296738, -18.379996209917323 ], [ 26.332854981757354, -18.379488509388739 ], [ 26.329170044111827, -18.381664354338369 ], [ 26.325216153331606, -18.391853379093586 ], [ 26.319500550876331, -18.394728984009287 ], [ 26.311545387583983, -18.392567819710067 ], [ 26.299879284156113, -18.393344739370139 ], [ 26.293515433954404, -18.391615227398265 ], [ 26.287074841289609, -18.39217492742246 ], [ 26.285057263034631, -18.392492879986861 ] ] ] } },
{ "type": "Feature", "properties": { "fid": 302, "RIV_BND_": 2627, "RIV_BND_ID": 2880, "NAME": null, "IMPORTANT": 0 }, "geometry": { "type": "MultiLineString", "coordinates": [ [ [ 27.015545828441685, -18.356577270466413 ], [ 27.001840727169682, -18.358487343162281 ], [ 26.99455310282886, -18.360576196211948 ], [ 26.981892079411125, -18.367863522234124 ], [ 26.969332427393407, -18.371713889392339 ], [ 26.955500487204393, -18.377820081775656 ], [ 26.94617162326325, -18.380995654621888 ], [ 26.940040218184166, -18.384643352102572 ], [ 26.927089006153615, -18.388097531505732 ], [ 26.92015460273775, -18.391721793676162 ], [ 26.915557963166773, -18.397704734729512 ], [ 26.913746211730267, -18.40453091264088 ] ] ] } },
{ "type": "Feature", "properties": { "fid": 303, "RIV_BND_": 2633, "RIV_BND_ID": 4731, "NAME": null, "IMPORTANT": 0 }, "geometry": { "type": "MultiLineString", "coordinates": [ [ [ 26.422998505338352, -18.335700086854548 ], [ 26.425578421252411, -18.342656159053913 ], [ 26.424676192220939, -18.345684238603148 ], [ 26.414752966356698, -18.354544701765445 ], [ 26.413399388672744, -18.359086759255124 ], [ 26.413447731081391, -18.369784444201791 ], [ 26.415175105563822, -18.378242193185336 ], [ 26.420874970592841, -18.387969189162519 ], [ 26.419619894422869, -18.401682469384955 ], [ 26.418316101662185, -18.404698012416048 ] ] ] } },
{ "type": "Feature", "properties": { "fid": 304, "RIV_BND_": 2636, "RIV_BND_ID": 4241, "NAME": null, "IMPORTANT": 0 }, "geometry": { "type": "MultiLineString", "coordinates": [ [ [ 27.015545828441685, -18.356577270466413 ], [ 27.009591989230771, -18.367874501073004 ], [ 27.007371856478656, -18.375072575229282 ], [ 27.00118512252579, -18.380631329293905 ], [ 26.991845371528385, -18.384191014299208 ], [ 26.982081414554923, -18.388502537921617 ], [ 26.969841914831242, -18.395036530455656 ], [ 26.955194069522488, -18.401501713325608 ], [ 26.936418897933642, -18.411669860788628 ] ] ] } },
{ "type": "Feature", "properties": { "fid": 305, "RIV_BND_": 2650, "RIV_BND_ID": 1769, "NAME": "Gwayi", "IMPORTANT": 1 }, "geometry": { "type": "MultiLineString", "coordinates": [ [ [ 27.051964404357211, -18.387776170912989 ], [ 27.050660150820804, -18.391179067736775 ], [ 27.046067514688822, -18.397165636168651 ], [ 27.045899293780273, -18.402892656286763 ], [ 27.048996997091784, -18.406799713717295 ], [ 27.052184373234088, -18.407652247992075 ], [ 27.056586663907719, -18.408156270255731 ], [ 27.059684708424911, -18.412063182433901 ], [ 27.062090736943809, -18.425885877207222 ] ] ] } },
{ "type": "Feature", "properties": { "fid": 306, "RIV_BND_": 2652, "RIV_BND_ID": 3004, "NAME": null, "IMPORTANT": 0 }, "geometry": { "type": "MultiLineString", "coordinates": [ [ [ 26.418316101662185, -18.404698012416048 ], [ 26.425734048884635, -18.41104025709868 ], [ 26.434895333946461, -18.413234171209737 ], [ 26.441437316445541, -18.409616520831243 ], [ 26.448230167540601, -18.410590476851933 ], [ 26.457341333150193, -18.414309805152076 ], [ 26.463883276704575, -18.4106913325577 ], [ 26.469072011294443, -18.411615157049074 ], [ 26.477369404671773, -18.415690521869298 ], [ 26.482045285474566, -18.420036395483379 ], [ 26.491997549508479, -18.422633944679273 ], [ 26.495983435356937, -18.423520150748999 ], [ 26.505684038069496, -18.421525043133432 ] ] ] } },
{ "type": "Feature", "properties": { "fid": 307, "RIV_BND_": 2666, "RIV_BND_ID": 3225, "NAME": "Lukozi", "IMPORTANT": 1 }, "geometry": { "type": "MultiLineString", "coordinates": [ [ [ 26.640219429068981, -18.357206472121057 ], [ 26.635298619726157, -18.360497917525841 ], [ 26.623658337219066, -18.37313933996095 ], [ 26.613122438028771, -18.388869333959885 ], [ 26.606146246618536, -18.393626443395142 ], [ 26.596799910290166, -18.397165768699047 ], [ 26.588448666572756, -18.407229256789556 ], [ 26.580996662946085, -18.414263153670213 ], [ 26.5704087957238, -18.418909631614873 ], [ 26.56708941749109, -18.422247520759292 ], [ 26.567768984281805, -18.426088428681972 ], [ 26.570052890409261, -18.429977861884922 ], [ 26.576348460974391, -18.433988607743295 ] ] ] } },
{ "type": "Feature", "properties": { "fid": 308, "RIV_BND_": 2671, "RIV_BND_ID": 4301, "NAME": "Gwayi", "IMPORTANT": 1 }, "geometry": { "type": "MultiLineString", "coordinates": [ [ [ 27.062090736943809, -18.425885877207222 ], [ 27.066805395647854, -18.429455292726747 ], [ 27.075533152708456, -18.433135330945365 ], [ 27.081998398971464, -18.431785110563702 ], [ 27.090403344920997, -18.432780768565557 ], [ 27.096333858684254, -18.436000771953481 ], [ 27.101071869504405, -18.43880577055581 ], [ 27.107404225327869, -18.442036500779029 ] ] ] } },
{ "type": "Feature", "properties": { "fid": 309, "RIV_BND_": 2674, "RIV_BND_ID": 5246, "NAME": null, "IMPORTANT": 0 }, "geometry": { "type": "MultiLineString", "coordinates": [ [ [ 27.23055450290456, -18.362449512276736 ], [ 27.2275626240924, -18.368865898386865 ], [ 27.222217430324349, -18.373308375943473 ], [ 27.213727402511232, -18.375373586193266 ], [ 27.202211422919365, -18.384999697723675 ], [ 27.175403626760382, -18.395740537270928 ], [ 27.173711145384669, -18.398751799262655 ], [ 27.172722848173649, -18.405221275628218 ], [ 27.163621274837801, -18.414527989870535 ], [ 27.158207250599272, -18.421259425880329 ], [ 27.152858717263033, -18.425699706209585 ], [ 27.149494345262987, -18.430958027196489 ], [ 27.142941345037741, -18.435365189190449 ], [ 27.141126783639141, -18.442576192393965 ], [ 27.138619595065066, -18.445946993066439 ] ] ] } },
{ "type": "Feature", "properties": { "fid": 310, "RIV_BND_": 2675, "RIV_BND_ID": 3042, "NAME": "Gwayi", "IMPORTANT": 1 }, "geometry": { "type": "MultiLineString", "coordinates": [ [ [ 27.107404225327869, -18.442036500779029 ], [ 27.127816579084868, -18.444505804119785 ], [ 27.136233630455859, -18.445117678463685 ], [ 27.138619595065066, -18.445946993066439 ] ] ] } },
{ "type": "Feature", "properties": { "fid": 311, "RIV_BND_": 2678, "RIV_BND_ID": 3026, "NAME": null, "IMPORTANT": 0 }, "geometry": { "type": "MultiLineString", "coordinates": [ [ [ 26.795105359714707, -18.358710350621937 ], [ 26.792145227835327, -18.363591368801156 ], [ 26.791603026373643, -18.368160508823447 ], [ 26.785410614300652, -18.373711572624412 ], [ 26.78453769591454, -18.375978635407211 ], [ 26.783724135528818, -18.389327541920903 ], [ 26.783547203789805, -18.395053535343646 ], [ 26.787818304441178, -18.399762721028459 ], [ 26.784491474074049, -18.416477118488398 ], [ 26.784857350357569, -18.430624467183314 ], [ 26.790946615427806, -18.441499743171107 ], [ 26.791654765110252, -18.444576942250368 ] ] ] } },
{ "type": "Feature", "properties": { "fid": 312, "RIV_BND_": 2711, "RIV_BND_ID": 4222, "NAME": null, "IMPORTANT": 0 }, "geometry": { "type": "MultiLineString", "coordinates": [ [ [ 27.062090736943809, -18.425885877207222 ], [ 27.060028430684202, -18.427739414415093 ], [ 27.059470350559284, -18.433073597127631 ], [ 27.060506313864433, -18.438834000267168 ], [ 27.057986613579402, -18.442585409474706 ], [ 27.057684051676514, -18.452894138831653 ], [ 27.053468980941481, -18.459655418279315 ], [ 27.046488690300492, -18.46481137928026 ], [ 27.044013127817426, -18.467035368519355 ] ] ] } },
{ "type": "Feature", "properties": { "fid": 313, "RIV_BND_": 2722, "RIV_BND_ID": 3683, "NAME": null, "IMPORTANT": 0 }, "geometry": { "type": "MultiLineString", "coordinates": [ [ [ 26.842392030805016, -18.387587608418102 ], [ 26.83674138978137, -18.38857104225357 ], [ 26.8297820685838, -18.392955248114394 ], [ 26.823706785421098, -18.394690129774343 ], [ 26.814647458725986, -18.402069659172398 ], [ 26.806896530923794, -18.406047948136418 ], [ 26.794556089221235, -18.415623665568823 ], [ 26.795606568578847, -18.420621178066039 ], [ 26.799052381202245, -18.426070360897118 ], [ 26.799006480775294, -18.440587869702817 ], [ 26.801591512581812, -18.447922352264264 ], [ 26.800990182505114, -18.454400162275594 ], [ 26.801214873015372, -18.460137792454361 ], [ 26.806113828956466, -18.47059607999174 ] ] ] } },
{ "type": "Feature", "properties": { "fid": 314, "RIV_BND_": 2736, "RIV_BND_ID": 2176, "NAME": null, "IMPORTANT": 0 }, "geometry": { "type": "MultiLineString", "coordinates": [ [ [ 26.795105359714707, -18.358710350621937 ], [ 26.793949462828536, -18.357148478131414 ], [ 26.79407857060022, -18.352949427505148 ], [ 26.797864136094443, -18.347328169689579 ], [ 26.797144232923987, -18.344632708377393 ], [ 26.788699554976169, -18.345151630803485 ], [ 26.781953191095962, -18.342662941646164 ], [ 26.775124410126516, -18.342846218635131 ], [ 26.764462314430233, -18.350176698227244 ], [ 26.758010728248887, -18.351134488001961 ], [ 26.755415274392085, -18.357171678732399 ], [ 26.743878157070331, -18.366767685700797 ], [ 26.743016729033506, -18.368652772063424 ], [ 26.74234260179016, -18.377420571292557 ], [ 26.73917857001366, -18.388789784229161 ], [ 26.739508346696258, -18.391091837458021 ], [ 26.744202718126292, -18.395050197361055 ], [ 26.75541007919395, -18.396142602171093 ], [ 26.758123077688644, -18.399278545210315 ], [ 26.757166789084259, -18.404217438382137 ], [ 26.755078246643919, -18.406830791030785 ], [ 26.755372483817375, -18.410278026179387 ], [ 26.761589526191667, -18.416955077552135 ], [ 26.76230903018379, -18.41965060033889 ], [ 26.767358523895279, -18.425147135759435 ], [ 26.765989231484514, -18.430456099291042 ], [ 26.769469899937462, -18.434760567748334 ], [ 26.76853719439368, -18.438936081687764 ], [ 26.765291959967325, -18.439987455378912 ], [ 26.759663114272534, -18.440204899528645 ], [ 26.756735980678158, -18.443939921368834 ], [ 26.756664692330933, -18.446230228636182 ], [ 26.749689306704703, -18.450992735761155 ], [ 26.744803132189897, -18.453141824478188 ], [ 26.726575718956674, -18.470945040596739 ], [ 26.722761111417846, -18.477327708571583 ], [ 26.722300061828495, -18.479224413749478 ] ] ] } },
{ "type": "Feature", "properties": { "fid": 315, "RIV_BND_": 2741, "RIV_BND_ID": 2926, "NAME": null, "IMPORTANT": 0 }, "geometry": { "type": "MultiLineString", "coordinates": [ [ [ 26.418316101662185, -18.404698012416048 ], [ 26.415433374991682, -18.406900537066015 ], [ 26.415670452638512, -18.411873969304672 ], [ 26.421547524922307, -18.416258496282509 ], [ 26.424241638907521, -18.419780126464733 ], [ 26.424567160990804, -18.422082266411291 ], [ 26.428890850508523, -18.424890375656105 ], [ 26.432888953432546, -18.425396253162781 ], [ 26.434831272294058, -18.427366467636599 ], [ 26.433376690525769, -18.434961553899956 ], [ 26.437186447860736, -18.441191686885691 ], [ 26.445270925350524, -18.451756100204108 ], [ 26.44742681492345, -18.459462948843878 ], [ 26.448930843058065, -18.462565519697232 ], [ 26.448341585419769, -18.468277416391821 ], [ 26.44585909323386, -18.470492701877408 ], [ 26.438549783102513, -18.472940542234905 ], [ 26.427304172351093, -18.47297390007105 ], [ 26.415543819008608, -18.47642859949492 ], [ 26.404272662978464, -18.477223754246523 ], [ 26.401802481921312, -18.479056758454288 ] ] ] } },
{ "type": "Feature", "properties": { "fid": 316, "RIV_BND_": 2756, "RIV_BND_ID": 58, "NAME": null, "IMPORTANT": 0 }, "geometry": { "type": "MultiLineString", "coordinates": [ [ [ 26.640219429068981, -18.357206472121057 ], [ 26.640062122240245, -18.362168400278467 ], [ 26.639090773659969, -18.36748809763677 ], [ 26.640634324505136, -18.36944442390384 ], [ 26.646248593712226, -18.369611904454803 ], [ 26.649103905055497, -18.368168850688576 ], [ 26.65191098643712, -18.368252556285785 ], [ 26.655776461408653, -18.372952280238589 ], [ 26.657139423655053, -18.380633891373908 ], [ 26.6660020855075, -18.392359119871202 ], [ 26.666258585232999, -18.396951413044302 ], [ 26.665921067767361, -18.407638839225186 ], [ 26.668560249147774, -18.413066057624444 ], [ 26.668002371367034, -18.418016149416204 ], [ 26.662510069366817, -18.426639964741842 ], [ 26.650161143847779, -18.436205239158845 ], [ 26.638199848548823, -18.446163259828992 ], [ 26.634419353218419, -18.451398772028824 ], [ 26.634176480261868, -18.45903243393553 ], [ 26.636790923552578, -18.465223383175466 ], [ 26.636171739180885, -18.484689154561963 ], [ 26.637570420127989, -18.491225779403763 ] ] ] } }
]
}
